store_id,item_id,wm_yr_wk,sell_price
CA_1,FOODS_3_030,11101,1.0
CA_1,FOODS_3_030,11102,1.0
CA_1,FOODS_3_030,11103,1.0
CA_1,FOODS_3_030,11104,1.0
CA_1,FOODS_3_030,11105,1.0
CA_1,FOODS_3_030,11106,1.0
CA_1,FOODS_3_030,11107,1.0
CA_1,FOODS_3_030,11108,1.0
CA_1,FOODS_3_030,11109,1.0
CA_1,FOODS_3_030,11110,1.0
CA_1,FOODS_3_030,11111,1.0
CA_1,FOODS_3_030,11112,1.0
CA_1,FOODS_3_030,11113,1.0
CA_1,FOODS_3_030,11114,1.0
CA_1,FOODS_3_030,11115,1.0
CA_1,FOODS_3_030,11116,1.0
CA_1,FOODS_3_030,11117,1.0
CA_1,FOODS_3_030,11118,1.0
CA_1,FOODS_3_030,11119,1.0
CA_1,FOODS_3_030,11120,1.0
CA_1,FOODS_3_030,11121,1.0
CA_1,FOODS_3_030,11122,1.0
CA_1,FOODS_3_030,11123,1.0
CA_1,FOODS_3_030,11124,1.0
CA_1,FOODS_3_030,11125,1.0
CA_1,FOODS_3_030,11126,1.0
CA_1,FOODS_3_030,11127,1.0
CA_1,FOODS_3_030,11128,1.0
CA_1,FOODS_3_030,11129,1.0
CA_1,FOODS_3_030,11130,1.0
CA_1,FOODS_3_030,11131,1.0
CA_1,FOODS_3_030,11132,1.0
CA_1,FOODS_3_030,11133,1.0
CA_1,FOODS_3_030,11134,1.28
CA_1,FOODS_3_030,11135,1.28
CA_1,FOODS_3_030,11136,1.28
CA_1,FOODS_3_030,11137,1.28
CA_1,FOODS_3_030,11138,1.28
CA_1,FOODS_3_030,11139,1.28
CA_1,FOODS_3_030,11140,1.28
CA_1,FOODS_3_030,11141,1.28
CA_1,FOODS_3_030,11142,1.28
CA_1,FOODS_3_030,11143,1.28
CA_1,FOODS_3_030,11144,1.28
CA_1,FOODS_3_030,11145,1.28
CA_1,FOODS_3_030,11146,1.28
CA_1,FOODS_3_030,11147,1.28
CA_1,FOODS_3_030,11148,1.28
CA_1,FOODS_3_030,11149,1.28
CA_1,FOODS_3_030,11150,1.28
CA_1,FOODS_3_030,11151,1.28
CA_1,FOODS_3_030,11152,1.28
CA_1,FOODS_3_030,11201,1.28
CA_1,FOODS_3_030,11202,1.28
CA_1,FOODS_3_030,11203,1.28
CA_1,FOODS_3_030,11204,1.28
CA_1,FOODS_3_030,11205,1.38
CA_1,FOODS_3_030,11206,1.38
CA_1,FOODS_3_030,11207,1.38
CA_1,FOODS_3_030,11208,1.38
CA_1,FOODS_3_030,11209,1.38
CA_1,FOODS_3_030,11210,1.38
CA_1,FOODS_3_030,11211,1.38
CA_1,FOODS_3_030,11212,1.38
CA_1,FOODS_3_030,11213,1.38
CA_1,FOODS_3_030,11214,1.28
CA_1,FOODS_3_030,11215,1.28
CA_1,FOODS_3_030,11216,1.28
CA_1,FOODS_3_030,11217,1.28
CA_1,FOODS_3_030,11218,1.28
CA_1,FOODS_3_030,11219,1.28
CA_1,FOODS_3_030,11220,1.28
CA_1,FOODS_3_030,11221,1.28
CA_1,FOODS_3_030,11222,1.28
CA_1,FOODS_3_030,11223,1.28
CA_1,FOODS_3_030,11224,1.28
CA_1,FOODS_3_030,11225,1.28
CA_1,FOODS_3_030,11226,1.28
CA_1,FOODS_3_030,11227,1.28
CA_1,FOODS_3_030,11228,1.28
CA_1,FOODS_3_030,11229,1.28
CA_1,FOODS_3_030,11230,1.28
CA_1,FOODS_3_030,11231,1.28
CA_1,FOODS_3_030,11232,1.28
CA_1,FOODS_3_030,11233,1.28
CA_1,FOODS_3_030,11234,1.28
CA_1,FOODS_3_030,11235,1.28
CA_1,FOODS_3_030,11236,1.28
CA_1,FOODS_3_030,11237,1.28
CA_1,FOODS_3_030,11238,1.28
CA_1,FOODS_3_030,11239,1.28
CA_1,FOODS_3_030,11240,1.28
CA_1,FOODS_3_030,11241,1.28
CA_1,FOODS_3_030,11242,1.28
CA_1,FOODS_3_030,11243,1.28
CA_1,FOODS_3_030,11244,1.28
CA_1,FOODS_3_030,11245,1.28
CA_1,FOODS_3_030,11246,1.28
CA_1,FOODS_3_030,11247,1.28
CA_1,FOODS_3_030,11248,1.28
CA_1,FOODS_3_030,11249,1.28
CA_1,FOODS_3_030,11250,1.28
CA_1,FOODS_3_030,11251,1.28
CA_1,FOODS_3_030,11252,1.28
CA_1,FOODS_3_030,11301,1.28
CA_1,FOODS_3_030,11302,1.28
CA_1,FOODS_3_030,11303,1.38
CA_1,FOODS_3_030,11304,1.38
CA_1,FOODS_3_030,11305,1.38
CA_1,FOODS_3_030,11306,1.38
CA_1,FOODS_3_030,11307,1.38
CA_1,FOODS_3_030,11308,1.38
CA_1,FOODS_3_030,11309,1.38
CA_1,FOODS_3_030,11310,1.38
CA_1,FOODS_3_030,11311,1.38
CA_1,FOODS_3_030,11312,1.38
CA_1,FOODS_3_030,11313,1.38
CA_1,FOODS_3_030,11314,1.38
CA_1,FOODS_3_030,11315,1.38
CA_1,FOODS_3_030,11316,1.38
CA_1,FOODS_3_030,11317,1.38
CA_1,FOODS_3_030,11318,1.38
CA_1,FOODS_3_030,11319,1.38
CA_1,FOODS_3_030,11320,1.38
CA_1,FOODS_3_030,11321,1.38
CA_1,FOODS_3_030,11322,1.38
CA_1,FOODS_3_030,11323,1.38
CA_1,FOODS_3_030,11324,1.38
CA_1,FOODS_3_030,11325,1.38
CA_1,FOODS_3_030,11326,1.38
CA_1,FOODS_3_030,11327,1.38
CA_1,FOODS_3_030,11328,1.38
CA_1,FOODS_3_030,11329,1.0
CA_1,FOODS_3_030,11330,1.0
CA_1,FOODS_3_030,11331,1.0
CA_1,FOODS_3_030,11332,1.0
CA_1,FOODS_3_030,11333,1.0
CA_1,FOODS_3_030,11334,1.0
CA_1,FOODS_3_030,11335,1.0
CA_1,FOODS_3_030,11336,1.0
CA_1,FOODS_3_030,11337,1.38
CA_1,FOODS_3_030,11338,1.38
CA_1,FOODS_3_030,11339,1.38
CA_1,FOODS_3_030,11340,1.38
CA_1,FOODS_3_030,11341,1.38
CA_1,FOODS_3_030,11342,1.0
CA_1,FOODS_3_030,11343,1.0
CA_1,FOODS_3_030,11344,1.0
CA_1,FOODS_3_030,11345,1.0
CA_1,FOODS_3_030,11346,1.0
CA_1,FOODS_3_030,11347,1.0
CA_1,FOODS_3_030,11348,1.0
CA_1,FOODS_3_030,11349,1.0
CA_1,FOODS_3_030,11350,1.0
CA_1,FOODS_3_030,11351,1.38
CA_1,FOODS_3_030,11352,1.38
CA_1,FOODS_3_030,11353,1.38
CA_1,FOODS_3_030,11401,1.38
CA_1,FOODS_3_030,11402,1.38
CA_1,FOODS_3_030,11403,1.38
CA_1,FOODS_3_030,11404,1.38
CA_1,FOODS_3_030,11405,1.38
CA_1,FOODS_3_030,11406,1.38
CA_1,FOODS_3_030,11407,1.38
CA_1,FOODS_3_030,11408,1.38
CA_1,FOODS_3_030,11409,1.38
CA_1,FOODS_3_030,11410,1.38
CA_1,FOODS_3_030,11411,1.38
CA_1,FOODS_3_030,11412,1.38
CA_1,FOODS_3_030,11413,1.38
CA_1,FOODS_3_030,11414,1.38
CA_1,FOODS_3_030,11415,1.38
CA_1,FOODS_3_030,11416,1.38
CA_1,FOODS_3_030,11417,1.38
CA_1,FOODS_3_030,11418,1.38
CA_1,FOODS_3_030,11419,1.38
CA_1,FOODS_3_030,11420,1.38
CA_1,FOODS_3_030,11421,1.38
CA_1,FOODS_3_030,11422,1.38
CA_1,FOODS_3_030,11423,1.38
CA_1,FOODS_3_030,11424,1.38
CA_1,FOODS_3_030,11425,1.38
CA_1,FOODS_3_030,11426,1.38
CA_1,FOODS_3_030,11427,1.38
CA_1,FOODS_3_030,11428,1.38
CA_1,FOODS_3_030,11429,1.38
CA_1,FOODS_3_030,11430,1.38
CA_1,FOODS_3_030,11431,1.38
CA_1,FOODS_3_030,11432,1.48
CA_1,FOODS_3_030,11433,1.48
CA_1,FOODS_3_030,11434,1.48
CA_1,FOODS_3_030,11435,1.48
CA_1,FOODS_3_030,11436,1.48
CA_1,FOODS_3_030,11437,1.48
CA_1,FOODS_3_030,11438,1.48
CA_1,FOODS_3_030,11439,1.48
CA_1,FOODS_3_030,11440,1.48
CA_1,FOODS_3_030,11441,1.48
CA_1,FOODS_3_030,11442,1.48
CA_1,FOODS_3_030,11443,1.48
CA_1,FOODS_3_030,11444,1.48
CA_1,FOODS_3_030,11445,1.48
CA_1,FOODS_3_030,11446,1.48
CA_1,FOODS_3_030,11447,1.48
CA_1,FOODS_3_030,11448,1.48
CA_1,FOODS_3_030,11449,1.48
CA_1,FOODS_3_030,11450,1.48
CA_1,FOODS_3_030,11451,1.48
CA_1,FOODS_3_030,11452,1.48
CA_1,FOODS_3_030,11501,1.48
CA_1,FOODS_3_030,11502,1.48
CA_1,FOODS_3_030,11503,1.48
CA_1,FOODS_3_030,11504,1.48
CA_1,FOODS_3_030,11505,1.48
CA_1,FOODS_3_030,11506,1.48
CA_1,FOODS_3_030,11507,1.48
CA_1,FOODS_3_030,11508,1.48
CA_1,FOODS_3_030,11509,1.48
CA_1,FOODS_3_030,11510,1.48
CA_1,FOODS_3_030,11511,1.48
CA_1,FOODS_3_030,11512,1.48
CA_1,FOODS_3_030,11513,1.48
CA_1,FOODS_3_030,11514,1.48
CA_1,FOODS_3_030,11515,1.48
CA_1,FOODS_3_030,11516,1.48
CA_1,FOODS_3_030,11517,1.48
CA_1,FOODS_3_030,11518,1.48
CA_1,FOODS_3_030,11519,1.48
CA_1,FOODS_3_030,11520,1.48
CA_1,FOODS_3_030,11521,1.48
CA_1,FOODS_3_030,11522,1.48
CA_1,FOODS_3_030,11523,1.48
CA_1,FOODS_3_030,11524,1.48
CA_1,FOODS_3_030,11525,1.48
CA_1,FOODS_3_030,11526,1.48
CA_1,FOODS_3_030,11527,1.48
CA_1,FOODS_3_030,11528,1.48
CA_1,FOODS_3_030,11529,1.48
CA_1,FOODS_3_030,11530,1.48
CA_1,FOODS_3_030,11531,1.48
CA_1,FOODS_3_030,11532,1.48
CA_1,FOODS_3_030,11533,1.48
CA_1,FOODS_3_030,11534,1.48
CA_1,FOODS_3_030,11535,1.48
CA_1,FOODS_3_030,11536,1.48
CA_1,FOODS_3_030,11537,1.48
CA_1,FOODS_3_030,11538,1.48
CA_1,FOODS_3_030,11539,1.48
CA_1,FOODS_3_030,11540,1.48
CA_1,FOODS_3_030,11541,1.48
CA_1,FOODS_3_030,11542,1.48
CA_1,FOODS_3_030,11543,1.48
CA_1,FOODS_3_030,11544,1.48
CA_1,FOODS_3_030,11545,1.48
CA_1,FOODS_3_030,11546,1.48
CA_1,FOODS_3_030,11547,1.48
CA_1,FOODS_3_030,11548,1.48
CA_1,FOODS_3_030,11549,1.48
CA_1,FOODS_3_030,11550,1.48
CA_1,FOODS_3_030,11551,1.48
CA_1,FOODS_3_030,11552,1.48
CA_1,FOODS_3_030,11601,1.48
CA_1,FOODS_3_030,11602,1.48
CA_1,FOODS_3_030,11603,1.48
CA_1,FOODS_3_030,11604,1.48
CA_1,FOODS_3_030,11605,1.48
CA_1,FOODS_3_030,11606,1.48
CA_1,FOODS_3_030,11607,1.48
CA_1,FOODS_3_030,11608,1.48
CA_1,FOODS_3_030,11609,1.48
CA_1,FOODS_3_030,11610,1.48
CA_1,FOODS_3_030,11611,1.48
CA_1,FOODS_3_030,11612,1.48
CA_1,FOODS_3_030,11613,1.48
CA_1,FOODS_3_030,11614,1.48
CA_1,FOODS_3_030,11615,1.48
CA_1,FOODS_3_030,11616,1.48
CA_1,FOODS_3_030,11617,1.48
CA_1,FOODS_3_030,11618,1.48
CA_1,FOODS_3_030,11619,1.48
CA_1,FOODS_3_030,11620,1.48
CA_1,FOODS_3_030,11621,1.48
CA_1,FOODS_3_064,11118,1.48
CA_1,FOODS_3_064,11119,1.48
CA_1,FOODS_3_064,11120,1.48
CA_1,FOODS_3_064,11121,1.48
CA_1,FOODS_3_064,11122,1.48
CA_1,FOODS_3_064,11123,1.48
CA_1,FOODS_3_064,11124,1.48
CA_1,FOODS_3_064,11125,1.48
CA_1,FOODS_3_064,11126,1.48
CA_1,FOODS_3_064,11127,1.48
CA_1,FOODS_3_064,11128,1.48
CA_1,FOODS_3_064,11129,1.48
CA_1,FOODS_3_064,11130,1.48
CA_1,FOODS_3_064,11131,1.48
CA_1,FOODS_3_064,11132,1.48
CA_1,FOODS_3_064,11133,1.48
CA_1,FOODS_3_064,11134,1.48
CA_1,FOODS_3_064,11135,1.48
CA_1,FOODS_3_064,11136,1.48
CA_1,FOODS_3_064,11137,1.48
CA_1,FOODS_3_064,11138,1.48
CA_1,FOODS_3_064,11139,1.48
CA_1,FOODS_3_064,11140,1.48
CA_1,FOODS_3_064,11141,1.48
CA_1,FOODS_3_064,11142,1.48
CA_1,FOODS_3_064,11143,1.48
CA_1,FOODS_3_064,11144,1.48
CA_1,FOODS_3_064,11145,1.48
CA_1,FOODS_3_064,11146,1.48
CA_1,FOODS_3_064,11147,1.48
CA_1,FOODS_3_064,11148,1.48
CA_1,FOODS_3_064,11149,1.48
CA_1,FOODS_3_064,11150,1.48
CA_1,FOODS_3_064,11151,1.48
CA_1,FOODS_3_064,11152,1.48
CA_1,FOODS_3_064,11201,1.48
CA_1,FOODS_3_064,11202,1.48
CA_1,FOODS_3_064,11203,1.48
CA_1,FOODS_3_064,11204,1.48
CA_1,FOODS_3_064,11205,1.48
CA_1,FOODS_3_064,11206,1.48
CA_1,FOODS_3_064,11207,1.48
CA_1,FOODS_3_064,11208,1.48
CA_1,FOODS_3_064,11209,1.0
CA_1,FOODS_3_064,11210,1.0
CA_1,FOODS_3_064,11211,1.0
CA_1,FOODS_3_064,11212,1.0
CA_1,FOODS_3_064,11213,1.0
CA_1,FOODS_3_064,11214,1.0
CA_1,FOODS_3_064,11215,1.0
CA_1,FOODS_3_064,11216,1.0
CA_1,FOODS_3_064,11217,1.0
CA_1,FOODS_3_064,11218,1.0
CA_1,FOODS_3_064,11219,1.0
CA_1,FOODS_3_064,11220,1.0
CA_1,FOODS_3_064,11221,1.0
CA_1,FOODS_3_064,11222,1.0
CA_1,FOODS_3_064,11223,1.0
CA_1,FOODS_3_064,11224,1.0
CA_1,FOODS_3_064,11225,1.0
CA_1,FOODS_3_064,11226,1.0
CA_1,FOODS_3_064,11227,1.0
CA_1,FOODS_3_064,11228,1.0
CA_1,FOODS_3_064,11229,1.0
CA_1,FOODS_3_064,11230,1.0
CA_1,FOODS_3_064,11231,1.0
CA_1,FOODS_3_064,11232,1.0
CA_1,FOODS_3_064,11233,1.0
CA_1,FOODS_3_064,11234,1.0
CA_1,FOODS_3_064,11235,1.0
CA_1,FOODS_3_064,11236,1.0
CA_1,FOODS_3_064,11237,1.0
CA_1,FOODS_3_064,11238,1.0
CA_1,FOODS_3_064,11239,1.0
CA_1,FOODS_3_064,11240,1.0
CA_1,FOODS_3_064,11241,1.0
CA_1,FOODS_3_064,11242,1.0
CA_1,FOODS_3_064,11243,1.0
CA_1,FOODS_3_064,11244,1.0
CA_1,FOODS_3_064,11245,1.0
CA_1,FOODS_3_064,11246,1.0
CA_1,FOODS_3_064,11247,1.0
CA_1,FOODS_3_064,11248,1.0
CA_1,FOODS_3_064,11249,1.0
CA_1,FOODS_3_064,11250,1.0
CA_1,FOODS_3_064,11251,1.0
CA_1,FOODS_3_064,11252,1.0
CA_1,FOODS_3_064,11301,1.0
CA_1,FOODS_3_064,11302,1.0
CA_1,FOODS_3_064,11303,1.0
CA_1,FOODS_3_064,11304,1.0
CA_1,FOODS_3_064,11305,1.0
CA_1,FOODS_3_064,11306,1.0
CA_1,FOODS_3_064,11307,1.0
CA_1,FOODS_3_064,11308,1.0
CA_1,FOODS_3_064,11309,1.0
CA_1,FOODS_3_064,11310,1.0
CA_1,FOODS_3_064,11311,1.0
CA_1,FOODS_3_064,11312,1.0
CA_1,FOODS_3_064,11313,1.0
CA_1,FOODS_3_064,11314,1.0
CA_1,FOODS_3_064,11315,1.0
CA_1,FOODS_3_064,11316,1.0
CA_1,FOODS_3_064,11317,1.0
CA_1,FOODS_3_064,11318,1.0
CA_1,FOODS_3_064,11319,1.0
CA_1,FOODS_3_064,11320,1.0
CA_1,FOODS_3_064,11321,1.0
CA_1,FOODS_3_064,11322,1.0
CA_1,FOODS_3_064,11323,1.0
CA_1,FOODS_3_064,11324,1.0
CA_1,FOODS_3_064,11325,1.0
CA_1,FOODS_3_064,11326,1.0
CA_1,FOODS_3_064,11327,1.0
CA_1,FOODS_3_064,11328,1.0
CA_1,FOODS_3_064,11329,1.0
CA_1,FOODS_3_064,11330,1.0
CA_1,FOODS_3_064,11331,1.0
CA_1,FOODS_3_064,11332,1.0
CA_1,FOODS_3_064,11333,1.0
CA_1,FOODS_3_064,11334,1.0
CA_1,FOODS_3_064,11335,1.0
CA_1,FOODS_3_064,11336,1.0
CA_1,FOODS_3_064,11337,1.0
CA_1,FOODS_3_064,11338,1.0
CA_1,FOODS_3_064,11339,1.0
CA_1,FOODS_3_064,11340,1.0
CA_1,FOODS_3_064,11341,1.0
CA_1,FOODS_3_064,11342,1.0
CA_1,FOODS_3_064,11343,1.0
CA_1,FOODS_3_064,11344,1.0
CA_1,FOODS_3_064,11345,1.0
CA_1,FOODS_3_064,11346,1.0
CA_1,FOODS_3_064,11347,1.0
CA_1,FOODS_3_064,11348,1.0
CA_1,FOODS_3_064,11349,1.0
CA_1,FOODS_3_064,11350,1.0
CA_1,FOODS_3_064,11351,1.0
CA_1,FOODS_3_064,11352,1.0
CA_1,FOODS_3_064,11353,1.0
CA_1,FOODS_3_064,11401,1.0
CA_1,FOODS_3_064,11402,1.0
CA_1,FOODS_3_064,11403,1.0
CA_1,FOODS_3_064,11404,1.0
CA_1,FOODS_3_064,11405,1.0
CA_1,FOODS_3_064,11406,1.0
CA_1,FOODS_3_064,11407,1.0
CA_1,FOODS_3_064,11408,1.0
CA_1,FOODS_3_064,11409,1.0
CA_1,FOODS_3_064,11410,1.0
CA_1,FOODS_3_064,11411,1.0
CA_1,FOODS_3_064,11412,1.0
CA_1,FOODS_3_064,11413,1.0
CA_1,FOODS_3_064,11414,1.0
CA_1,FOODS_3_064,11415,1.0
CA_1,FOODS_3_064,11416,1.0
CA_1,FOODS_3_064,11417,1.08
CA_1,FOODS_3_064,11418,1.08
CA_1,FOODS_3_064,11419,1.08
CA_1,FOODS_3_064,11420,1.08
CA_1,FOODS_3_064,11421,1.08
CA_1,FOODS_3_064,11422,1.08
CA_1,FOODS_3_064,11423,1.08
CA_1,FOODS_3_064,11424,1.08
CA_1,FOODS_3_064,11425,1.08
CA_1,FOODS_3_064,11426,1.08
CA_1,FOODS_3_064,11427,1.08
CA_1,FOODS_3_064,11428,1.08
CA_1,FOODS_3_064,11429,1.08
CA_1,FOODS_3_064,11430,1.08
CA_1,FOODS_3_064,11431,1.08
CA_1,FOODS_3_064,11432,1.08
CA_1,FOODS_3_064,11433,1.08
CA_1,FOODS_3_064,11434,1.08
CA_1,FOODS_3_064,11435,1.08
CA_1,FOODS_3_064,11436,1.08
CA_1,FOODS_3_064,11437,1.08
CA_1,FOODS_3_064,11438,1.08
CA_1,FOODS_3_064,11439,1.08
CA_1,FOODS_3_064,11440,1.08
CA_1,FOODS_3_064,11441,1.08
CA_1,FOODS_3_064,11442,1.08
CA_1,FOODS_3_064,11443,1.08
CA_1,FOODS_3_064,11444,1.08
CA_1,FOODS_3_064,11445,1.08
CA_1,FOODS_3_064,11446,1.08
CA_1,FOODS_3_064,11447,1.08
CA_1,FOODS_3_064,11448,1.08
CA_1,FOODS_3_064,11449,1.08
CA_1,FOODS_3_064,11450,1.08
CA_1,FOODS_3_064,11451,1.08
CA_1,FOODS_3_064,11452,1.08
CA_1,FOODS_3_064,11501,1.08
CA_1,FOODS_3_064,11502,1.18
CA_1,FOODS_3_064,11503,1.18
CA_1,FOODS_3_064,11504,1.18
CA_1,FOODS_3_064,11505,1.18
CA_1,FOODS_3_064,11506,1.18
CA_1,FOODS_3_064,11507,1.18
CA_1,FOODS_3_064,11508,1.18
CA_1,FOODS_3_064,11509,1.18
CA_1,FOODS_3_064,11510,1.18
CA_1,FOODS_3_064,11511,1.18
CA_1,FOODS_3_064,11512,1.18
CA_1,FOODS_3_064,11513,1.18
CA_1,FOODS_3_064,11514,1.18
CA_1,FOODS_3_064,11515,1.18
CA_1,FOODS_3_064,11516,1.18
CA_1,FOODS_3_064,11517,1.18
CA_1,FOODS_3_064,11518,1.18
CA_1,FOODS_3_064,11519,1.18
CA_1,FOODS_3_064,11520,1.18
CA_1,FOODS_3_064,11521,1.18
CA_1,FOODS_3_064,11522,1.18
CA_1,FOODS_3_064,11523,1.18
CA_1,FOODS_3_064,11524,1.18
CA_1,FOODS_3_064,11525,1.18
CA_1,FOODS_3_064,11526,1.18
CA_1,FOODS_3_064,11527,1.18
CA_1,FOODS_3_064,11528,1.18
CA_1,FOODS_3_064,11529,1.18
CA_1,FOODS_3_064,11530,1.18
CA_1,FOODS_3_064,11531,1.18
CA_1,FOODS_3_064,11532,1.18
CA_1,FOODS_3_064,11533,1.18
CA_1,FOODS_3_064,11534,1.18
CA_1,FOODS_3_064,11535,1.18
CA_1,FOODS_3_064,11536,1.18
CA_1,FOODS_3_064,11537,1.18
CA_1,FOODS_3_064,11538,1.18
CA_1,FOODS_3_064,11539,1.18
CA_1,FOODS_3_064,11540,1.18
CA_1,FOODS_3_064,11541,1.18
CA_1,FOODS_3_064,11542,1.18
CA_1,FOODS_3_064,11543,1.18
CA_1,FOODS_3_064,11544,1.18
CA_1,FOODS_3_064,11545,1.18
CA_1,FOODS_3_064,11546,1.18
CA_1,FOODS_3_064,11547,1.18
CA_1,FOODS_3_064,11548,1.18
CA_1,FOODS_3_064,11549,1.18
CA_1,FOODS_3_064,11550,1.18
CA_1,FOODS_3_064,11551,1.18
CA_1,FOODS_3_064,11552,1.18
CA_1,FOODS_3_064,11601,1.18
CA_1,FOODS_3_064,11602,1.18
CA_1,FOODS_3_064,11603,1.18
CA_1,FOODS_3_064,11604,1.18
CA_1,FOODS_3_064,11605,1.18
CA_1,FOODS_3_064,11606,1.18
CA_1,FOODS_3_064,11607,1.18
CA_1,FOODS_3_064,11608,1.18
CA_1,FOODS_3_064,11609,1.18
CA_1,FOODS_3_064,11610,1.18
CA_1,FOODS_3_064,11611,1.18
CA_1,FOODS_3_064,11612,1.18
CA_1,FOODS_3_064,11613,1.18
CA_1,FOODS_3_064,11614,1.18
CA_1,FOODS_3_064,11615,1.18
CA_1,FOODS_3_064,11616,1.18
CA_1,FOODS_3_064,11617,1.18
CA_1,FOODS_3_064,11618,1.18
CA_1,FOODS_3_064,11619,1.18
CA_1,FOODS_3_064,11620,1.18
CA_1,FOODS_3_064,11621,1.18
CA_1,FOODS_3_080,11101,1.48
CA_1,FOODS_3_080,11102,1.48
CA_1,FOODS_3_080,11103,1.48
CA_1,FOODS_3_080,11104,1.48
CA_1,FOODS_3_080,11105,1.48
CA_1,FOODS_3_080,11106,1.48
CA_1,FOODS_3_080,11107,1.48
CA_1,FOODS_3_080,11108,1.48
CA_1,FOODS_3_080,11109,1.48
CA_1,FOODS_3_080,11110,1.48
CA_1,FOODS_3_080,11111,1.48
CA_1,FOODS_3_080,11112,1.48
CA_1,FOODS_3_080,11113,1.48
CA_1,FOODS_3_080,11114,1.48
CA_1,FOODS_3_080,11115,1.48
CA_1,FOODS_3_080,11116,1.48
CA_1,FOODS_3_080,11117,1.48
CA_1,FOODS_3_080,11118,1.48
CA_1,FOODS_3_080,11119,1.48
CA_1,FOODS_3_080,11120,1.48
CA_1,FOODS_3_080,11121,1.48
CA_1,FOODS_3_080,11122,1.48
CA_1,FOODS_3_080,11123,1.48
CA_1,FOODS_3_080,11124,1.48
CA_1,FOODS_3_080,11125,1.48
CA_1,FOODS_3_080,11126,1.48
CA_1,FOODS_3_080,11127,1.48
CA_1,FOODS_3_080,11128,1.48
CA_1,FOODS_3_080,11129,1.48
CA_1,FOODS_3_080,11130,1.48
CA_1,FOODS_3_080,11131,1.48
CA_1,FOODS_3_080,11132,1.48
CA_1,FOODS_3_080,11133,1.48
CA_1,FOODS_3_080,11134,1.48
CA_1,FOODS_3_080,11135,1.48
CA_1,FOODS_3_080,11136,1.48
CA_1,FOODS_3_080,11137,1.48
CA_1,FOODS_3_080,11138,1.48
CA_1,FOODS_3_080,11139,1.48
CA_1,FOODS_3_080,11140,1.48
CA_1,FOODS_3_080,11141,1.48
CA_1,FOODS_3_080,11142,1.48
CA_1,FOODS_3_080,11143,1.48
CA_1,FOODS_3_080,11144,1.48
CA_1,FOODS_3_080,11145,1.48
CA_1,FOODS_3_080,11146,1.48
CA_1,FOODS_3_080,11147,1.48
CA_1,FOODS_3_080,11148,1.48
CA_1,FOODS_3_080,11149,1.48
CA_1,FOODS_3_080,11150,1.48
CA_1,FOODS_3_080,11151,1.48
CA_1,FOODS_3_080,11152,1.48
CA_1,FOODS_3_080,11201,1.48
CA_1,FOODS_3_080,11202,1.48
CA_1,FOODS_3_080,11203,1.48
CA_1,FOODS_3_080,11204,1.58
CA_1,FOODS_3_080,11205,1.58
CA_1,FOODS_3_080,11206,1.58
CA_1,FOODS_3_080,11207,1.58
CA_1,FOODS_3_080,11208,1.58
CA_1,FOODS_3_080,11209,1.58
CA_1,FOODS_3_080,11210,1.58
CA_1,FOODS_3_080,11211,1.58
CA_1,FOODS_3_080,11212,1.58
CA_1,FOODS_3_080,11213,1.58
CA_1,FOODS_3_080,11214,1.58
CA_1,FOODS_3_080,11215,1.58
CA_1,FOODS_3_080,11216,1.58
CA_1,FOODS_3_080,11217,1.58
CA_1,FOODS_3_080,11218,1.58
CA_1,FOODS_3_080,11219,1.58
CA_1,FOODS_3_080,11220,1.58
CA_1,FOODS_3_080,11221,1.58
CA_1,FOODS_3_080,11222,1.58
CA_1,FOODS_3_080,11223,1.58
CA_1,FOODS_3_080,11224,1.58
CA_1,FOODS_3_080,11225,1.58
CA_1,FOODS_3_080,11226,1.58
CA_1,FOODS_3_080,11227,1.58
CA_1,FOODS_3_080,11228,1.58
CA_1,FOODS_3_080,11229,1.58
CA_1,FOODS_3_080,11230,1.58
CA_1,FOODS_3_080,11231,1.58
CA_1,FOODS_3_080,11232,1.58
CA_1,FOODS_3_080,11233,1.58
CA_1,FOODS_3_080,11234,1.58
CA_1,FOODS_3_080,11235,1.58
CA_1,FOODS_3_080,11236,1.58
CA_1,FOODS_3_080,11237,1.58
CA_1,FOODS_3_080,11238,1.58
CA_1,FOODS_3_080,11239,1.58
CA_1,FOODS_3_080,11240,1.58
CA_1,FOODS_3_080,11241,1.58
CA_1,FOODS_3_080,11242,1.58
CA_1,FOODS_3_080,11243,1.58
CA_1,FOODS_3_080,11244,1.58
CA_1,FOODS_3_080,11245,1.58
CA_1,FOODS_3_080,11246,1.58
CA_1,FOODS_3_080,11247,1.58
CA_1,FOODS_3_080,11248,1.58
CA_1,FOODS_3_080,11249,1.58
CA_1,FOODS_3_080,11250,1.58
CA_1,FOODS_3_080,11251,1.58
CA_1,FOODS_3_080,11252,1.58
CA_1,FOODS_3_080,11301,1.58
CA_1,FOODS_3_080,11302,1.58
CA_1,FOODS_3_080,11303,1.58
CA_1,FOODS_3_080,11304,1.58
CA_1,FOODS_3_080,11305,1.58
CA_1,FOODS_3_080,11306,1.58
CA_1,FOODS_3_080,11307,1.58
CA_1,FOODS_3_080,11308,1.58
CA_1,FOODS_3_080,11309,1.58
CA_1,FOODS_3_080,11310,1.58
CA_1,FOODS_3_080,11311,1.58
CA_1,FOODS_3_080,11312,1.58
CA_1,FOODS_3_080,11313,1.58
CA_1,FOODS_3_080,11314,1.58
CA_1,FOODS_3_080,11315,1.58
CA_1,FOODS_3_080,11316,1.58
CA_1,FOODS_3_080,11317,1.58
CA_1,FOODS_3_080,11318,1.58
CA_1,FOODS_3_080,11319,1.58
CA_1,FOODS_3_080,11320,1.58
CA_1,FOODS_3_080,11321,1.58
CA_1,FOODS_3_080,11322,1.58
CA_1,FOODS_3_080,11323,1.58
CA_1,FOODS_3_080,11324,1.58
CA_1,FOODS_3_080,11325,1.58
CA_1,FOODS_3_080,11326,1.58
CA_1,FOODS_3_080,11327,1.58
CA_1,FOODS_3_080,11328,1.58
CA_1,FOODS_3_080,11329,1.58
CA_1,FOODS_3_080,11330,1.58
CA_1,FOODS_3_080,11331,1.58
CA_1,FOODS_3_080,11332,1.58
CA_1,FOODS_3_080,11333,1.58
CA_1,FOODS_3_080,11334,1.58
CA_1,FOODS_3_080,11335,1.58
CA_1,FOODS_3_080,11336,1.58
CA_1,FOODS_3_080,11337,1.58
CA_1,FOODS_3_080,11338,1.58
CA_1,FOODS_3_080,11339,1.58
CA_1,FOODS_3_080,11340,1.58
CA_1,FOODS_3_080,11341,1.58
CA_1,FOODS_3_080,11342,1.58
CA_1,FOODS_3_080,11343,1.58
CA_1,FOODS_3_080,11344,1.58
CA_1,FOODS_3_080,11345,1.58
CA_1,FOODS_3_080,11346,1.58
CA_1,FOODS_3_080,11347,1.58
CA_1,FOODS_3_080,11348,1.58
CA_1,FOODS_3_080,11349,1.58
CA_1,FOODS_3_080,11350,1.58
CA_1,FOODS_3_080,11351,1.58
CA_1,FOODS_3_080,11352,1.58
CA_1,FOODS_3_080,11353,1.58
CA_1,FOODS_3_080,11401,1.58
CA_1,FOODS_3_080,11402,1.58
CA_1,FOODS_3_080,11403,1.58
CA_1,FOODS_3_080,11404,1.58
CA_1,FOODS_3_080,11405,1.58
CA_1,FOODS_3_080,11406,1.58
CA_1,FOODS_3_080,11407,1.58
CA_1,FOODS_3_080,11408,1.58
CA_1,FOODS_3_080,11409,1.58
CA_1,FOODS_3_080,11410,1.58
CA_1,FOODS_3_080,11411,1.58
CA_1,FOODS_3_080,11412,1.58
CA_1,FOODS_3_080,11413,1.58
CA_1,FOODS_3_080,11414,1.58
CA_1,FOODS_3_080,11415,1.58
CA_1,FOODS_3_080,11416,1.58
CA_1,FOODS_3_080,11417,1.58
CA_1,FOODS_3_080,11418,1.58
CA_1,FOODS_3_080,11419,1.58
CA_1,FOODS_3_080,11420,1.58
CA_1,FOODS_3_080,11421,1.58
CA_1,FOODS_3_080,11422,1.58
CA_1,FOODS_3_080,11423,1.58
CA_1,FOODS_3_080,11424,1.58
CA_1,FOODS_3_080,11425,1.58
CA_1,FOODS_3_080,11426,1.68
CA_1,FOODS_3_080,11427,1.68
CA_1,FOODS_3_080,11428,1.68
CA_1,FOODS_3_080,11429,1.68
CA_1,FOODS_3_080,11430,1.68
CA_1,FOODS_3_080,11431,1.68
CA_1,FOODS_3_080,11432,1.68
CA_1,FOODS_3_080,11433,1.68
CA_1,FOODS_3_080,11434,1.68
CA_1,FOODS_3_080,11435,1.68
CA_1,FOODS_3_080,11436,1.68
CA_1,FOODS_3_080,11437,1.68
CA_1,FOODS_3_080,11438,1.68
CA_1,FOODS_3_080,11439,1.68
CA_1,FOODS_3_080,11440,1.68
CA_1,FOODS_3_080,11441,1.68
CA_1,FOODS_3_080,11442,1.68
CA_1,FOODS_3_080,11443,1.68
CA_1,FOODS_3_080,11444,1.68
CA_1,FOODS_3_080,11445,1.68
CA_1,FOODS_3_080,11446,1.68
CA_1,FOODS_3_080,11447,1.68
CA_1,FOODS_3_080,11448,1.68
CA_1,FOODS_3_080,11449,1.68
CA_1,FOODS_3_080,11450,1.68
CA_1,FOODS_3_080,11451,1.68
CA_1,FOODS_3_080,11452,1.68
CA_1,FOODS_3_080,11501,1.68
CA_1,FOODS_3_080,11502,1.68
CA_1,FOODS_3_080,11503,1.68
CA_1,FOODS_3_080,11504,1.68
CA_1,FOODS_3_080,11505,1.68
CA_1,FOODS_3_080,11506,1.68
CA_1,FOODS_3_080,11507,1.68
CA_1,FOODS_3_080,11508,1.68
CA_1,FOODS_3_080,11509,1.68
CA_1,FOODS_3_080,11510,1.68
CA_1,FOODS_3_080,11511,1.68
CA_1,FOODS_3_080,11512,1.68
CA_1,FOODS_3_080,11513,1.68
CA_1,FOODS_3_080,11514,1.68
CA_1,FOODS_3_080,11515,1.68
CA_1,FOODS_3_080,11516,1.68
CA_1,FOODS_3_080,11517,1.68
CA_1,FOODS_3_080,11518,1.68
CA_1,FOODS_3_080,11519,1.68
CA_1,FOODS_3_080,11520,1.68
CA_1,FOODS_3_080,11521,1.68
CA_1,FOODS_3_080,11522,1.68
CA_1,FOODS_3_080,11523,1.68
CA_1,FOODS_3_080,11524,1.68
CA_1,FOODS_3_080,11525,1.68
CA_1,FOODS_3_080,11526,1.68
CA_1,FOODS_3_080,11527,1.68
CA_1,FOODS_3_080,11528,1.68
CA_1,FOODS_3_080,11529,1.68
CA_1,FOODS_3_080,11530,1.68
CA_1,FOODS_3_080,11531,1.68
CA_1,FOODS_3_080,11532,1.68
CA_1,FOODS_3_080,11533,1.68
CA_1,FOODS_3_080,11534,1.68
CA_1,FOODS_3_080,11535,1.68
CA_1,FOODS_3_080,11536,1.68
CA_1,FOODS_3_080,11537,1.68
CA_1,FOODS_3_080,11538,1.68
CA_1,FOODS_3_080,11539,1.68
CA_1,FOODS_3_080,11540,1.68
CA_1,FOODS_3_080,11541,1.68
CA_1,FOODS_3_080,11542,1.68
CA_1,FOODS_3_080,11543,1.68
CA_1,FOODS_3_080,11544,1.68
CA_1,FOODS_3_080,11545,1.68
CA_1,FOODS_3_080,11546,1.68
CA_1,FOODS_3_080,11547,1.68
CA_1,FOODS_3_080,11548,1.68
CA_1,FOODS_3_080,11549,1.68
CA_1,FOODS_3_080,11550,1.68
CA_1,FOODS_3_080,11551,1.68
CA_1,FOODS_3_080,11552,1.68
CA_1,FOODS_3_080,11601,1.68
CA_1,FOODS_3_080,11602,1.68
CA_1,FOODS_3_080,11603,1.68
CA_1,FOODS_3_080,11604,1.68
CA_1,FOODS_3_080,11605,1.68
CA_1,FOODS_3_080,11606,1.68
CA_1,FOODS_3_080,11607,1.68
CA_1,FOODS_3_080,11608,1.68
CA_1,FOODS_3_080,11609,1.68
CA_1,FOODS_3_080,11610,1.68
CA_1,FOODS_3_080,11611,1.68
CA_1,FOODS_3_080,11612,1.68
CA_1,FOODS_3_080,11613,1.68
CA_1,FOODS_3_080,11614,1.68
CA_1,FOODS_3_080,11615,1.68
CA_1,FOODS_3_080,11616,1.68
CA_1,FOODS_3_080,11617,1.68
CA_1,FOODS_3_080,11618,1.68
CA_1,FOODS_3_080,11619,1.68
CA_1,FOODS_3_080,11620,1.68
CA_1,FOODS_3_080,11621,1.68
CA_1,FOODS_3_086,11101,1.25
CA_1,FOODS_3_086,11102,1.25
CA_1,FOODS_3_086,11103,1.25
CA_1,FOODS_3_086,11104,1.25
CA_1,FOODS_3_086,11105,1.25
CA_1,FOODS_3_086,11106,1.25
CA_1,FOODS_3_086,11107,1.25
CA_1,FOODS_3_086,11108,1.25
CA_1,FOODS_3_086,11109,1.25
CA_1,FOODS_3_086,11110,1.25
CA_1,FOODS_3_086,11111,1.25
CA_1,FOODS_3_086,11112,1.25
CA_1,FOODS_3_086,11113,1.25
CA_1,FOODS_3_086,11114,1.25
CA_1,FOODS_3_086,11115,1.25
CA_1,FOODS_3_086,11116,1.25
CA_1,FOODS_3_086,11117,1.25
CA_1,FOODS_3_086,11118,1.25
CA_1,FOODS_3_086,11119,1.25
CA_1,FOODS_3_086,11120,1.25
CA_1,FOODS_3_086,11121,1.25
CA_1,FOODS_3_086,11122,1.25
CA_1,FOODS_3_086,11123,1.25
CA_1,FOODS_3_086,11124,1.25
CA_1,FOODS_3_086,11125,1.25
CA_1,FOODS_3_086,11126,1.25
CA_1,FOODS_3_086,11127,1.25
CA_1,FOODS_3_086,11128,1.25
CA_1,FOODS_3_086,11129,1.25
CA_1,FOODS_3_086,11130,1.25
CA_1,FOODS_3_086,11131,1.25
CA_1,FOODS_3_086,11132,1.25
CA_1,FOODS_3_086,11133,1.25
CA_1,FOODS_3_086,11134,1.25
CA_1,FOODS_3_086,11135,1.25
CA_1,FOODS_3_086,11136,1.25
CA_1,FOODS_3_086,11137,1.25
CA_1,FOODS_3_086,11138,1.25
CA_1,FOODS_3_086,11139,1.28
CA_1,FOODS_3_086,11140,1.28
CA_1,FOODS_3_086,11141,1.28
CA_1,FOODS_3_086,11142,1.28
CA_1,FOODS_3_086,11143,1.28
CA_1,FOODS_3_086,11144,1.28
CA_1,FOODS_3_086,11145,1.28
CA_1,FOODS_3_086,11146,1.28
CA_1,FOODS_3_086,11147,1.28
CA_1,FOODS_3_086,11148,1.28
CA_1,FOODS_3_086,11149,1.28
CA_1,FOODS_3_086,11150,1.28
CA_1,FOODS_3_086,11151,1.28
CA_1,FOODS_3_086,11152,1.28
CA_1,FOODS_3_086,11201,1.28
CA_1,FOODS_3_086,11202,1.28
CA_1,FOODS_3_086,11203,1.28
CA_1,FOODS_3_086,11204,1.44
CA_1,FOODS_3_086,11205,1.44
CA_1,FOODS_3_086,11206,1.44
CA_1,FOODS_3_086,11207,1.44
CA_1,FOODS_3_086,11208,1.44
CA_1,FOODS_3_086,11209,1.48
CA_1,FOODS_3_086,11210,1.0
CA_1,FOODS_3_086,11211,1.0
CA_1,FOODS_3_086,11212,1.0
CA_1,FOODS_3_086,11213,1.0
CA_1,FOODS_3_086,11214,1.0
CA_1,FOODS_3_086,11215,1.0
CA_1,FOODS_3_086,11216,1.0
CA_1,FOODS_3_086,11217,1.0
CA_1,FOODS_3_086,11218,1.0
CA_1,FOODS_3_086,11219,1.0
CA_1,FOODS_3_086,11220,1.0
CA_1,FOODS_3_086,11221,1.0
CA_1,FOODS_3_086,11222,1.0
CA_1,FOODS_3_086,11223,1.0
CA_1,FOODS_3_086,11224,1.0
CA_1,FOODS_3_086,11225,1.0
CA_1,FOODS_3_086,11226,1.0
CA_1,FOODS_3_086,11227,1.0
CA_1,FOODS_3_086,11228,1.0
CA_1,FOODS_3_086,11229,1.0
CA_1,FOODS_3_086,11230,1.0
CA_1,FOODS_3_086,11231,1.0
CA_1,FOODS_3_086,11232,1.0
CA_1,FOODS_3_086,11233,1.0
CA_1,FOODS_3_086,11234,1.0
CA_1,FOODS_3_086,11235,1.0
CA_1,FOODS_3_086,11236,1.25
CA_1,FOODS_3_086,11237,1.25
CA_1,FOODS_3_086,11238,1.25
CA_1,FOODS_3_086,11239,1.25
CA_1,FOODS_3_086,11240,1.25
CA_1,FOODS_3_086,11241,1.25
CA_1,FOODS_3_086,11242,1.25
CA_1,FOODS_3_086,11243,1.25
CA_1,FOODS_3_086,11244,1.25
CA_1,FOODS_3_086,11245,1.25
CA_1,FOODS_3_086,11246,1.25
CA_1,FOODS_3_086,11247,1.25
CA_1,FOODS_3_086,11248,1.25
CA_1,FOODS_3_086,11249,1.25
CA_1,FOODS_3_086,11250,1.25
CA_1,FOODS_3_086,11251,1.25
CA_1,FOODS_3_086,11252,1.25
CA_1,FOODS_3_086,11301,1.25
CA_1,FOODS_3_086,11302,1.25
CA_1,FOODS_3_086,11303,1.25
CA_1,FOODS_3_086,11304,1.25
CA_1,FOODS_3_086,11305,1.25
CA_1,FOODS_3_086,11306,1.25
CA_1,FOODS_3_086,11307,1.25
CA_1,FOODS_3_086,11308,1.0
CA_1,FOODS_3_086,11309,1.0
CA_1,FOODS_3_086,11310,1.0
CA_1,FOODS_3_086,11311,1.0
CA_1,FOODS_3_086,11312,1.0
CA_1,FOODS_3_086,11313,1.0
CA_1,FOODS_3_086,11314,1.0
CA_1,FOODS_3_086,11315,1.0
CA_1,FOODS_3_086,11316,1.0
CA_1,FOODS_3_086,11317,1.0
CA_1,FOODS_3_086,11318,1.0
CA_1,FOODS_3_086,11319,1.0
CA_1,FOODS_3_086,11320,1.0
CA_1,FOODS_3_086,11321,1.0
CA_1,FOODS_3_086,11322,1.0
CA_1,FOODS_3_086,11323,1.0
CA_1,FOODS_3_086,11324,1.0
CA_1,FOODS_3_086,11325,1.0
CA_1,FOODS_3_086,11326,1.0
CA_1,FOODS_3_086,11327,1.0
CA_1,FOODS_3_086,11328,1.0
CA_1,FOODS_3_086,11329,1.0
CA_1,FOODS_3_086,11330,1.0
CA_1,FOODS_3_086,11331,1.0
CA_1,FOODS_3_086,11332,1.0
CA_1,FOODS_3_086,11333,1.0
CA_1,FOODS_3_086,11334,1.0
CA_1,FOODS_3_086,11335,1.0
CA_1,FOODS_3_086,11336,1.0
CA_1,FOODS_3_086,11337,1.0
CA_1,FOODS_3_086,11338,1.0
CA_1,FOODS_3_086,11339,1.0
CA_1,FOODS_3_086,11340,1.0
CA_1,FOODS_3_086,11341,1.0
CA_1,FOODS_3_086,11342,1.0
CA_1,FOODS_3_086,11343,1.0
CA_1,FOODS_3_086,11344,1.0
CA_1,FOODS_3_086,11345,1.0
CA_1,FOODS_3_086,11346,1.0
CA_1,FOODS_3_086,11347,1.0
CA_1,FOODS_3_086,11348,1.0
CA_1,FOODS_3_086,11349,1.25
CA_1,FOODS_3_086,11350,1.25
CA_1,FOODS_3_086,11351,1.25
CA_1,FOODS_3_086,11352,1.25
CA_1,FOODS_3_086,11353,1.25
CA_1,FOODS_3_086,11401,1.25
CA_1,FOODS_3_086,11402,1.25
CA_1,FOODS_3_086,11403,1.25
CA_1,FOODS_3_086,11404,1.25
CA_1,FOODS_3_086,11405,1.25
CA_1,FOODS_3_086,11406,1.0
CA_1,FOODS_3_086,11407,1.0
CA_1,FOODS_3_086,11408,1.0
CA_1,FOODS_3_086,11409,1.0
CA_1,FOODS_3_086,11410,1.0
CA_1,FOODS_3_086,11411,1.0
CA_1,FOODS_3_086,11412,1.0
CA_1,FOODS_3_086,11413,1.0
CA_1,FOODS_3_086,11414,1.0
CA_1,FOODS_3_086,11415,1.0
CA_1,FOODS_3_086,11416,1.0
CA_1,FOODS_3_086,11417,1.0
CA_1,FOODS_3_086,11418,1.0
CA_1,FOODS_3_086,11419,1.0
CA_1,FOODS_3_086,11420,1.0
CA_1,FOODS_3_086,11421,1.0
CA_1,FOODS_3_086,11422,1.0
CA_1,FOODS_3_086,11423,1.0
CA_1,FOODS_3_086,11424,1.0
CA_1,FOODS_3_086,11425,1.0
CA_1,FOODS_3_086,11426,1.0
CA_1,FOODS_3_086,11427,1.0
CA_1,FOODS_3_086,11428,1.0
CA_1,FOODS_3_086,11429,1.0
CA_1,FOODS_3_086,11430,1.0
CA_1,FOODS_3_086,11431,1.0
CA_1,FOODS_3_086,11432,1.0
CA_1,FOODS_3_086,11433,1.0
CA_1,FOODS_3_086,11434,1.0
CA_1,FOODS_3_086,11435,1.0
CA_1,FOODS_3_086,11436,1.0
CA_1,FOODS_3_086,11437,1.0
CA_1,FOODS_3_086,11438,1.0
CA_1,FOODS_3_086,11439,1.0
CA_1,FOODS_3_086,11440,1.0
CA_1,FOODS_3_086,11441,1.0
CA_1,FOODS_3_086,11442,1.0
CA_1,FOODS_3_086,11443,1.0
CA_1,FOODS_3_086,11444,1.0
CA_1,FOODS_3_086,11445,1.0
CA_1,FOODS_3_086,11446,1.0
CA_1,FOODS_3_086,11447,1.0
CA_1,FOODS_3_086,11448,1.0
CA_1,FOODS_3_086,11449,1.0
CA_1,FOODS_3_086,11450,1.0
CA_1,FOODS_3_086,11451,1.0
CA_1,FOODS_3_086,11452,1.0
CA_1,FOODS_3_086,11501,1.0
CA_1,FOODS_3_086,11502,1.0
CA_1,FOODS_3_086,11503,1.0
CA_1,FOODS_3_086,11504,1.0
CA_1,FOODS_3_086,11505,1.0
CA_1,FOODS_3_086,11506,1.0
CA_1,FOODS_3_086,11507,1.0
CA_1,FOODS_3_086,11508,1.0
CA_1,FOODS_3_086,11509,1.0
CA_1,FOODS_3_086,11510,1.0
CA_1,FOODS_3_086,11511,1.0
CA_1,FOODS_3_086,11512,1.0
CA_1,FOODS_3_086,11513,1.0
CA_1,FOODS_3_086,11514,1.0
CA_1,FOODS_3_086,11515,1.0
CA_1,FOODS_3_086,11516,1.0
CA_1,FOODS_3_086,11517,1.0
CA_1,FOODS_3_086,11518,1.0
CA_1,FOODS_3_086,11519,1.0
CA_1,FOODS_3_086,11520,1.25
CA_1,FOODS_3_086,11521,1.25
CA_1,FOODS_3_086,11522,1.25
CA_1,FOODS_3_086,11523,1.25
CA_1,FOODS_3_086,11524,1.25
CA_1,FOODS_3_086,11525,1.25
CA_1,FOODS_3_086,11526,1.25
CA_1,FOODS_3_086,11527,1.25
CA_1,FOODS_3_086,11528,1.25
CA_1,FOODS_3_086,11529,1.25
CA_1,FOODS_3_086,11530,1.25
CA_1,FOODS_3_086,11531,1.25
CA_1,FOODS_3_086,11532,1.25
CA_1,FOODS_3_086,11533,1.0
CA_1,FOODS_3_086,11534,1.0
CA_1,FOODS_3_086,11535,1.0
CA_1,FOODS_3_086,11536,1.0
CA_1,FOODS_3_086,11537,1.0
CA_1,FOODS_3_086,11538,1.0
CA_1,FOODS_3_086,11539,1.0
CA_1,FOODS_3_086,11540,1.0
CA_1,FOODS_3_086,11541,1.0
CA_1,FOODS_3_086,11542,1.0
CA_1,FOODS_3_086,11543,1.0
CA_1,FOODS_3_086,11544,1.0
CA_1,FOODS_3_086,11545,1.0
CA_1,FOODS_3_086,11546,1.0
CA_1,FOODS_3_086,11547,1.0
CA_1,FOODS_3_086,11548,1.0
CA_1,FOODS_3_086,11549,1.0
CA_1,FOODS_3_086,11550,1.0
CA_1,FOODS_3_086,11551,1.0
CA_1,FOODS_3_086,11552,1.0
CA_1,FOODS_3_086,11601,1.0
CA_1,FOODS_3_086,11602,1.0
CA_1,FOODS_3_086,11603,1.0
CA_1,FOODS_3_086,11604,1.0
CA_1,FOODS_3_086,11605,1.0
CA_1,FOODS_3_086,11606,1.0
CA_1,FOODS_3_086,11607,1.0
CA_1,FOODS_3_086,11608,1.0
CA_1,FOODS_3_086,11609,1.0
CA_1,FOODS_3_086,11610,1.0
CA_1,FOODS_3_086,11611,1.0
CA_1,FOODS_3_086,11612,1.0
CA_1,FOODS_3_086,11613,1.0
CA_1,FOODS_3_086,11614,1.0
CA_1,FOODS_3_086,11615,1.0
CA_1,FOODS_3_086,11616,1.0
CA_1,FOODS_3_086,11617,1.0
CA_1,FOODS_3_086,11618,1.0
CA_1,FOODS_3_086,11619,1.0
CA_1,FOODS_3_086,11620,1.0
CA_1,FOODS_3_086,11621,1.0
CA_1,FOODS_3_090,11101,1.25
CA_1,FOODS_3_090,11102,1.25
CA_1,FOODS_3_090,11103,1.25
CA_1,FOODS_3_090,11104,1.25
CA_1,FOODS_3_090,11105,1.25
CA_1,FOODS_3_090,11106,1.25
CA_1,FOODS_3_090,11107,1.25
CA_1,FOODS_3_090,11108,1.25
CA_1,FOODS_3_090,11109,1.25
CA_1,FOODS_3_090,11110,1.25
CA_1,FOODS_3_090,11111,1.25
CA_1,FOODS_3_090,11112,1.25
CA_1,FOODS_3_090,11113,1.25
CA_1,FOODS_3_090,11114,1.25
CA_1,FOODS_3_090,11115,1.25
CA_1,FOODS_3_090,11116,1.25
CA_1,FOODS_3_090,11117,1.25
CA_1,FOODS_3_090,11118,1.25
CA_1,FOODS_3_090,11119,1.25
CA_1,FOODS_3_090,11120,1.25
CA_1,FOODS_3_090,11121,1.25
CA_1,FOODS_3_090,11122,1.25
CA_1,FOODS_3_090,11123,1.25
CA_1,FOODS_3_090,11124,1.25
CA_1,FOODS_3_090,11125,1.25
CA_1,FOODS_3_090,11126,1.25
CA_1,FOODS_3_090,11127,1.25
CA_1,FOODS_3_090,11128,1.25
CA_1,FOODS_3_090,11129,1.25
CA_1,FOODS_3_090,11130,1.25
CA_1,FOODS_3_090,11131,1.25
CA_1,FOODS_3_090,11132,1.25
CA_1,FOODS_3_090,11133,1.25
CA_1,FOODS_3_090,11134,1.28
CA_1,FOODS_3_090,11135,1.28
CA_1,FOODS_3_090,11136,1.28
CA_1,FOODS_3_090,11137,1.28
CA_1,FOODS_3_090,11138,1.28
CA_1,FOODS_3_090,11139,1.28
CA_1,FOODS_3_090,11140,1.28
CA_1,FOODS_3_090,11141,1.28
CA_1,FOODS_3_090,11142,1.28
CA_1,FOODS_3_090,11143,1.28
CA_1,FOODS_3_090,11144,1.28
CA_1,FOODS_3_090,11145,1.28
CA_1,FOODS_3_090,11146,1.28
CA_1,FOODS_3_090,11147,1.28
CA_1,FOODS_3_090,11148,1.28
CA_1,FOODS_3_090,11149,1.28
CA_1,FOODS_3_090,11150,1.28
CA_1,FOODS_3_090,11151,1.28
CA_1,FOODS_3_090,11152,1.28
CA_1,FOODS_3_090,11201,1.28
CA_1,FOODS_3_090,11202,1.28
CA_1,FOODS_3_090,11203,1.28
CA_1,FOODS_3_090,11204,1.44
CA_1,FOODS_3_090,11205,1.44
CA_1,FOODS_3_090,11206,1.44
CA_1,FOODS_3_090,11207,1.44
CA_1,FOODS_3_090,11208,1.44
CA_1,FOODS_3_090,11209,1.48
CA_1,FOODS_3_090,11210,1.48
CA_1,FOODS_3_090,11211,1.48
CA_1,FOODS_3_090,11212,1.48
CA_1,FOODS_3_090,11213,1.48
CA_1,FOODS_3_090,11214,1.48
CA_1,FOODS_3_090,11215,1.48
CA_1,FOODS_3_090,11216,1.48
CA_1,FOODS_3_090,11217,1.48
CA_1,FOODS_3_090,11218,1.48
CA_1,FOODS_3_090,11219,1.48
CA_1,FOODS_3_090,11220,1.48
CA_1,FOODS_3_090,11221,1.48
CA_1,FOODS_3_090,11222,1.28
CA_1,FOODS_3_090,11223,1.28
CA_1,FOODS_3_090,11224,1.28
CA_1,FOODS_3_090,11225,1.28
CA_1,FOODS_3_090,11226,1.28
CA_1,FOODS_3_090,11227,1.28
CA_1,FOODS_3_090,11228,1.28
CA_1,FOODS_3_090,11229,1.28
CA_1,FOODS_3_090,11230,1.28
CA_1,FOODS_3_090,11231,1.28
CA_1,FOODS_3_090,11232,1.28
CA_1,FOODS_3_090,11233,1.28
CA_1,FOODS_3_090,11234,1.28
CA_1,FOODS_3_090,11235,1.28
CA_1,FOODS_3_090,11236,1.28
CA_1,FOODS_3_090,11237,1.38
CA_1,FOODS_3_090,11238,1.38
CA_1,FOODS_3_090,11239,1.25
CA_1,FOODS_3_090,11240,1.25
CA_1,FOODS_3_090,11241,1.25
CA_1,FOODS_3_090,11242,1.25
CA_1,FOODS_3_090,11243,1.25
CA_1,FOODS_3_090,11244,1.25
CA_1,FOODS_3_090,11245,1.25
CA_1,FOODS_3_090,11246,1.25
CA_1,FOODS_3_090,11247,1.25
CA_1,FOODS_3_090,11248,1.25
CA_1,FOODS_3_090,11249,1.25
CA_1,FOODS_3_090,11250,1.25
CA_1,FOODS_3_090,11251,1.25
CA_1,FOODS_3_090,11252,1.25
CA_1,FOODS_3_090,11301,1.38
CA_1,FOODS_3_090,11302,1.38
CA_1,FOODS_3_090,11303,1.38
CA_1,FOODS_3_090,11304,1.38
CA_1,FOODS_3_090,11305,1.38
CA_1,FOODS_3_090,11306,1.38
CA_1,FOODS_3_090,11307,1.38
CA_1,FOODS_3_090,11308,1.38
CA_1,FOODS_3_090,11309,1.38
CA_1,FOODS_3_090,11310,1.38
CA_1,FOODS_3_090,11311,1.38
CA_1,FOODS_3_090,11312,1.38
CA_1,FOODS_3_090,11313,1.38
CA_1,FOODS_3_090,11314,1.38
CA_1,FOODS_3_090,11315,1.38
CA_1,FOODS_3_090,11316,1.38
CA_1,FOODS_3_090,11317,1.38
CA_1,FOODS_3_090,11318,1.38
CA_1,FOODS_3_090,11319,1.38
CA_1,FOODS_3_090,11320,1.38
CA_1,FOODS_3_090,11321,1.38
CA_1,FOODS_3_090,11322,1.38
CA_1,FOODS_3_090,11323,1.38
CA_1,FOODS_3_090,11324,1.38
CA_1,FOODS_3_090,11325,1.38
CA_1,FOODS_3_090,11326,1.38
CA_1,FOODS_3_090,11327,1.38
CA_1,FOODS_3_090,11328,1.38
CA_1,FOODS_3_090,11329,1.38
CA_1,FOODS_3_090,11330,1.0
CA_1,FOODS_3_090,11331,1.0
CA_1,FOODS_3_090,11332,1.0
CA_1,FOODS_3_090,11333,1.0
CA_1,FOODS_3_090,11334,1.0
CA_1,FOODS_3_090,11335,1.0
CA_1,FOODS_3_090,11336,1.0
CA_1,FOODS_3_090,11337,1.38
CA_1,FOODS_3_090,11338,1.38
CA_1,FOODS_3_090,11339,1.38
CA_1,FOODS_3_090,11340,1.38
CA_1,FOODS_3_090,11341,1.38
CA_1,FOODS_3_090,11342,1.38
CA_1,FOODS_3_090,11343,1.38
CA_1,FOODS_3_090,11344,1.38
CA_1,FOODS_3_090,11345,1.0
CA_1,FOODS_3_090,11346,1.0
CA_1,FOODS_3_090,11347,1.0
CA_1,FOODS_3_090,11348,1.38
CA_1,FOODS_3_090,11349,1.38
CA_1,FOODS_3_090,11350,1.38
CA_1,FOODS_3_090,11351,1.44
CA_1,FOODS_3_090,11352,1.44
CA_1,FOODS_3_090,11353,1.44
CA_1,FOODS_3_090,11401,1.44
CA_1,FOODS_3_090,11402,1.44
CA_1,FOODS_3_090,11403,1.44
CA_1,FOODS_3_090,11404,1.44
CA_1,FOODS_3_090,11405,1.44
CA_1,FOODS_3_090,11406,1.44
CA_1,FOODS_3_090,11407,1.44
CA_1,FOODS_3_090,11408,1.44
CA_1,FOODS_3_090,11409,1.44
CA_1,FOODS_3_090,11410,1.44
CA_1,FOODS_3_090,11411,1.44
CA_1,FOODS_3_090,11412,1.44
CA_1,FOODS_3_090,11413,1.44
CA_1,FOODS_3_090,11414,1.44
CA_1,FOODS_3_090,11415,1.44
CA_1,FOODS_3_090,11416,1.44
CA_1,FOODS_3_090,11417,1.44
CA_1,FOODS_3_090,11418,1.44
CA_1,FOODS_3_090,11419,1.44
CA_1,FOODS_3_090,11420,1.44
CA_1,FOODS_3_090,11421,1.44
CA_1,FOODS_3_090,11422,1.44
CA_1,FOODS_3_090,11423,1.44
CA_1,FOODS_3_090,11424,1.44
CA_1,FOODS_3_090,11425,1.44
CA_1,FOODS_3_090,11426,1.44
CA_1,FOODS_3_090,11427,1.44
CA_1,FOODS_3_090,11428,1.44
CA_1,FOODS_3_090,11429,1.44
CA_1,FOODS_3_090,11430,1.44
CA_1,FOODS_3_090,11431,1.44
CA_1,FOODS_3_090,11432,1.44
CA_1,FOODS_3_090,11433,1.44
CA_1,FOODS_3_090,11434,1.44
CA_1,FOODS_3_090,11435,1.44
CA_1,FOODS_3_090,11436,1.44
CA_1,FOODS_3_090,11437,1.44
CA_1,FOODS_3_090,11438,1.48
CA_1,FOODS_3_090,11439,1.48
CA_1,FOODS_3_090,11440,1.48
CA_1,FOODS_3_090,11441,1.48
CA_1,FOODS_3_090,11442,1.48
CA_1,FOODS_3_090,11443,1.48
CA_1,FOODS_3_090,11444,1.48
CA_1,FOODS_3_090,11445,1.48
CA_1,FOODS_3_090,11446,1.48
CA_1,FOODS_3_090,11447,1.48
CA_1,FOODS_3_090,11448,1.48
CA_1,FOODS_3_090,11449,1.48
CA_1,FOODS_3_090,11450,1.48
CA_1,FOODS_3_090,11451,1.48
CA_1,FOODS_3_090,11452,1.48
CA_1,FOODS_3_090,11501,1.48
CA_1,FOODS_3_090,11502,1.48
CA_1,FOODS_3_090,11503,1.48
CA_1,FOODS_3_090,11504,1.48
CA_1,FOODS_3_090,11505,1.48
CA_1,FOODS_3_090,11506,1.48
CA_1,FOODS_3_090,11507,1.48
CA_1,FOODS_3_090,11508,1.48
CA_1,FOODS_3_090,11509,1.48
CA_1,FOODS_3_090,11510,1.48
CA_1,FOODS_3_090,11511,1.48
CA_1,FOODS_3_090,11512,1.48
CA_1,FOODS_3_090,11513,1.48
CA_1,FOODS_3_090,11514,1.48
CA_1,FOODS_3_090,11515,1.48
CA_1,FOODS_3_090,11516,1.48
CA_1,FOODS_3_090,11517,1.48
CA_1,FOODS_3_090,11518,1.48
CA_1,FOODS_3_090,11519,1.48
CA_1,FOODS_3_090,11520,1.48
CA_1,FOODS_3_090,11521,1.48
CA_1,FOODS_3_090,11522,1.48
CA_1,FOODS_3_090,11523,1.48
CA_1,FOODS_3_090,11524,1.48
CA_1,FOODS_3_090,11525,1.48
CA_1,FOODS_3_090,11526,1.48
CA_1,FOODS_3_090,11527,1.48
CA_1,FOODS_3_090,11528,1.48
CA_1,FOODS_3_090,11529,1.48
CA_1,FOODS_3_090,11530,1.48
CA_1,FOODS_3_090,11531,1.48
CA_1,FOODS_3_090,11532,1.48
CA_1,FOODS_3_090,11533,1.48
CA_1,FOODS_3_090,11534,1.48
CA_1,FOODS_3_090,11535,1.48
CA_1,FOODS_3_090,11536,1.48
CA_1,FOODS_3_090,11537,1.48
CA_1,FOODS_3_090,11538,1.5
CA_1,FOODS_3_090,11539,1.5
CA_1,FOODS_3_090,11540,1.5
CA_1,FOODS_3_090,11541,1.5
CA_1,FOODS_3_090,11542,1.5
CA_1,FOODS_3_090,11543,1.5
CA_1,FOODS_3_090,11544,1.5
CA_1,FOODS_3_090,11545,1.5
CA_1,FOODS_3_090,11546,1.5
CA_1,FOODS_3_090,11547,1.5
CA_1,FOODS_3_090,11548,1.5
CA_1,FOODS_3_090,11549,1.6
CA_1,FOODS_3_090,11550,1.6
CA_1,FOODS_3_090,11551,1.6
CA_1,FOODS_3_090,11552,1.6
CA_1,FOODS_3_090,11601,1.6
CA_1,FOODS_3_090,11602,1.6
CA_1,FOODS_3_090,11603,1.6
CA_1,FOODS_3_090,11604,1.6
CA_1,FOODS_3_090,11605,1.6
CA_1,FOODS_3_090,11606,1.6
CA_1,FOODS_3_090,11607,1.6
CA_1,FOODS_3_090,11608,1.6
CA_1,FOODS_3_090,11609,1.6
CA_1,FOODS_3_090,11610,1.6
CA_1,FOODS_3_090,11611,1.6
CA_1,FOODS_3_090,11612,1.6
CA_1,FOODS_3_090,11613,1.6
CA_1,FOODS_3_090,11614,1.6
CA_1,FOODS_3_090,11615,1.6
CA_1,FOODS_3_090,11616,1.6
CA_1,FOODS_3_090,11617,1.6
CA_1,FOODS_3_090,11618,1.6
CA_1,FOODS_3_090,11619,1.6
CA_1,FOODS_3_090,11620,1.6
CA_1,FOODS_3_090,11621,1.6
CA_1,FOODS_3_099,11102,2.38
CA_1,FOODS_3_099,11103,2.38
CA_1,FOODS_3_099,11104,2.38
CA_1,FOODS_3_099,11105,2.38
CA_1,FOODS_3_099,11106,2.38
CA_1,FOODS_3_099,11107,2.38
CA_1,FOODS_3_099,11108,2.38
CA_1,FOODS_3_099,11109,2.38
CA_1,FOODS_3_099,11110,2.38
CA_1,FOODS_3_099,11111,2.38
CA_1,FOODS_3_099,11112,2.38
CA_1,FOODS_3_099,11113,2.38
CA_1,FOODS_3_099,11114,2.5
CA_1,FOODS_3_099,11115,2.5
CA_1,FOODS_3_099,11116,2.5
CA_1,FOODS_3_099,11117,2.5
CA_1,FOODS_3_099,11118,2.5
CA_1,FOODS_3_099,11119,2.5
CA_1,FOODS_3_099,11120,2.5
CA_1,FOODS_3_099,11121,2.5
CA_1,FOODS_3_099,11122,2.5
CA_1,FOODS_3_099,11123,2.5
CA_1,FOODS_3_099,11124,2.5
CA_1,FOODS_3_099,11125,2.5
CA_1,FOODS_3_099,11126,2.5
CA_1,FOODS_3_099,11127,2.5
CA_1,FOODS_3_099,11128,2.5
CA_1,FOODS_3_099,11129,2.5
CA_1,FOODS_3_099,11130,2.5
CA_1,FOODS_3_099,11131,2.5
CA_1,FOODS_3_099,11132,2.5
CA_1,FOODS_3_099,11133,2.5
CA_1,FOODS_3_099,11134,2.5
CA_1,FOODS_3_099,11135,2.5
CA_1,FOODS_3_099,11136,2.5
CA_1,FOODS_3_099,11137,2.5
CA_1,FOODS_3_099,11138,2.5
CA_1,FOODS_3_099,11139,2.5
CA_1,FOODS_3_099,11140,2.5
CA_1,FOODS_3_099,11141,2.5
CA_1,FOODS_3_099,11142,2.5
CA_1,FOODS_3_099,11143,2.5
CA_1,FOODS_3_099,11144,2.5
CA_1,FOODS_3_099,11145,2.5
CA_1,FOODS_3_099,11146,2.5
CA_1,FOODS_3_099,11147,2.5
CA_1,FOODS_3_099,11148,2.5
CA_1,FOODS_3_099,11149,2.5
CA_1,FOODS_3_099,11150,2.5
CA_1,FOODS_3_099,11151,2.5
CA_1,FOODS_3_099,11152,2.5
CA_1,FOODS_3_099,11201,2.5
CA_1,FOODS_3_099,11202,2.5
CA_1,FOODS_3_099,11203,2.5
CA_1,FOODS_3_099,11204,2.5
CA_1,FOODS_3_099,11205,2.5
CA_1,FOODS_3_099,11206,2.5
CA_1,FOODS_3_099,11207,2.5
CA_1,FOODS_3_099,11208,2.5
CA_1,FOODS_3_099,11209,2.5
CA_1,FOODS_3_099,11210,2.5
CA_1,FOODS_3_099,11211,2.5
CA_1,FOODS_3_099,11212,2.5
CA_1,FOODS_3_099,11213,2.5
CA_1,FOODS_3_099,11214,2.5
CA_1,FOODS_3_099,11215,2.5
CA_1,FOODS_3_099,11216,2.5
CA_1,FOODS_3_099,11217,2.5
CA_1,FOODS_3_099,11218,2.5
CA_1,FOODS_3_099,11219,2.5
CA_1,FOODS_3_099,11220,2.5
CA_1,FOODS_3_099,11221,2.5
CA_1,FOODS_3_099,11222,2.5
CA_1,FOODS_3_099,11223,2.5
CA_1,FOODS_3_099,11224,2.5
CA_1,FOODS_3_099,11225,2.5
CA_1,FOODS_3_099,11226,2.5
CA_1,FOODS_3_099,11227,2.5
CA_1,FOODS_3_099,11228,2.5
CA_1,FOODS_3_099,11229,2.5
CA_1,FOODS_3_099,11230,2.5
CA_1,FOODS_3_099,11231,2.5
CA_1,FOODS_3_099,11232,2.5
CA_1,FOODS_3_099,11233,2.5
CA_1,FOODS_3_099,11234,2.5
CA_1,FOODS_3_099,11235,2.5
CA_1,FOODS_3_099,11236,2.5
CA_1,FOODS_3_099,11237,2.5
CA_1,FOODS_3_099,11238,2.5
CA_1,FOODS_3_099,11239,2.5
CA_1,FOODS_3_099,11240,2.5
CA_1,FOODS_3_099,11241,2.5
CA_1,FOODS_3_099,11242,2.5
CA_1,FOODS_3_099,11243,2.5
CA_1,FOODS_3_099,11244,2.5
CA_1,FOODS_3_099,11245,2.5
CA_1,FOODS_3_099,11246,2.5
CA_1,FOODS_3_099,11247,2.5
CA_1,FOODS_3_099,11248,2.5
CA_1,FOODS_3_099,11249,2.5
CA_1,FOODS_3_099,11250,2.5
CA_1,FOODS_3_099,11251,2.5
CA_1,FOODS_3_099,11252,2.5
CA_1,FOODS_3_099,11301,2.5
CA_1,FOODS_3_099,11302,2.5
CA_1,FOODS_3_099,11303,2.5
CA_1,FOODS_3_099,11304,2.5
CA_1,FOODS_3_099,11305,2.5
CA_1,FOODS_3_099,11306,2.5
CA_1,FOODS_3_099,11307,2.5
CA_1,FOODS_3_099,11308,2.5
CA_1,FOODS_3_099,11309,2.5
CA_1,FOODS_3_099,11310,2.5
CA_1,FOODS_3_099,11311,2.5
CA_1,FOODS_3_099,11312,2.5
CA_1,FOODS_3_099,11313,2.5
CA_1,FOODS_3_099,11314,2.5
CA_1,FOODS_3_099,11315,2.5
CA_1,FOODS_3_099,11316,2.5
CA_1,FOODS_3_099,11317,2.5
CA_1,FOODS_3_099,11318,2.5
CA_1,FOODS_3_099,11319,2.5
CA_1,FOODS_3_099,11320,2.5
CA_1,FOODS_3_099,11321,2.5
CA_1,FOODS_3_099,11322,2.5
CA_1,FOODS_3_099,11323,2.5
CA_1,FOODS_3_099,11324,2.5
CA_1,FOODS_3_099,11325,2.5
CA_1,FOODS_3_099,11326,2.5
CA_1,FOODS_3_099,11327,2.5
CA_1,FOODS_3_099,11328,2.5
CA_1,FOODS_3_099,11329,2.5
CA_1,FOODS_3_099,11330,2.5
CA_1,FOODS_3_099,11331,2.5
CA_1,FOODS_3_099,11332,2.5
CA_1,FOODS_3_099,11333,2.5
CA_1,FOODS_3_099,11334,2.5
CA_1,FOODS_3_099,11335,2.5
CA_1,FOODS_3_099,11336,2.5
CA_1,FOODS_3_099,11337,2.5
CA_1,FOODS_3_099,11338,2.5
CA_1,FOODS_3_099,11339,2.5
CA_1,FOODS_3_099,11340,2.5
CA_1,FOODS_3_099,11341,2.5
CA_1,FOODS_3_099,11342,2.5
CA_1,FOODS_3_099,11343,2.5
CA_1,FOODS_3_099,11344,2.5
CA_1,FOODS_3_099,11345,2.5
CA_1,FOODS_3_099,11346,2.5
CA_1,FOODS_3_099,11347,2.5
CA_1,FOODS_3_099,11348,2.5
CA_1,FOODS_3_099,11349,2.5
CA_1,FOODS_3_099,11350,2.5
CA_1,FOODS_3_099,11351,2.5
CA_1,FOODS_3_099,11352,2.5
CA_1,FOODS_3_099,11353,2.5
CA_1,FOODS_3_099,11401,2.5
CA_1,FOODS_3_099,11402,2.5
CA_1,FOODS_3_099,11403,2.5
CA_1,FOODS_3_099,11404,2.5
CA_1,FOODS_3_099,11405,2.5
CA_1,FOODS_3_099,11406,2.5
CA_1,FOODS_3_099,11407,2.5
CA_1,FOODS_3_099,11408,2.5
CA_1,FOODS_3_099,11409,2.5
CA_1,FOODS_3_099,11410,2.5
CA_1,FOODS_3_099,11411,2.5
CA_1,FOODS_3_099,11412,2.5
CA_1,FOODS_3_099,11413,2.5
CA_1,FOODS_3_099,11414,2.5
CA_1,FOODS_3_099,11415,2.5
CA_1,FOODS_3_099,11416,2.5
CA_1,FOODS_3_099,11417,2.5
CA_1,FOODS_3_099,11418,2.5
CA_1,FOODS_3_099,11419,2.5
CA_1,FOODS_3_099,11420,2.5
CA_1,FOODS_3_099,11421,2.5
CA_1,FOODS_3_099,11422,2.5
CA_1,FOODS_3_099,11423,2.5
CA_1,FOODS_3_099,11424,2.5
CA_1,FOODS_3_099,11425,2.5
CA_1,FOODS_3_099,11426,2.5
CA_1,FOODS_3_099,11427,2.5
CA_1,FOODS_3_099,11428,2.5
CA_1,FOODS_3_099,11429,2.5
CA_1,FOODS_3_099,11430,2.5
CA_1,FOODS_3_099,11431,2.5
CA_1,FOODS_3_099,11432,2.5
CA_1,FOODS_3_099,11433,2.5
CA_1,FOODS_3_099,11434,2.5
CA_1,FOODS_3_099,11435,2.5
CA_1,FOODS_3_099,11436,2.5
CA_1,FOODS_3_099,11437,2.5
CA_1,FOODS_3_099,11438,2.5
CA_1,FOODS_3_099,11439,2.5
CA_1,FOODS_3_099,11440,2.5
CA_1,FOODS_3_099,11441,2.5
CA_1,FOODS_3_099,11442,2.5
CA_1,FOODS_3_099,11443,2.5
CA_1,FOODS_3_099,11444,2.5
CA_1,FOODS_3_099,11445,2.5
CA_1,FOODS_3_099,11446,2.5
CA_1,FOODS_3_099,11447,2.5
CA_1,FOODS_3_099,11448,2.5
CA_1,FOODS_3_099,11449,2.5
CA_1,FOODS_3_099,11450,2.5
CA_1,FOODS_3_099,11451,2.5
CA_1,FOODS_3_099,11452,2.5
CA_1,FOODS_3_099,11501,2.5
CA_1,FOODS_3_099,11502,2.5
CA_1,FOODS_3_099,11503,2.5
CA_1,FOODS_3_099,11504,2.5
CA_1,FOODS_3_099,11505,2.5
CA_1,FOODS_3_099,11506,2.5
CA_1,FOODS_3_099,11507,2.5
CA_1,FOODS_3_099,11508,2.5
CA_1,FOODS_3_099,11509,2.5
CA_1,FOODS_3_099,11510,2.5
CA_1,FOODS_3_099,11511,2.5
CA_1,FOODS_3_099,11512,2.5
CA_1,FOODS_3_099,11513,2.5
CA_1,FOODS_3_099,11514,2.5
CA_1,FOODS_3_099,11515,2.5
CA_1,FOODS_3_099,11516,2.5
CA_1,FOODS_3_099,11517,2.5
CA_1,FOODS_3_099,11518,2.5
CA_1,FOODS_3_099,11519,2.5
CA_1,FOODS_3_099,11520,2.5
CA_1,FOODS_3_099,11521,2.5
CA_1,FOODS_3_099,11522,2.5
CA_1,FOODS_3_099,11523,2.5
CA_1,FOODS_3_099,11524,2.5
CA_1,FOODS_3_099,11525,2.5
CA_1,FOODS_3_099,11526,2.5
CA_1,FOODS_3_099,11527,2.5
CA_1,FOODS_3_099,11528,2.5
CA_1,FOODS_3_099,11529,2.5
CA_1,FOODS_3_099,11530,2.5
CA_1,FOODS_3_099,11531,2.5
CA_1,FOODS_3_099,11532,2.5
CA_1,FOODS_3_099,11533,2.5
CA_1,FOODS_3_099,11534,2.5
CA_1,FOODS_3_099,11535,2.5
CA_1,FOODS_3_099,11536,2.5
CA_1,FOODS_3_099,11537,2.5
CA_1,FOODS_3_099,11538,2.5
CA_1,FOODS_3_099,11539,2.5
CA_1,FOODS_3_099,11540,2.5
CA_1,FOODS_3_099,11541,2.5
CA_1,FOODS_3_099,11542,2.5
CA_1,FOODS_3_099,11543,2.5
CA_1,FOODS_3_099,11544,2.5
CA_1,FOODS_3_099,11545,2.5
CA_1,FOODS_3_099,11546,2.5
CA_1,FOODS_3_099,11547,2.5
CA_1,FOODS_3_099,11548,2.5
CA_1,FOODS_3_099,11549,2.5
CA_1,FOODS_3_099,11550,2.5
CA_1,FOODS_3_099,11551,2.5
CA_1,FOODS_3_099,11552,2.5
CA_1,FOODS_3_099,11601,2.5
CA_1,FOODS_3_099,11602,2.5
CA_1,FOODS_3_099,11603,2.5
CA_1,FOODS_3_099,11604,2.5
CA_1,FOODS_3_099,11605,2.5
CA_1,FOODS_3_099,11606,2.56
CA_1,FOODS_3_099,11607,2.56
CA_1,FOODS_3_099,11608,2.56
CA_1,FOODS_3_099,11609,2.56
CA_1,FOODS_3_099,11610,2.56
CA_1,FOODS_3_099,11611,2.56
CA_1,FOODS_3_099,11612,2.56
CA_1,FOODS_3_099,11613,2.56
CA_1,FOODS_3_099,11614,2.56
CA_1,FOODS_3_099,11615,2.56
CA_1,FOODS_3_099,11616,2.56
CA_1,FOODS_3_099,11617,2.56
CA_1,FOODS_3_099,11618,2.56
CA_1,FOODS_3_099,11619,2.56
CA_1,FOODS_3_099,11620,2.56
CA_1,FOODS_3_099,11621,2.56
CA_1,FOODS_3_120,11201,4.98
CA_1,FOODS_3_120,11202,4.98
CA_1,FOODS_3_120,11203,4.98
CA_1,FOODS_3_120,11204,4.98
CA_1,FOODS_3_120,11205,4.98
CA_1,FOODS_3_120,11206,4.98
CA_1,FOODS_3_120,11207,4.98
CA_1,FOODS_3_120,11208,4.98
CA_1,FOODS_3_120,11209,4.98
CA_1,FOODS_3_120,11210,4.98
CA_1,FOODS_3_120,11211,4.98
CA_1,FOODS_3_120,11212,4.98
CA_1,FOODS_3_120,11213,4.98
CA_1,FOODS_3_120,11214,4.98
CA_1,FOODS_3_120,11215,4.98
CA_1,FOODS_3_120,11216,4.98
CA_1,FOODS_3_120,11217,4.98
CA_1,FOODS_3_120,11218,4.98
CA_1,FOODS_3_120,11219,4.98
CA_1,FOODS_3_120,11220,4.98
CA_1,FOODS_3_120,11221,4.98
CA_1,FOODS_3_120,11222,4.98
CA_1,FOODS_3_120,11223,4.98
CA_1,FOODS_3_120,11224,4.98
CA_1,FOODS_3_120,11225,4.98
CA_1,FOODS_3_120,11226,4.98
CA_1,FOODS_3_120,11227,4.98
CA_1,FOODS_3_120,11228,4.98
CA_1,FOODS_3_120,11229,4.98
CA_1,FOODS_3_120,11230,4.98
CA_1,FOODS_3_120,11231,4.98
CA_1,FOODS_3_120,11232,4.98
CA_1,FOODS_3_120,11233,4.98
CA_1,FOODS_3_120,11234,4.98
CA_1,FOODS_3_120,11235,4.98
CA_1,FOODS_3_120,11236,4.98
CA_1,FOODS_3_120,11237,4.98
CA_1,FOODS_3_120,11238,4.98
CA_1,FOODS_3_120,11239,4.98
CA_1,FOODS_3_120,11240,4.98
CA_1,FOODS_3_120,11241,4.98
CA_1,FOODS_3_120,11242,4.98
CA_1,FOODS_3_120,11243,4.98
CA_1,FOODS_3_120,11244,4.98
CA_1,FOODS_3_120,11245,4.98
CA_1,FOODS_3_120,11246,4.98
CA_1,FOODS_3_120,11247,4.98
CA_1,FOODS_3_120,11248,4.98
CA_1,FOODS_3_120,11249,4.98
CA_1,FOODS_3_120,11250,4.98
CA_1,FOODS_3_120,11251,4.98
CA_1,FOODS_3_120,11252,4.98
CA_1,FOODS_3_120,11301,4.98
CA_1,FOODS_3_120,11302,4.98
CA_1,FOODS_3_120,11303,4.98
CA_1,FOODS_3_120,11304,4.98
CA_1,FOODS_3_120,11305,4.98
CA_1,FOODS_3_120,11306,4.98
CA_1,FOODS_3_120,11307,4.98
CA_1,FOODS_3_120,11308,4.98
CA_1,FOODS_3_120,11309,4.98
CA_1,FOODS_3_120,11310,4.98
CA_1,FOODS_3_120,11311,4.98
CA_1,FOODS_3_120,11312,4.98
CA_1,FOODS_3_120,11313,4.98
CA_1,FOODS_3_120,11314,4.98
CA_1,FOODS_3_120,11315,4.98
CA_1,FOODS_3_120,11316,4.98
CA_1,FOODS_3_120,11317,4.98
CA_1,FOODS_3_120,11318,4.98
CA_1,FOODS_3_120,11319,4.98
CA_1,FOODS_3_120,11320,4.98
CA_1,FOODS_3_120,11321,4.98
CA_1,FOODS_3_120,11322,4.98
CA_1,FOODS_3_120,11323,4.98
CA_1,FOODS_3_120,11324,4.98
CA_1,FOODS_3_120,11325,4.98
CA_1,FOODS_3_120,11326,4.98
CA_1,FOODS_3_120,11327,4.98
CA_1,FOODS_3_120,11328,4.98
CA_1,FOODS_3_120,11329,4.98
CA_1,FOODS_3_120,11330,4.98
CA_1,FOODS_3_120,11331,4.98
CA_1,FOODS_3_120,11332,4.98
CA_1,FOODS_3_120,11333,4.98
CA_1,FOODS_3_120,11334,4.98
CA_1,FOODS_3_120,11335,4.98
CA_1,FOODS_3_120,11336,4.98
CA_1,FOODS_3_120,11337,4.98
CA_1,FOODS_3_120,11338,4.98
CA_1,FOODS_3_120,11339,4.98
CA_1,FOODS_3_120,11340,4.98
CA_1,FOODS_3_120,11341,4.98
CA_1,FOODS_3_120,11342,4.98
CA_1,FOODS_3_120,11343,4.98
CA_1,FOODS_3_120,11344,4.98
CA_1,FOODS_3_120,11345,4.98
CA_1,FOODS_3_120,11346,4.98
CA_1,FOODS_3_120,11347,4.98
CA_1,FOODS_3_120,11348,4.98
CA_1,FOODS_3_120,11349,4.98
CA_1,FOODS_3_120,11350,4.98
CA_1,FOODS_3_120,11351,4.98
CA_1,FOODS_3_120,11352,4.98
CA_1,FOODS_3_120,11353,4.98
CA_1,FOODS_3_120,11401,4.98
CA_1,FOODS_3_120,11402,4.98
CA_1,FOODS_3_120,11403,4.98
CA_1,FOODS_3_120,11404,4.98
CA_1,FOODS_3_120,11405,4.98
CA_1,FOODS_3_120,11406,4.98
CA_1,FOODS_3_120,11407,4.98
CA_1,FOODS_3_120,11408,4.98
CA_1,FOODS_3_120,11409,4.98
CA_1,FOODS_3_120,11410,4.98
CA_1,FOODS_3_120,11411,4.98
CA_1,FOODS_3_120,11412,4.98
CA_1,FOODS_3_120,11413,4.98
CA_1,FOODS_3_120,11414,4.98
CA_1,FOODS_3_120,11415,4.98
CA_1,FOODS_3_120,11416,4.98
CA_1,FOODS_3_120,11417,4.98
CA_1,FOODS_3_120,11418,4.98
CA_1,FOODS_3_120,11419,4.98
CA_1,FOODS_3_120,11420,4.98
CA_1,FOODS_3_120,11421,4.98
CA_1,FOODS_3_120,11422,4.98
CA_1,FOODS_3_120,11423,4.98
CA_1,FOODS_3_120,11424,4.98
CA_1,FOODS_3_120,11425,4.98
CA_1,FOODS_3_120,11426,4.98
CA_1,FOODS_3_120,11427,4.98
CA_1,FOODS_3_120,11428,4.98
CA_1,FOODS_3_120,11429,4.98
CA_1,FOODS_3_120,11430,4.98
CA_1,FOODS_3_120,11431,4.98
CA_1,FOODS_3_120,11432,4.98
CA_1,FOODS_3_120,11433,4.98
CA_1,FOODS_3_120,11434,4.98
CA_1,FOODS_3_120,11435,4.98
CA_1,FOODS_3_120,11436,4.98
CA_1,FOODS_3_120,11437,4.98
CA_1,FOODS_3_120,11438,4.98
CA_1,FOODS_3_120,11439,4.98
CA_1,FOODS_3_120,11440,4.98
CA_1,FOODS_3_120,11441,4.98
CA_1,FOODS_3_120,11442,4.98
CA_1,FOODS_3_120,11443,4.98
CA_1,FOODS_3_120,11444,4.98
CA_1,FOODS_3_120,11445,4.98
CA_1,FOODS_3_120,11446,4.98
CA_1,FOODS_3_120,11447,4.98
CA_1,FOODS_3_120,11448,4.98
CA_1,FOODS_3_120,11449,4.98
CA_1,FOODS_3_120,11450,4.98
CA_1,FOODS_3_120,11451,4.98
CA_1,FOODS_3_120,11452,4.98
CA_1,FOODS_3_120,11501,4.98
CA_1,FOODS_3_120,11502,4.98
CA_1,FOODS_3_120,11503,4.98
CA_1,FOODS_3_120,11504,4.98
CA_1,FOODS_3_120,11505,4.98
CA_1,FOODS_3_120,11506,4.98
CA_1,FOODS_3_120,11507,4.98
CA_1,FOODS_3_120,11508,4.98
CA_1,FOODS_3_120,11509,4.98
CA_1,FOODS_3_120,11510,4.98
CA_1,FOODS_3_120,11511,4.98
CA_1,FOODS_3_120,11512,4.98
CA_1,FOODS_3_120,11513,4.98
CA_1,FOODS_3_120,11514,4.98
CA_1,FOODS_3_120,11515,4.98
CA_1,FOODS_3_120,11516,4.98
CA_1,FOODS_3_120,11517,4.98
CA_1,FOODS_3_120,11518,4.98
CA_1,FOODS_3_120,11519,4.98
CA_1,FOODS_3_120,11520,4.98
CA_1,FOODS_3_120,11521,4.98
CA_1,FOODS_3_120,11522,4.98
CA_1,FOODS_3_120,11523,4.98
CA_1,FOODS_3_120,11524,4.98
CA_1,FOODS_3_120,11525,4.98
CA_1,FOODS_3_120,11526,4.98
CA_1,FOODS_3_120,11527,4.98
CA_1,FOODS_3_120,11528,4.98
CA_1,FOODS_3_120,11529,4.98
CA_1,FOODS_3_120,11530,4.98
CA_1,FOODS_3_120,11531,4.98
CA_1,FOODS_3_120,11532,4.98
CA_1,FOODS_3_120,11533,4.98
CA_1,FOODS_3_120,11534,4.98
CA_1,FOODS_3_120,11535,4.98
CA_1,FOODS_3_120,11536,4.98
CA_1,FOODS_3_120,11537,4.98
CA_1,FOODS_3_120,11538,4.98
CA_1,FOODS_3_120,11539,4.98
CA_1,FOODS_3_120,11540,4.98
CA_1,FOODS_3_120,11541,4.98
CA_1,FOODS_3_120,11542,4.98
CA_1,FOODS_3_120,11543,4.98
CA_1,FOODS_3_120,11544,4.98
CA_1,FOODS_3_120,11545,4.98
CA_1,FOODS_3_120,11546,4.98
CA_1,FOODS_3_120,11547,4.98
CA_1,FOODS_3_120,11548,4.98
CA_1,FOODS_3_120,11549,4.98
CA_1,FOODS_3_120,11550,4.98
CA_1,FOODS_3_120,11551,4.98
CA_1,FOODS_3_120,11552,4.98
CA_1,FOODS_3_120,11601,4.98
CA_1,FOODS_3_120,11602,4.98
CA_1,FOODS_3_120,11603,4.98
CA_1,FOODS_3_120,11604,4.98
CA_1,FOODS_3_120,11605,4.98
CA_1,FOODS_3_120,11606,4.98
CA_1,FOODS_3_120,11607,4.98
CA_1,FOODS_3_120,11608,4.98
CA_1,FOODS_3_120,11609,4.98
CA_1,FOODS_3_120,11610,4.98
CA_1,FOODS_3_120,11611,4.98
CA_1,FOODS_3_120,11612,4.98
CA_1,FOODS_3_120,11613,4.98
CA_1,FOODS_3_120,11614,4.98
CA_1,FOODS_3_120,11615,4.98
CA_1,FOODS_3_120,11616,4.98
CA_1,FOODS_3_120,11617,4.98
CA_1,FOODS_3_120,11618,4.98
CA_1,FOODS_3_120,11619,4.98
CA_1,FOODS_3_120,11620,4.98
CA_1,FOODS_3_120,11621,4.98
CA_1,FOODS_3_202,11101,4.38
CA_1,FOODS_3_202,11102,4.38
CA_1,FOODS_3_202,11103,4.38
CA_1,FOODS_3_202,11104,4.38
CA_1,FOODS_3_202,11105,4.38
CA_1,FOODS_3_202,11106,4.38
CA_1,FOODS_3_202,11107,4.38
CA_1,FOODS_3_202,11108,4.38
CA_1,FOODS_3_202,11109,4.38
CA_1,FOODS_3_202,11110,4.38
CA_1,FOODS_3_202,11111,4.38
CA_1,FOODS_3_202,11112,4.38
CA_1,FOODS_3_202,11113,4.38
CA_1,FOODS_3_202,11114,4.38
CA_1,FOODS_3_202,11115,4.38
CA_1,FOODS_3_202,11116,4.38
CA_1,FOODS_3_202,11117,4.38
CA_1,FOODS_3_202,11118,4.38
CA_1,FOODS_3_202,11119,4.38
CA_1,FOODS_3_202,11120,4.38
CA_1,FOODS_3_202,11121,4.38
CA_1,FOODS_3_202,11122,4.38
CA_1,FOODS_3_202,11123,4.38
CA_1,FOODS_3_202,11124,4.38
CA_1,FOODS_3_202,11125,4.38
CA_1,FOODS_3_202,11126,4.38
CA_1,FOODS_3_202,11127,4.38
CA_1,FOODS_3_202,11128,4.38
CA_1,FOODS_3_202,11129,3.98
CA_1,FOODS_3_202,11130,3.98
CA_1,FOODS_3_202,11131,3.98
CA_1,FOODS_3_202,11132,3.98
CA_1,FOODS_3_202,11133,3.98
CA_1,FOODS_3_202,11134,3.98
CA_1,FOODS_3_202,11135,3.98
CA_1,FOODS_3_202,11136,3.98
CA_1,FOODS_3_202,11137,3.98
CA_1,FOODS_3_202,11138,3.98
CA_1,FOODS_3_202,11139,3.98
CA_1,FOODS_3_202,11140,3.98
CA_1,FOODS_3_202,11141,3.98
CA_1,FOODS_3_202,11142,3.98
CA_1,FOODS_3_202,11143,3.98
CA_1,FOODS_3_202,11144,3.98
CA_1,FOODS_3_202,11145,3.98
CA_1,FOODS_3_202,11146,3.98
CA_1,FOODS_3_202,11147,3.98
CA_1,FOODS_3_202,11148,3.98
CA_1,FOODS_3_202,11149,3.98
CA_1,FOODS_3_202,11150,3.98
CA_1,FOODS_3_202,11151,3.98
CA_1,FOODS_3_202,11152,3.98
CA_1,FOODS_3_202,11201,3.98
CA_1,FOODS_3_202,11202,3.98
CA_1,FOODS_3_202,11203,3.98
CA_1,FOODS_3_202,11204,3.98
CA_1,FOODS_3_202,11205,3.98
CA_1,FOODS_3_202,11206,3.98
CA_1,FOODS_3_202,11207,3.98
CA_1,FOODS_3_202,11208,3.98
CA_1,FOODS_3_202,11209,3.98
CA_1,FOODS_3_202,11210,3.98
CA_1,FOODS_3_202,11211,3.98
CA_1,FOODS_3_202,11212,3.98
CA_1,FOODS_3_202,11213,3.98
CA_1,FOODS_3_202,11214,3.98
CA_1,FOODS_3_202,11215,3.98
CA_1,FOODS_3_202,11216,3.98
CA_1,FOODS_3_202,11217,3.98
CA_1,FOODS_3_202,11218,3.98
CA_1,FOODS_3_202,11219,3.98
CA_1,FOODS_3_202,11220,3.98
CA_1,FOODS_3_202,11221,3.98
CA_1,FOODS_3_202,11222,3.98
CA_1,FOODS_3_202,11223,3.98
CA_1,FOODS_3_202,11224,3.98
CA_1,FOODS_3_202,11225,3.98
CA_1,FOODS_3_202,11226,3.98
CA_1,FOODS_3_202,11227,4.28
CA_1,FOODS_3_202,11228,4.28
CA_1,FOODS_3_202,11229,4.28
CA_1,FOODS_3_202,11230,4.28
CA_1,FOODS_3_202,11231,4.28
CA_1,FOODS_3_202,11232,4.28
CA_1,FOODS_3_202,11233,4.28
CA_1,FOODS_3_202,11234,4.28
CA_1,FOODS_3_202,11235,4.28
CA_1,FOODS_3_202,11236,4.28
CA_1,FOODS_3_202,11237,4.28
CA_1,FOODS_3_202,11238,4.28
CA_1,FOODS_3_202,11239,4.28
CA_1,FOODS_3_202,11240,4.28
CA_1,FOODS_3_202,11241,4.28
CA_1,FOODS_3_202,11242,4.28
CA_1,FOODS_3_202,11243,4.28
CA_1,FOODS_3_202,11244,4.28
CA_1,FOODS_3_202,11245,4.28
CA_1,FOODS_3_202,11246,4.28
CA_1,FOODS_3_202,11247,4.28
CA_1,FOODS_3_202,11248,4.28
CA_1,FOODS_3_202,11249,4.28
CA_1,FOODS_3_202,11250,4.28
CA_1,FOODS_3_202,11251,4.28
CA_1,FOODS_3_202,11252,4.28
CA_1,FOODS_3_202,11301,4.28
CA_1,FOODS_3_202,11302,4.28
CA_1,FOODS_3_202,11303,4.28
CA_1,FOODS_3_202,11304,4.28
CA_1,FOODS_3_202,11305,4.28
CA_1,FOODS_3_202,11306,3.98
CA_1,FOODS_3_202,11307,3.98
CA_1,FOODS_3_202,11308,3.98
CA_1,FOODS_3_202,11309,3.98
CA_1,FOODS_3_202,11310,3.98
CA_1,FOODS_3_202,11311,3.98
CA_1,FOODS_3_202,11312,3.98
CA_1,FOODS_3_202,11313,3.98
CA_1,FOODS_3_202,11314,3.98
CA_1,FOODS_3_202,11315,3.98
CA_1,FOODS_3_202,11316,3.98
CA_1,FOODS_3_202,11317,3.98
CA_1,FOODS_3_202,11318,3.98
CA_1,FOODS_3_202,11319,3.98
CA_1,FOODS_3_202,11320,3.98
CA_1,FOODS_3_202,11321,3.98
CA_1,FOODS_3_202,11322,3.98
CA_1,FOODS_3_202,11323,3.98
CA_1,FOODS_3_202,11324,3.98
CA_1,FOODS_3_202,11325,3.98
CA_1,FOODS_3_202,11326,3.98
CA_1,FOODS_3_202,11327,3.98
CA_1,FOODS_3_202,11328,3.98
CA_1,FOODS_3_202,11329,3.98
CA_1,FOODS_3_202,11330,3.98
CA_1,FOODS_3_202,11331,4.28
CA_1,FOODS_3_202,11332,4.28
CA_1,FOODS_3_202,11333,4.28
CA_1,FOODS_3_202,11334,4.28
CA_1,FOODS_3_202,11335,4.28
CA_1,FOODS_3_202,11336,4.28
CA_1,FOODS_3_202,11337,4.28
CA_1,FOODS_3_202,11338,4.28
CA_1,FOODS_3_202,11339,4.28
CA_1,FOODS_3_202,11340,4.28
CA_1,FOODS_3_202,11341,4.28
CA_1,FOODS_3_202,11342,4.28
CA_1,FOODS_3_202,11343,4.28
CA_1,FOODS_3_202,11344,4.28
CA_1,FOODS_3_202,11345,4.28
CA_1,FOODS_3_202,11346,4.28
CA_1,FOODS_3_202,11347,4.28
CA_1,FOODS_3_202,11348,4.28
CA_1,FOODS_3_202,11349,4.28
CA_1,FOODS_3_202,11350,4.28
CA_1,FOODS_3_202,11351,4.38
CA_1,FOODS_3_202,11352,4.38
CA_1,FOODS_3_202,11353,4.38
CA_1,FOODS_3_202,11401,4.38
CA_1,FOODS_3_202,11402,4.38
CA_1,FOODS_3_202,11403,4.38
CA_1,FOODS_3_202,11404,4.38
CA_1,FOODS_3_202,11405,4.38
CA_1,FOODS_3_202,11406,4.38
CA_1,FOODS_3_202,11407,4.38
CA_1,FOODS_3_202,11408,4.38
CA_1,FOODS_3_202,11409,4.38
CA_1,FOODS_3_202,11410,4.38
CA_1,FOODS_3_202,11411,4.38
CA_1,FOODS_3_202,11412,4.38
CA_1,FOODS_3_202,11413,4.38
CA_1,FOODS_3_202,11414,4.38
CA_1,FOODS_3_202,11415,4.38
CA_1,FOODS_3_202,11416,4.38
CA_1,FOODS_3_202,11417,4.38
CA_1,FOODS_3_202,11418,4.38
CA_1,FOODS_3_202,11419,4.38
CA_1,FOODS_3_202,11420,4.38
CA_1,FOODS_3_202,11421,4.38
CA_1,FOODS_3_202,11422,4.38
CA_1,FOODS_3_202,11423,4.38
CA_1,FOODS_3_202,11424,4.38
CA_1,FOODS_3_202,11425,4.38
CA_1,FOODS_3_202,11426,4.38
CA_1,FOODS_3_202,11427,4.38
CA_1,FOODS_3_202,11428,4.38
CA_1,FOODS_3_202,11429,4.38
CA_1,FOODS_3_202,11430,4.38
CA_1,FOODS_3_202,11431,4.38
CA_1,FOODS_3_202,11432,4.38
CA_1,FOODS_3_202,11433,4.38
CA_1,FOODS_3_202,11434,4.38
CA_1,FOODS_3_202,11435,4.38
CA_1,FOODS_3_202,11436,4.38
CA_1,FOODS_3_202,11437,4.38
CA_1,FOODS_3_202,11438,4.58
CA_1,FOODS_3_202,11439,4.58
CA_1,FOODS_3_202,11440,4.58
CA_1,FOODS_3_202,11441,4.58
CA_1,FOODS_3_202,11442,4.58
CA_1,FOODS_3_202,11443,4.58
CA_1,FOODS_3_202,11444,4.58
CA_1,FOODS_3_202,11445,4.58
CA_1,FOODS_3_202,11446,4.58
CA_1,FOODS_3_202,11447,4.58
CA_1,FOODS_3_202,11448,4.58
CA_1,FOODS_3_202,11449,4.58
CA_1,FOODS_3_202,11450,4.58
CA_1,FOODS_3_202,11451,4.58
CA_1,FOODS_3_202,11452,4.58
CA_1,FOODS_3_202,11501,4.58
CA_1,FOODS_3_202,11502,4.58
CA_1,FOODS_3_202,11503,4.58
CA_1,FOODS_3_202,11504,4.58
CA_1,FOODS_3_202,11505,4.58
CA_1,FOODS_3_202,11506,4.58
CA_1,FOODS_3_202,11507,4.48
CA_1,FOODS_3_202,11508,4.48
CA_1,FOODS_3_202,11509,4.48
CA_1,FOODS_3_202,11510,4.48
CA_1,FOODS_3_202,11511,4.58
CA_1,FOODS_3_202,11512,4.58
CA_1,FOODS_3_202,11513,4.58
CA_1,FOODS_3_202,11514,4.58
CA_1,FOODS_3_202,11515,4.58
CA_1,FOODS_3_202,11516,4.58
CA_1,FOODS_3_202,11517,4.58
CA_1,FOODS_3_202,11518,4.58
CA_1,FOODS_3_202,11519,4.58
CA_1,FOODS_3_202,11520,4.58
CA_1,FOODS_3_202,11521,4.58
CA_1,FOODS_3_202,11522,4.58
CA_1,FOODS_3_202,11523,4.58
CA_1,FOODS_3_202,11524,4.58
CA_1,FOODS_3_202,11525,4.58
CA_1,FOODS_3_202,11526,4.58
CA_1,FOODS_3_202,11527,4.58
CA_1,FOODS_3_202,11528,4.58
CA_1,FOODS_3_202,11529,4.58
CA_1,FOODS_3_202,11530,4.58
CA_1,FOODS_3_202,11531,4.58
CA_1,FOODS_3_202,11532,4.58
CA_1,FOODS_3_202,11533,4.58
CA_1,FOODS_3_202,11534,4.58
CA_1,FOODS_3_202,11535,4.58
CA_1,FOODS_3_202,11536,4.58
CA_1,FOODS_3_202,11537,4.58
CA_1,FOODS_3_202,11538,4.58
CA_1,FOODS_3_202,11539,4.58
CA_1,FOODS_3_202,11540,4.58
CA_1,FOODS_3_202,11541,4.58
CA_1,FOODS_3_202,11542,4.58
CA_1,FOODS_3_202,11543,4.58
CA_1,FOODS_3_202,11544,4.58
CA_1,FOODS_3_202,11545,4.58
CA_1,FOODS_3_202,11546,4.68
CA_1,FOODS_3_202,11547,4.68
CA_1,FOODS_3_202,11548,4.68
CA_1,FOODS_3_202,11549,4.68
CA_1,FOODS_3_202,11550,4.68
CA_1,FOODS_3_202,11551,4.68
CA_1,FOODS_3_202,11552,4.68
CA_1,FOODS_3_202,11601,4.68
CA_1,FOODS_3_202,11602,4.68
CA_1,FOODS_3_202,11603,4.68
CA_1,FOODS_3_202,11604,4.68
CA_1,FOODS_3_202,11605,4.68
CA_1,FOODS_3_202,11606,4.68
CA_1,FOODS_3_202,11607,4.68
CA_1,FOODS_3_202,11608,4.68
CA_1,FOODS_3_202,11609,4.68
CA_1,FOODS_3_202,11610,4.68
CA_1,FOODS_3_202,11611,4.68
CA_1,FOODS_3_202,11612,4.68
CA_1,FOODS_3_202,11613,4.68
CA_1,FOODS_3_202,11614,4.68
CA_1,FOODS_3_202,11615,4.68
CA_1,FOODS_3_202,11616,4.68
CA_1,FOODS_3_202,11617,4.68
CA_1,FOODS_3_202,11618,4.68
CA_1,FOODS_3_202,11619,4.68
CA_1,FOODS_3_202,11620,4.68
CA_1,FOODS_3_202,11621,4.68
CA_1,FOODS_3_228,11101,1.48
CA_1,FOODS_3_228,11102,1.48
CA_1,FOODS_3_228,11103,1.48
CA_1,FOODS_3_228,11104,1.48
CA_1,FOODS_3_228,11105,1.48
CA_1,FOODS_3_228,11106,1.48
CA_1,FOODS_3_228,11107,1.48
CA_1,FOODS_3_228,11108,1.48
CA_1,FOODS_3_228,11109,1.48
CA_1,FOODS_3_228,11110,1.48
CA_1,FOODS_3_228,11111,1.48
CA_1,FOODS_3_228,11112,1.48
CA_1,FOODS_3_228,11113,1.48
CA_1,FOODS_3_228,11114,1.48
CA_1,FOODS_3_228,11115,1.48
CA_1,FOODS_3_228,11116,1.48
CA_1,FOODS_3_228,11117,1.48
CA_1,FOODS_3_228,11118,1.48
CA_1,FOODS_3_228,11119,1.48
CA_1,FOODS_3_228,11120,1.48
CA_1,FOODS_3_228,11121,1.48
CA_1,FOODS_3_228,11122,1.48
CA_1,FOODS_3_228,11123,1.48
CA_1,FOODS_3_228,11124,1.48
CA_1,FOODS_3_228,11125,1.48
CA_1,FOODS_3_228,11126,1.48
CA_1,FOODS_3_228,11127,1.48
CA_1,FOODS_3_228,11128,1.48
CA_1,FOODS_3_228,11129,1.48
CA_1,FOODS_3_228,11130,1.48
CA_1,FOODS_3_228,11131,1.48
CA_1,FOODS_3_228,11132,1.48
CA_1,FOODS_3_228,11133,1.48
CA_1,FOODS_3_228,11134,1.48
CA_1,FOODS_3_228,11135,1.48
CA_1,FOODS_3_228,11136,1.48
CA_1,FOODS_3_228,11137,1.48
CA_1,FOODS_3_228,11138,1.48
CA_1,FOODS_3_228,11139,1.48
CA_1,FOODS_3_228,11140,1.48
CA_1,FOODS_3_228,11141,1.48
CA_1,FOODS_3_228,11142,1.48
CA_1,FOODS_3_228,11143,1.48
CA_1,FOODS_3_228,11144,1.48
CA_1,FOODS_3_228,11145,1.48
CA_1,FOODS_3_228,11146,1.48
CA_1,FOODS_3_228,11147,1.48
CA_1,FOODS_3_228,11148,1.48
CA_1,FOODS_3_228,11149,1.48
CA_1,FOODS_3_228,11150,1.48
CA_1,FOODS_3_228,11151,1.48
CA_1,FOODS_3_228,11152,1.48
CA_1,FOODS_3_228,11201,1.48
CA_1,FOODS_3_228,11202,1.48
CA_1,FOODS_3_228,11203,1.48
CA_1,FOODS_3_228,11204,1.58
CA_1,FOODS_3_228,11205,1.58
CA_1,FOODS_3_228,11206,1.58
CA_1,FOODS_3_228,11207,1.58
CA_1,FOODS_3_228,11208,1.58
CA_1,FOODS_3_228,11209,1.58
CA_1,FOODS_3_228,11210,1.58
CA_1,FOODS_3_228,11211,1.58
CA_1,FOODS_3_228,11212,1.58
CA_1,FOODS_3_228,11213,1.58
CA_1,FOODS_3_228,11214,1.58
CA_1,FOODS_3_228,11215,1.58
CA_1,FOODS_3_228,11216,1.58
CA_1,FOODS_3_228,11217,1.58
CA_1,FOODS_3_228,11218,1.58
CA_1,FOODS_3_228,11219,1.58
CA_1,FOODS_3_228,11220,1.58
CA_1,FOODS_3_228,11221,1.58
CA_1,FOODS_3_228,11222,1.58
CA_1,FOODS_3_228,11223,1.58
CA_1,FOODS_3_228,11224,1.58
CA_1,FOODS_3_228,11225,1.58
CA_1,FOODS_3_228,11226,1.58
CA_1,FOODS_3_228,11227,1.58
CA_1,FOODS_3_228,11228,1.58
CA_1,FOODS_3_228,11229,1.58
CA_1,FOODS_3_228,11230,1.58
CA_1,FOODS_3_228,11231,1.58
CA_1,FOODS_3_228,11232,1.58
CA_1,FOODS_3_228,11233,1.58
CA_1,FOODS_3_228,11234,1.58
CA_1,FOODS_3_228,11235,1.58
CA_1,FOODS_3_228,11236,1.58
CA_1,FOODS_3_228,11237,1.58
CA_1,FOODS_3_228,11238,1.58
CA_1,FOODS_3_228,11239,1.58
CA_1,FOODS_3_228,11240,1.58
CA_1,FOODS_3_228,11241,1.58
CA_1,FOODS_3_228,11242,1.58
CA_1,FOODS_3_228,11243,1.58
CA_1,FOODS_3_228,11244,1.58
CA_1,FOODS_3_228,11245,1.58
CA_1,FOODS_3_228,11246,1.58
CA_1,FOODS_3_228,11247,1.58
CA_1,FOODS_3_228,11248,1.58
CA_1,FOODS_3_228,11249,1.58
CA_1,FOODS_3_228,11250,1.58
CA_1,FOODS_3_228,11251,1.58
CA_1,FOODS_3_228,11252,1.58
CA_1,FOODS_3_228,11301,1.58
CA_1,FOODS_3_228,11302,1.58
CA_1,FOODS_3_228,11303,1.58
CA_1,FOODS_3_228,11304,1.58
CA_1,FOODS_3_228,11305,1.58
CA_1,FOODS_3_228,11306,1.58
CA_1,FOODS_3_228,11307,1.58
CA_1,FOODS_3_228,11308,1.58
CA_1,FOODS_3_228,11309,1.58
CA_1,FOODS_3_228,11310,1.58
CA_1,FOODS_3_228,11311,1.58
CA_1,FOODS_3_228,11312,1.58
CA_1,FOODS_3_228,11313,1.58
CA_1,FOODS_3_228,11314,1.58
CA_1,FOODS_3_228,11315,1.58
CA_1,FOODS_3_228,11316,1.58
CA_1,FOODS_3_228,11317,1.58
CA_1,FOODS_3_228,11318,1.58
CA_1,FOODS_3_228,11319,1.58
CA_1,FOODS_3_228,11320,1.58
CA_1,FOODS_3_228,11321,1.58
CA_1,FOODS_3_228,11322,1.58
CA_1,FOODS_3_228,11323,1.58
CA_1,FOODS_3_228,11324,1.58
CA_1,FOODS_3_228,11325,1.58
CA_1,FOODS_3_228,11326,1.58
CA_1,FOODS_3_228,11327,1.58
CA_1,FOODS_3_228,11328,1.58
CA_1,FOODS_3_228,11329,1.58
CA_1,FOODS_3_228,11330,1.58
CA_1,FOODS_3_228,11331,1.58
CA_1,FOODS_3_228,11332,1.58
CA_1,FOODS_3_228,11333,1.58
CA_1,FOODS_3_228,11334,1.58
CA_1,FOODS_3_228,11335,1.58
CA_1,FOODS_3_228,11336,1.58
CA_1,FOODS_3_228,11337,1.58
CA_1,FOODS_3_228,11338,1.58
CA_1,FOODS_3_228,11339,1.58
CA_1,FOODS_3_228,11340,1.58
CA_1,FOODS_3_228,11341,1.58
CA_1,FOODS_3_228,11342,1.58
CA_1,FOODS_3_228,11343,1.58
CA_1,FOODS_3_228,11344,1.58
CA_1,FOODS_3_228,11345,1.58
CA_1,FOODS_3_228,11346,1.58
CA_1,FOODS_3_228,11347,1.58
CA_1,FOODS_3_228,11348,1.58
CA_1,FOODS_3_228,11349,1.58
CA_1,FOODS_3_228,11350,1.58
CA_1,FOODS_3_228,11351,1.58
CA_1,FOODS_3_228,11352,1.58
CA_1,FOODS_3_228,11353,1.58
CA_1,FOODS_3_228,11401,1.58
CA_1,FOODS_3_228,11402,1.58
CA_1,FOODS_3_228,11403,1.58
CA_1,FOODS_3_228,11404,1.58
CA_1,FOODS_3_228,11405,1.58
CA_1,FOODS_3_228,11406,1.58
CA_1,FOODS_3_228,11407,1.58
CA_1,FOODS_3_228,11408,1.58
CA_1,FOODS_3_228,11409,1.58
CA_1,FOODS_3_228,11410,1.58
CA_1,FOODS_3_228,11411,1.58
CA_1,FOODS_3_228,11412,1.58
CA_1,FOODS_3_228,11413,1.58
CA_1,FOODS_3_228,11414,1.58
CA_1,FOODS_3_228,11415,1.58
CA_1,FOODS_3_228,11416,1.58
CA_1,FOODS_3_228,11417,1.58
CA_1,FOODS_3_228,11418,1.58
CA_1,FOODS_3_228,11419,1.58
CA_1,FOODS_3_228,11420,1.58
CA_1,FOODS_3_228,11421,1.58
CA_1,FOODS_3_228,11422,1.58
CA_1,FOODS_3_228,11423,1.58
CA_1,FOODS_3_228,11424,1.58
CA_1,FOODS_3_228,11425,1.58
CA_1,FOODS_3_228,11426,1.68
CA_1,FOODS_3_228,11427,1.68
CA_1,FOODS_3_228,11428,1.68
CA_1,FOODS_3_228,11429,1.68
CA_1,FOODS_3_228,11430,1.68
CA_1,FOODS_3_228,11431,1.68
CA_1,FOODS_3_228,11432,1.68
CA_1,FOODS_3_228,11433,1.68
CA_1,FOODS_3_228,11434,1.68
CA_1,FOODS_3_228,11435,1.68
CA_1,FOODS_3_228,11436,1.68
CA_1,FOODS_3_228,11437,1.68
CA_1,FOODS_3_228,11438,1.68
CA_1,FOODS_3_228,11439,1.68
CA_1,FOODS_3_228,11440,1.68
CA_1,FOODS_3_228,11441,1.68
CA_1,FOODS_3_228,11442,1.68
CA_1,FOODS_3_228,11443,1.68
CA_1,FOODS_3_228,11444,1.68
CA_1,FOODS_3_228,11445,1.68
CA_1,FOODS_3_228,11446,1.68
CA_1,FOODS_3_228,11447,1.68
CA_1,FOODS_3_228,11448,1.68
CA_1,FOODS_3_228,11449,1.68
CA_1,FOODS_3_228,11450,1.68
CA_1,FOODS_3_228,11451,1.68
CA_1,FOODS_3_228,11452,1.68
CA_1,FOODS_3_228,11501,1.68
CA_1,FOODS_3_228,11502,1.68
CA_1,FOODS_3_228,11503,1.68
CA_1,FOODS_3_228,11504,1.68
CA_1,FOODS_3_228,11505,1.68
CA_1,FOODS_3_228,11506,1.68
CA_1,FOODS_3_228,11507,1.68
CA_1,FOODS_3_228,11508,1.68
CA_1,FOODS_3_228,11509,1.68
CA_1,FOODS_3_228,11510,1.68
CA_1,FOODS_3_228,11511,1.68
CA_1,FOODS_3_228,11512,1.68
CA_1,FOODS_3_228,11513,1.68
CA_1,FOODS_3_228,11514,1.68
CA_1,FOODS_3_228,11515,1.68
CA_1,FOODS_3_228,11516,1.68
CA_1,FOODS_3_228,11517,1.68
CA_1,FOODS_3_228,11518,1.68
CA_1,FOODS_3_228,11519,1.68
CA_1,FOODS_3_228,11520,1.68
CA_1,FOODS_3_228,11521,1.68
CA_1,FOODS_3_228,11522,1.68
CA_1,FOODS_3_228,11523,1.68
CA_1,FOODS_3_228,11524,1.68
CA_1,FOODS_3_228,11525,1.68
CA_1,FOODS_3_228,11526,1.68
CA_1,FOODS_3_228,11527,1.68
CA_1,FOODS_3_228,11528,1.68
CA_1,FOODS_3_228,11529,1.68
CA_1,FOODS_3_228,11530,1.68
CA_1,FOODS_3_228,11531,1.68
CA_1,FOODS_3_228,11532,1.68
CA_1,FOODS_3_228,11533,1.68
CA_1,FOODS_3_228,11534,1.68
CA_1,FOODS_3_228,11535,1.68
CA_1,FOODS_3_228,11536,1.68
CA_1,FOODS_3_228,11537,1.68
CA_1,FOODS_3_228,11538,1.68
CA_1,FOODS_3_228,11539,1.68
CA_1,FOODS_3_228,11540,1.68
CA_1,FOODS_3_228,11541,1.68
CA_1,FOODS_3_228,11542,1.68
CA_1,FOODS_3_228,11543,1.68
CA_1,FOODS_3_228,11544,1.68
CA_1,FOODS_3_228,11545,1.68
CA_1,FOODS_3_228,11546,1.68
CA_1,FOODS_3_228,11547,1.68
CA_1,FOODS_3_228,11548,1.68
CA_1,FOODS_3_228,11549,1.68
CA_1,FOODS_3_228,11550,1.68
CA_1,FOODS_3_228,11551,1.68
CA_1,FOODS_3_228,11552,1.68
CA_1,FOODS_3_228,11601,1.68
CA_1,FOODS_3_228,11602,1.68
CA_1,FOODS_3_228,11603,1.68
CA_1,FOODS_3_228,11604,1.68
CA_1,FOODS_3_228,11605,1.68
CA_1,FOODS_3_228,11606,1.68
CA_1,FOODS_3_228,11607,1.68
CA_1,FOODS_3_228,11608,1.68
CA_1,FOODS_3_228,11609,1.68
CA_1,FOODS_3_228,11610,1.68
CA_1,FOODS_3_228,11611,1.68
CA_1,FOODS_3_228,11612,1.68
CA_1,FOODS_3_228,11613,1.68
CA_1,FOODS_3_228,11614,1.68
CA_1,FOODS_3_228,11615,1.68
CA_1,FOODS_3_228,11616,1.68
CA_1,FOODS_3_228,11617,1.68
CA_1,FOODS_3_228,11618,1.68
CA_1,FOODS_3_228,11619,1.68
CA_1,FOODS_3_228,11620,1.68
CA_1,FOODS_3_228,11621,1.68
CA_1,FOODS_3_234,11103,0.2
CA_1,FOODS_3_234,11104,0.2
CA_1,FOODS_3_234,11105,0.2
CA_1,FOODS_3_234,11106,0.2
CA_1,FOODS_3_234,11107,0.2
CA_1,FOODS_3_234,11108,0.2
CA_1,FOODS_3_234,11109,0.2
CA_1,FOODS_3_234,11110,0.2
CA_1,FOODS_3_234,11111,0.2
CA_1,FOODS_3_234,11112,0.2
CA_1,FOODS_3_234,11113,0.2
CA_1,FOODS_3_234,11114,0.2
CA_1,FOODS_3_234,11115,0.2
CA_1,FOODS_3_234,11116,0.2
CA_1,FOODS_3_234,11117,0.2
CA_1,FOODS_3_234,11118,0.2
CA_1,FOODS_3_234,11119,0.2
CA_1,FOODS_3_234,11120,0.2
CA_1,FOODS_3_234,11121,0.2
CA_1,FOODS_3_234,11122,0.2
CA_1,FOODS_3_234,11123,0.2
CA_1,FOODS_3_234,11124,0.2
CA_1,FOODS_3_234,11125,0.2
CA_1,FOODS_3_234,11126,0.2
CA_1,FOODS_3_234,11127,0.2
CA_1,FOODS_3_234,11128,0.2
CA_1,FOODS_3_234,11129,0.2
CA_1,FOODS_3_234,11130,0.2
CA_1,FOODS_3_234,11131,0.2
CA_1,FOODS_3_234,11132,0.2
CA_1,FOODS_3_234,11133,0.2
CA_1,FOODS_3_234,11134,0.2
CA_1,FOODS_3_234,11135,0.2
CA_1,FOODS_3_234,11136,0.2
CA_1,FOODS_3_234,11137,0.2
CA_1,FOODS_3_234,11138,0.2
CA_1,FOODS_3_234,11139,0.2
CA_1,FOODS_3_234,11140,0.2
CA_1,FOODS_3_234,11141,0.2
CA_1,FOODS_3_234,11142,0.2
CA_1,FOODS_3_234,11143,0.2
CA_1,FOODS_3_234,11144,0.2
CA_1,FOODS_3_234,11145,0.2
CA_1,FOODS_3_234,11146,0.2
CA_1,FOODS_3_234,11147,0.2
CA_1,FOODS_3_234,11148,0.2
CA_1,FOODS_3_234,11149,0.2
CA_1,FOODS_3_234,11150,0.2
CA_1,FOODS_3_234,11151,0.2
CA_1,FOODS_3_234,11152,0.2
CA_1,FOODS_3_234,11201,0.2
CA_1,FOODS_3_234,11202,0.2
CA_1,FOODS_3_234,11203,0.2
CA_1,FOODS_3_234,11204,0.2
CA_1,FOODS_3_234,11205,0.2
CA_1,FOODS_3_234,11206,0.2
CA_1,FOODS_3_234,11207,0.2
CA_1,FOODS_3_234,11208,0.2
CA_1,FOODS_3_234,11209,0.2
CA_1,FOODS_3_234,11210,0.2
CA_1,FOODS_3_234,11211,0.2
CA_1,FOODS_3_234,11212,0.2
CA_1,FOODS_3_234,11213,0.2
CA_1,FOODS_3_234,11214,0.2
CA_1,FOODS_3_234,11215,0.2
CA_1,FOODS_3_234,11216,0.2
CA_1,FOODS_3_234,11217,0.2
CA_1,FOODS_3_234,11218,0.2
CA_1,FOODS_3_234,11219,0.2
CA_1,FOODS_3_234,11220,0.2
CA_1,FOODS_3_234,11221,0.2
CA_1,FOODS_3_234,11222,0.2
CA_1,FOODS_3_234,11223,0.2
CA_1,FOODS_3_234,11224,0.2
CA_1,FOODS_3_234,11225,0.2
CA_1,FOODS_3_234,11226,0.2
CA_1,FOODS_3_234,11227,0.2
CA_1,FOODS_3_234,11228,0.2
CA_1,FOODS_3_234,11229,0.2
CA_1,FOODS_3_234,11230,0.2
CA_1,FOODS_3_234,11231,0.2
CA_1,FOODS_3_234,11232,0.2
CA_1,FOODS_3_234,11233,0.2
CA_1,FOODS_3_234,11234,0.2
CA_1,FOODS_3_234,11235,0.2
CA_1,FOODS_3_234,11236,0.2
CA_1,FOODS_3_234,11237,0.2
CA_1,FOODS_3_234,11238,0.2
CA_1,FOODS_3_234,11239,0.2
CA_1,FOODS_3_234,11240,0.2
CA_1,FOODS_3_234,11241,0.2
CA_1,FOODS_3_234,11242,0.2
CA_1,FOODS_3_234,11243,0.2
CA_1,FOODS_3_234,11244,0.2
CA_1,FOODS_3_234,11245,0.2
CA_1,FOODS_3_234,11246,0.2
CA_1,FOODS_3_234,11247,0.2
CA_1,FOODS_3_234,11248,0.2
CA_1,FOODS_3_234,11249,0.2
CA_1,FOODS_3_234,11250,0.2
CA_1,FOODS_3_234,11251,0.2
CA_1,FOODS_3_234,11252,0.2
CA_1,FOODS_3_234,11301,0.2
CA_1,FOODS_3_234,11302,0.2
CA_1,FOODS_3_234,11303,0.2
CA_1,FOODS_3_234,11304,0.2
CA_1,FOODS_3_234,11305,0.2
CA_1,FOODS_3_234,11306,0.2
CA_1,FOODS_3_234,11307,0.2
CA_1,FOODS_3_234,11308,0.2
CA_1,FOODS_3_234,11309,0.2
CA_1,FOODS_3_234,11310,0.2
CA_1,FOODS_3_234,11311,0.2
CA_1,FOODS_3_234,11312,0.2
CA_1,FOODS_3_234,11313,0.2
CA_1,FOODS_3_234,11314,0.2
CA_1,FOODS_3_234,11315,0.2
CA_1,FOODS_3_234,11316,0.2
CA_1,FOODS_3_234,11317,0.2
CA_1,FOODS_3_234,11318,0.2
CA_1,FOODS_3_234,11319,0.2
CA_1,FOODS_3_234,11320,0.2
CA_1,FOODS_3_234,11321,0.2
CA_1,FOODS_3_234,11322,0.2
CA_1,FOODS_3_234,11323,0.2
CA_1,FOODS_3_234,11324,0.2
CA_1,FOODS_3_234,11325,0.2
CA_1,FOODS_3_234,11326,0.2
CA_1,FOODS_3_234,11327,0.2
CA_1,FOODS_3_234,11328,0.2
CA_1,FOODS_3_234,11329,0.2
CA_1,FOODS_3_234,11330,0.2
CA_1,FOODS_3_234,11331,0.2
CA_1,FOODS_3_234,11332,0.2
CA_1,FOODS_3_234,11333,0.2
CA_1,FOODS_3_234,11334,0.2
CA_1,FOODS_3_234,11335,0.2
CA_1,FOODS_3_234,11336,0.2
CA_1,FOODS_3_234,11337,0.2
CA_1,FOODS_3_234,11338,0.2
CA_1,FOODS_3_234,11339,0.2
CA_1,FOODS_3_234,11340,0.2
CA_1,FOODS_3_234,11341,0.2
CA_1,FOODS_3_234,11342,0.2
CA_1,FOODS_3_234,11343,0.2
CA_1,FOODS_3_234,11344,0.2
CA_1,FOODS_3_234,11345,0.2
CA_1,FOODS_3_234,11346,0.2
CA_1,FOODS_3_234,11347,0.2
CA_1,FOODS_3_234,11348,0.2
CA_1,FOODS_3_234,11349,0.2
CA_1,FOODS_3_234,11350,0.2
CA_1,FOODS_3_234,11351,0.2
CA_1,FOODS_3_234,11352,0.2
CA_1,FOODS_3_234,11353,0.2
CA_1,FOODS_3_234,11401,0.2
CA_1,FOODS_3_234,11402,0.2
CA_1,FOODS_3_234,11403,0.2
CA_1,FOODS_3_234,11404,0.2
CA_1,FOODS_3_234,11405,0.2
CA_1,FOODS_3_234,11406,0.2
CA_1,FOODS_3_234,11407,0.2
CA_1,FOODS_3_234,11408,0.2
CA_1,FOODS_3_234,11409,0.2
CA_1,FOODS_3_234,11410,0.2
CA_1,FOODS_3_234,11411,0.2
CA_1,FOODS_3_234,11412,0.2
CA_1,FOODS_3_234,11413,0.2
CA_1,FOODS_3_234,11414,0.2
CA_1,FOODS_3_234,11415,0.2
CA_1,FOODS_3_234,11416,0.2
CA_1,FOODS_3_234,11417,0.2
CA_1,FOODS_3_234,11418,0.2
CA_1,FOODS_3_234,11419,0.2
CA_1,FOODS_3_234,11420,0.2
CA_1,FOODS_3_234,11421,0.2
CA_1,FOODS_3_234,11422,0.2
CA_1,FOODS_3_234,11423,0.2
CA_1,FOODS_3_234,11424,0.2
CA_1,FOODS_3_234,11425,0.2
CA_1,FOODS_3_234,11426,0.2
CA_1,FOODS_3_234,11427,0.2
CA_1,FOODS_3_234,11428,0.2
CA_1,FOODS_3_234,11429,0.2
CA_1,FOODS_3_234,11430,0.2
CA_1,FOODS_3_234,11431,0.2
CA_1,FOODS_3_234,11432,0.2
CA_1,FOODS_3_234,11433,0.2
CA_1,FOODS_3_234,11434,0.2
CA_1,FOODS_3_234,11435,0.2
CA_1,FOODS_3_234,11436,0.2
CA_1,FOODS_3_234,11437,0.2
CA_1,FOODS_3_234,11438,0.2
CA_1,FOODS_3_234,11439,0.2
CA_1,FOODS_3_234,11440,0.2
CA_1,FOODS_3_234,11441,0.2
CA_1,FOODS_3_234,11442,0.2
CA_1,FOODS_3_234,11443,0.2
CA_1,FOODS_3_234,11444,0.2
CA_1,FOODS_3_234,11445,0.2
CA_1,FOODS_3_234,11446,0.2
CA_1,FOODS_3_234,11447,0.2
CA_1,FOODS_3_234,11448,0.2
CA_1,FOODS_3_234,11449,0.2
CA_1,FOODS_3_234,11450,0.2
CA_1,FOODS_3_234,11451,0.2
CA_1,FOODS_3_234,11452,0.2
CA_1,FOODS_3_234,11501,0.2
CA_1,FOODS_3_234,11502,0.2
CA_1,FOODS_3_234,11503,0.2
CA_1,FOODS_3_234,11504,0.2
CA_1,FOODS_3_234,11505,0.2
CA_1,FOODS_3_234,11506,0.2
CA_1,FOODS_3_234,11507,0.2
CA_1,FOODS_3_234,11508,0.2
CA_1,FOODS_3_234,11509,0.2
CA_1,FOODS_3_234,11510,0.2
CA_1,FOODS_3_234,11511,0.2
CA_1,FOODS_3_234,11512,0.2
CA_1,FOODS_3_234,11513,0.2
CA_1,FOODS_3_234,11514,0.2
CA_1,FOODS_3_234,11515,0.2
CA_1,FOODS_3_234,11516,0.2
CA_1,FOODS_3_234,11517,0.2
CA_1,FOODS_3_234,11518,0.2
CA_1,FOODS_3_234,11519,0.2
CA_1,FOODS_3_234,11520,0.2
CA_1,FOODS_3_234,11521,0.2
CA_1,FOODS_3_234,11522,0.2
CA_1,FOODS_3_234,11523,0.2
CA_1,FOODS_3_234,11524,0.2
CA_1,FOODS_3_234,11525,0.2
CA_1,FOODS_3_234,11526,0.2
CA_1,FOODS_3_234,11527,0.2
CA_1,FOODS_3_234,11528,0.2
CA_1,FOODS_3_234,11529,0.2
CA_1,FOODS_3_234,11530,0.2
CA_1,FOODS_3_234,11531,0.2
CA_1,FOODS_3_234,11532,0.2
CA_1,FOODS_3_234,11533,0.2
CA_1,FOODS_3_234,11534,0.2
CA_1,FOODS_3_234,11535,0.2
CA_1,FOODS_3_234,11536,0.2
CA_1,FOODS_3_234,11537,0.2
CA_1,FOODS_3_234,11538,0.2
CA_1,FOODS_3_234,11539,0.2
CA_1,FOODS_3_234,11540,0.2
CA_1,FOODS_3_234,11541,0.2
CA_1,FOODS_3_234,11542,0.2
CA_1,FOODS_3_234,11543,0.2
CA_1,FOODS_3_234,11544,0.2
CA_1,FOODS_3_234,11545,0.2
CA_1,FOODS_3_234,11546,0.2
CA_1,FOODS_3_234,11547,0.2
CA_1,FOODS_3_234,11548,0.2
CA_1,FOODS_3_234,11549,0.2
CA_1,FOODS_3_234,11550,0.2
CA_1,FOODS_3_234,11551,0.2
CA_1,FOODS_3_234,11552,0.2
CA_1,FOODS_3_234,11601,0.2
CA_1,FOODS_3_234,11602,0.2
CA_1,FOODS_3_234,11603,0.2
CA_1,FOODS_3_234,11604,0.2
CA_1,FOODS_3_234,11605,0.2
CA_1,FOODS_3_234,11606,0.2
CA_1,FOODS_3_234,11607,0.25
CA_1,FOODS_3_234,11608,0.25
CA_1,FOODS_3_234,11609,0.25
CA_1,FOODS_3_234,11610,0.25
CA_1,FOODS_3_234,11611,0.25
CA_1,FOODS_3_234,11612,0.25
CA_1,FOODS_3_234,11613,0.25
CA_1,FOODS_3_234,11614,0.25
CA_1,FOODS_3_234,11615,0.25
CA_1,FOODS_3_234,11616,0.25
CA_1,FOODS_3_234,11617,0.25
CA_1,FOODS_3_234,11618,0.25
CA_1,FOODS_3_234,11619,0.25
CA_1,FOODS_3_234,11620,0.25
CA_1,FOODS_3_234,11621,0.25
CA_1,FOODS_3_252,11101,1.48
CA_1,FOODS_3_252,11102,1.48
CA_1,FOODS_3_252,11103,1.48
CA_1,FOODS_3_252,11104,1.48
CA_1,FOODS_3_252,11105,1.48
CA_1,FOODS_3_252,11106,1.48
CA_1,FOODS_3_252,11107,1.48
CA_1,FOODS_3_252,11108,1.48
CA_1,FOODS_3_252,11109,1.48
CA_1,FOODS_3_252,11110,1.48
CA_1,FOODS_3_252,11111,1.48
CA_1,FOODS_3_252,11112,1.48
CA_1,FOODS_3_252,11113,1.48
CA_1,FOODS_3_252,11114,1.48
CA_1,FOODS_3_252,11115,1.48
CA_1,FOODS_3_252,11116,1.48
CA_1,FOODS_3_252,11117,1.48
CA_1,FOODS_3_252,11118,1.48
CA_1,FOODS_3_252,11119,1.48
CA_1,FOODS_3_252,11120,1.48
CA_1,FOODS_3_252,11121,1.48
CA_1,FOODS_3_252,11122,1.48
CA_1,FOODS_3_252,11123,1.48
CA_1,FOODS_3_252,11124,1.48
CA_1,FOODS_3_252,11125,1.48
CA_1,FOODS_3_252,11126,1.48
CA_1,FOODS_3_252,11127,1.48
CA_1,FOODS_3_252,11128,1.48
CA_1,FOODS_3_252,11129,1.48
CA_1,FOODS_3_252,11130,1.48
CA_1,FOODS_3_252,11131,1.48
CA_1,FOODS_3_252,11132,1.48
CA_1,FOODS_3_252,11133,1.48
CA_1,FOODS_3_252,11134,1.48
CA_1,FOODS_3_252,11135,1.48
CA_1,FOODS_3_252,11136,1.48
CA_1,FOODS_3_252,11137,1.48
CA_1,FOODS_3_252,11138,1.48
CA_1,FOODS_3_252,11139,1.48
CA_1,FOODS_3_252,11140,1.48
CA_1,FOODS_3_252,11141,1.48
CA_1,FOODS_3_252,11142,1.48
CA_1,FOODS_3_252,11143,1.48
CA_1,FOODS_3_252,11144,1.48
CA_1,FOODS_3_252,11145,1.48
CA_1,FOODS_3_252,11146,1.48
CA_1,FOODS_3_252,11147,1.48
CA_1,FOODS_3_252,11148,1.48
CA_1,FOODS_3_252,11149,1.48
CA_1,FOODS_3_252,11150,1.48
CA_1,FOODS_3_252,11151,1.48
CA_1,FOODS_3_252,11152,1.48
CA_1,FOODS_3_252,11201,1.48
CA_1,FOODS_3_252,11202,1.48
CA_1,FOODS_3_252,11203,1.48
CA_1,FOODS_3_252,11204,1.48
CA_1,FOODS_3_252,11205,1.48
CA_1,FOODS_3_252,11206,1.48
CA_1,FOODS_3_252,11207,1.48
CA_1,FOODS_3_252,11208,1.48
CA_1,FOODS_3_252,11209,1.48
CA_1,FOODS_3_252,11210,1.48
CA_1,FOODS_3_252,11211,1.48
CA_1,FOODS_3_252,11212,1.48
CA_1,FOODS_3_252,11213,1.48
CA_1,FOODS_3_252,11214,1.48
CA_1,FOODS_3_252,11215,1.48
CA_1,FOODS_3_252,11216,1.48
CA_1,FOODS_3_252,11217,1.48
CA_1,FOODS_3_252,11218,1.48
CA_1,FOODS_3_252,11219,1.48
CA_1,FOODS_3_252,11220,1.48
CA_1,FOODS_3_252,11221,1.48
CA_1,FOODS_3_252,11222,1.48
CA_1,FOODS_3_252,11223,1.48
CA_1,FOODS_3_252,11224,1.48
CA_1,FOODS_3_252,11225,1.48
CA_1,FOODS_3_252,11226,1.48
CA_1,FOODS_3_252,11227,1.48
CA_1,FOODS_3_252,11228,1.48
CA_1,FOODS_3_252,11229,1.48
CA_1,FOODS_3_252,11230,1.48
CA_1,FOODS_3_252,11231,1.48
CA_1,FOODS_3_252,11232,1.48
CA_1,FOODS_3_252,11233,1.48
CA_1,FOODS_3_252,11234,1.48
CA_1,FOODS_3_252,11235,1.48
CA_1,FOODS_3_252,11236,1.48
CA_1,FOODS_3_252,11237,1.48
CA_1,FOODS_3_252,11238,1.48
CA_1,FOODS_3_252,11239,1.48
CA_1,FOODS_3_252,11240,1.48
CA_1,FOODS_3_252,11241,1.48
CA_1,FOODS_3_252,11242,1.48
CA_1,FOODS_3_252,11243,1.48
CA_1,FOODS_3_252,11244,1.48
CA_1,FOODS_3_252,11245,1.48
CA_1,FOODS_3_252,11246,1.48
CA_1,FOODS_3_252,11247,1.48
CA_1,FOODS_3_252,11248,1.48
CA_1,FOODS_3_252,11249,1.48
CA_1,FOODS_3_252,11250,1.48
CA_1,FOODS_3_252,11251,1.48
CA_1,FOODS_3_252,11252,1.48
CA_1,FOODS_3_252,11301,1.48
CA_1,FOODS_3_252,11302,1.48
CA_1,FOODS_3_252,11303,1.48
CA_1,FOODS_3_252,11304,1.48
CA_1,FOODS_3_252,11305,1.48
CA_1,FOODS_3_252,11306,1.48
CA_1,FOODS_3_252,11307,1.48
CA_1,FOODS_3_252,11308,1.48
CA_1,FOODS_3_252,11309,1.48
CA_1,FOODS_3_252,11310,1.48
CA_1,FOODS_3_252,11311,1.48
CA_1,FOODS_3_252,11312,1.48
CA_1,FOODS_3_252,11313,1.48
CA_1,FOODS_3_252,11314,1.48
CA_1,FOODS_3_252,11315,1.48
CA_1,FOODS_3_252,11316,1.48
CA_1,FOODS_3_252,11317,1.48
CA_1,FOODS_3_252,11318,1.48
CA_1,FOODS_3_252,11319,1.48
CA_1,FOODS_3_252,11320,1.48
CA_1,FOODS_3_252,11321,1.48
CA_1,FOODS_3_252,11322,1.48
CA_1,FOODS_3_252,11323,1.48
CA_1,FOODS_3_252,11324,1.48
CA_1,FOODS_3_252,11325,1.48
CA_1,FOODS_3_252,11326,1.48
CA_1,FOODS_3_252,11327,1.48
CA_1,FOODS_3_252,11328,1.48
CA_1,FOODS_3_252,11329,1.48
CA_1,FOODS_3_252,11330,1.48
CA_1,FOODS_3_252,11331,1.48
CA_1,FOODS_3_252,11332,1.48
CA_1,FOODS_3_252,11333,1.48
CA_1,FOODS_3_252,11334,1.48
CA_1,FOODS_3_252,11335,1.48
CA_1,FOODS_3_252,11336,1.48
CA_1,FOODS_3_252,11337,1.48
CA_1,FOODS_3_252,11338,1.48
CA_1,FOODS_3_252,11339,1.48
CA_1,FOODS_3_252,11340,1.48
CA_1,FOODS_3_252,11341,1.48
CA_1,FOODS_3_252,11342,1.48
CA_1,FOODS_3_252,11343,1.48
CA_1,FOODS_3_252,11344,1.48
CA_1,FOODS_3_252,11345,1.48
CA_1,FOODS_3_252,11346,1.48
CA_1,FOODS_3_252,11347,1.48
CA_1,FOODS_3_252,11348,1.48
CA_1,FOODS_3_252,11349,1.48
CA_1,FOODS_3_252,11350,1.48
CA_1,FOODS_3_252,11351,1.48
CA_1,FOODS_3_252,11352,1.48
CA_1,FOODS_3_252,11353,1.48
CA_1,FOODS_3_252,11401,1.48
CA_1,FOODS_3_252,11402,1.48
CA_1,FOODS_3_252,11403,1.48
CA_1,FOODS_3_252,11404,1.48
CA_1,FOODS_3_252,11405,1.48
CA_1,FOODS_3_252,11406,1.48
CA_1,FOODS_3_252,11407,1.48
CA_1,FOODS_3_252,11408,1.48
CA_1,FOODS_3_252,11409,1.48
CA_1,FOODS_3_252,11410,1.48
CA_1,FOODS_3_252,11411,1.48
CA_1,FOODS_3_252,11412,1.58
CA_1,FOODS_3_252,11413,1.58
CA_1,FOODS_3_252,11414,1.58
CA_1,FOODS_3_252,11415,1.58
CA_1,FOODS_3_252,11416,1.58
CA_1,FOODS_3_252,11417,1.58
CA_1,FOODS_3_252,11418,1.58
CA_1,FOODS_3_252,11419,1.58
CA_1,FOODS_3_252,11420,1.58
CA_1,FOODS_3_252,11421,1.58
CA_1,FOODS_3_252,11422,1.58
CA_1,FOODS_3_252,11423,1.58
CA_1,FOODS_3_252,11424,1.58
CA_1,FOODS_3_252,11425,1.58
CA_1,FOODS_3_252,11426,1.58
CA_1,FOODS_3_252,11427,1.58
CA_1,FOODS_3_252,11428,1.58
CA_1,FOODS_3_252,11429,1.58
CA_1,FOODS_3_252,11430,1.58
CA_1,FOODS_3_252,11431,1.58
CA_1,FOODS_3_252,11432,1.58
CA_1,FOODS_3_252,11433,1.58
CA_1,FOODS_3_252,11434,1.58
CA_1,FOODS_3_252,11435,1.58
CA_1,FOODS_3_252,11436,1.58
CA_1,FOODS_3_252,11437,1.58
CA_1,FOODS_3_252,11438,1.58
CA_1,FOODS_3_252,11439,1.58
CA_1,FOODS_3_252,11440,1.58
CA_1,FOODS_3_252,11441,1.58
CA_1,FOODS_3_252,11442,1.58
CA_1,FOODS_3_252,11443,1.58
CA_1,FOODS_3_252,11444,1.58
CA_1,FOODS_3_252,11445,1.58
CA_1,FOODS_3_252,11446,1.58
CA_1,FOODS_3_252,11447,1.58
CA_1,FOODS_3_252,11448,1.58
CA_1,FOODS_3_252,11449,1.58
CA_1,FOODS_3_252,11450,1.58
CA_1,FOODS_3_252,11451,1.58
CA_1,FOODS_3_252,11452,1.58
CA_1,FOODS_3_252,11501,1.58
CA_1,FOODS_3_252,11502,1.58
CA_1,FOODS_3_252,11503,1.58
CA_1,FOODS_3_252,11504,1.58
CA_1,FOODS_3_252,11505,1.58
CA_1,FOODS_3_252,11506,1.58
CA_1,FOODS_3_252,11507,1.58
CA_1,FOODS_3_252,11508,1.58
CA_1,FOODS_3_252,11509,1.58
CA_1,FOODS_3_252,11510,1.58
CA_1,FOODS_3_252,11511,1.58
CA_1,FOODS_3_252,11512,1.58
CA_1,FOODS_3_252,11513,1.58
CA_1,FOODS_3_252,11514,1.58
CA_1,FOODS_3_252,11515,1.58
CA_1,FOODS_3_252,11516,1.58
CA_1,FOODS_3_252,11517,1.58
CA_1,FOODS_3_252,11518,1.58
CA_1,FOODS_3_252,11519,1.58
CA_1,FOODS_3_252,11520,1.58
CA_1,FOODS_3_252,11521,1.58
CA_1,FOODS_3_252,11522,1.58
CA_1,FOODS_3_252,11523,1.58
CA_1,FOODS_3_252,11524,1.58
CA_1,FOODS_3_252,11525,1.58
CA_1,FOODS_3_252,11526,1.58
CA_1,FOODS_3_252,11527,1.58
CA_1,FOODS_3_252,11528,1.58
CA_1,FOODS_3_252,11529,1.58
CA_1,FOODS_3_252,11530,1.58
CA_1,FOODS_3_252,11531,1.58
CA_1,FOODS_3_252,11532,1.58
CA_1,FOODS_3_252,11533,1.58
CA_1,FOODS_3_252,11534,1.58
CA_1,FOODS_3_252,11535,1.58
CA_1,FOODS_3_252,11536,1.58
CA_1,FOODS_3_252,11537,1.58
CA_1,FOODS_3_252,11538,1.58
CA_1,FOODS_3_252,11539,1.58
CA_1,FOODS_3_252,11540,1.58
CA_1,FOODS_3_252,11541,1.58
CA_1,FOODS_3_252,11542,1.58
CA_1,FOODS_3_252,11543,1.58
CA_1,FOODS_3_252,11544,1.58
CA_1,FOODS_3_252,11545,1.58
CA_1,FOODS_3_252,11546,1.58
CA_1,FOODS_3_252,11547,1.58
CA_1,FOODS_3_252,11548,1.58
CA_1,FOODS_3_252,11549,1.58
CA_1,FOODS_3_252,11550,1.58
CA_1,FOODS_3_252,11551,1.58
CA_1,FOODS_3_252,11552,1.58
CA_1,FOODS_3_252,11601,1.58
CA_1,FOODS_3_252,11602,1.58
CA_1,FOODS_3_252,11603,1.58
CA_1,FOODS_3_252,11604,1.58
CA_1,FOODS_3_252,11605,1.58
CA_1,FOODS_3_252,11606,1.58
CA_1,FOODS_3_252,11607,1.58
CA_1,FOODS_3_252,11608,1.58
CA_1,FOODS_3_252,11609,1.58
CA_1,FOODS_3_252,11610,1.58
CA_1,FOODS_3_252,11611,1.58
CA_1,FOODS_3_252,11612,1.58
CA_1,FOODS_3_252,11613,1.58
CA_1,FOODS_3_252,11614,1.58
CA_1,FOODS_3_252,11615,1.58
CA_1,FOODS_3_252,11616,1.58
CA_1,FOODS_3_252,11617,1.58
CA_1,FOODS_3_252,11618,1.58
CA_1,FOODS_3_252,11619,1.58
CA_1,FOODS_3_252,11620,1.58
CA_1,FOODS_3_252,11621,1.58
CA_1,FOODS_3_281,11102,1.38
CA_1,FOODS_3_281,11103,1.38
CA_1,FOODS_3_281,11104,1.38
CA_1,FOODS_3_281,11105,1.38
CA_1,FOODS_3_281,11106,1.38
CA_1,FOODS_3_281,11107,1.38
CA_1,FOODS_3_281,11108,1.38
CA_1,FOODS_3_281,11109,1.38
CA_1,FOODS_3_281,11110,1.38
CA_1,FOODS_3_281,11111,1.38
CA_1,FOODS_3_281,11112,1.38
CA_1,FOODS_3_281,11113,1.38
CA_1,FOODS_3_281,11114,1.38
CA_1,FOODS_3_281,11115,1.38
CA_1,FOODS_3_281,11116,1.38
CA_1,FOODS_3_281,11117,1.38
CA_1,FOODS_3_281,11118,1.38
CA_1,FOODS_3_281,11119,1.38
CA_1,FOODS_3_281,11120,1.38
CA_1,FOODS_3_281,11121,1.38
CA_1,FOODS_3_281,11122,1.38
CA_1,FOODS_3_281,11123,1.38
CA_1,FOODS_3_281,11124,1.38
CA_1,FOODS_3_281,11125,1.38
CA_1,FOODS_3_281,11126,1.38
CA_1,FOODS_3_281,11127,1.38
CA_1,FOODS_3_281,11128,1.38
CA_1,FOODS_3_281,11129,1.38
CA_1,FOODS_3_281,11130,1.38
CA_1,FOODS_3_281,11131,1.38
CA_1,FOODS_3_281,11132,1.38
CA_1,FOODS_3_281,11133,1.38
CA_1,FOODS_3_281,11134,1.25
CA_1,FOODS_3_281,11135,1.25
CA_1,FOODS_3_281,11136,1.25
CA_1,FOODS_3_281,11137,1.25
CA_1,FOODS_3_281,11138,1.25
CA_1,FOODS_3_281,11139,1.25
CA_1,FOODS_3_281,11140,1.25
CA_1,FOODS_3_281,11141,1.25
CA_1,FOODS_3_281,11142,1.25
CA_1,FOODS_3_281,11143,1.25
CA_1,FOODS_3_281,11144,1.25
CA_1,FOODS_3_281,11145,1.25
CA_1,FOODS_3_281,11146,1.25
CA_1,FOODS_3_281,11147,1.25
CA_1,FOODS_3_281,11148,1.25
CA_1,FOODS_3_281,11149,1.25
CA_1,FOODS_3_281,11150,1.25
CA_1,FOODS_3_281,11151,1.25
CA_1,FOODS_3_281,11152,1.25
CA_1,FOODS_3_281,11201,1.25
CA_1,FOODS_3_281,11202,1.25
CA_1,FOODS_3_281,11203,1.25
CA_1,FOODS_3_281,11204,1.25
CA_1,FOODS_3_281,11205,1.25
CA_1,FOODS_3_281,11206,1.25
CA_1,FOODS_3_281,11207,1.25
CA_1,FOODS_3_281,11208,1.0
CA_1,FOODS_3_281,11209,1.0
CA_1,FOODS_3_281,11210,1.0
CA_1,FOODS_3_281,11211,1.0
CA_1,FOODS_3_281,11212,1.0
CA_1,FOODS_3_281,11213,1.0
CA_1,FOODS_3_281,11214,1.0
CA_1,FOODS_3_281,11215,1.0
CA_1,FOODS_3_281,11216,1.0
CA_1,FOODS_3_281,11217,1.0
CA_1,FOODS_3_281,11218,1.0
CA_1,FOODS_3_281,11219,1.0
CA_1,FOODS_3_281,11220,1.0
CA_1,FOODS_3_281,11221,1.0
CA_1,FOODS_3_281,11222,1.0
CA_1,FOODS_3_281,11223,1.0
CA_1,FOODS_3_281,11224,1.0
CA_1,FOODS_3_281,11225,1.0
CA_1,FOODS_3_281,11226,1.0
CA_1,FOODS_3_281,11227,1.0
CA_1,FOODS_3_281,11228,1.0
CA_1,FOODS_3_281,11229,1.12
CA_1,FOODS_3_281,11230,1.12
CA_1,FOODS_3_281,11231,1.12
CA_1,FOODS_3_281,11232,1.12
CA_1,FOODS_3_281,11233,1.12
CA_1,FOODS_3_281,11234,1.12
CA_1,FOODS_3_281,11235,1.12
CA_1,FOODS_3_281,11236,1.12
CA_1,FOODS_3_281,11237,1.12
CA_1,FOODS_3_281,11238,1.12
CA_1,FOODS_3_281,11239,1.18
CA_1,FOODS_3_281,11240,1.18
CA_1,FOODS_3_281,11241,1.18
CA_1,FOODS_3_281,11242,1.18
CA_1,FOODS_3_281,11243,1.18
CA_1,FOODS_3_281,11244,1.18
CA_1,FOODS_3_281,11245,1.18
CA_1,FOODS_3_281,11246,1.18
CA_1,FOODS_3_281,11247,1.18
CA_1,FOODS_3_281,11248,1.18
CA_1,FOODS_3_281,11249,1.18
CA_1,FOODS_3_281,11250,1.18
CA_1,FOODS_3_281,11251,1.18
CA_1,FOODS_3_281,11252,1.18
CA_1,FOODS_3_281,11301,1.18
CA_1,FOODS_3_281,11302,1.18
CA_1,FOODS_3_281,11303,1.18
CA_1,FOODS_3_281,11304,1.18
CA_1,FOODS_3_281,11305,1.18
CA_1,FOODS_3_281,11306,1.18
CA_1,FOODS_3_281,11307,1.18
CA_1,FOODS_3_281,11308,1.18
CA_1,FOODS_3_281,11309,1.18
CA_1,FOODS_3_281,11310,1.18
CA_1,FOODS_3_281,11311,1.18
CA_1,FOODS_3_281,11312,1.18
CA_1,FOODS_3_281,11313,1.18
CA_1,FOODS_3_281,11314,1.18
CA_1,FOODS_3_281,11315,1.18
CA_1,FOODS_3_281,11316,1.18
CA_1,FOODS_3_281,11317,1.18
CA_1,FOODS_3_281,11318,1.18
CA_1,FOODS_3_281,11319,1.18
CA_1,FOODS_3_281,11320,1.18
CA_1,FOODS_3_281,11321,1.18
CA_1,FOODS_3_281,11322,1.18
CA_1,FOODS_3_281,11323,1.18
CA_1,FOODS_3_281,11324,1.18
CA_1,FOODS_3_281,11325,1.18
CA_1,FOODS_3_281,11326,1.0
CA_1,FOODS_3_281,11327,1.0
CA_1,FOODS_3_281,11328,1.0
CA_1,FOODS_3_281,11329,1.0
CA_1,FOODS_3_281,11330,1.0
CA_1,FOODS_3_281,11331,1.0
CA_1,FOODS_3_281,11332,1.0
CA_1,FOODS_3_281,11333,1.0
CA_1,FOODS_3_281,11334,1.0
CA_1,FOODS_3_281,11335,1.0
CA_1,FOODS_3_281,11336,1.0
CA_1,FOODS_3_281,11337,1.0
CA_1,FOODS_3_281,11338,1.0
CA_1,FOODS_3_281,11339,1.0
CA_1,FOODS_3_281,11340,1.0
CA_1,FOODS_3_281,11341,1.0
CA_1,FOODS_3_281,11342,1.0
CA_1,FOODS_3_281,11343,1.0
CA_1,FOODS_3_281,11344,1.0
CA_1,FOODS_3_281,11345,1.0
CA_1,FOODS_3_281,11346,1.0
CA_1,FOODS_3_281,11347,1.0
CA_1,FOODS_3_281,11348,1.0
CA_1,FOODS_3_281,11349,1.0
CA_1,FOODS_3_281,11350,1.0
CA_1,FOODS_3_281,11351,1.0
CA_1,FOODS_3_281,11352,1.0
CA_1,FOODS_3_281,11353,1.0
CA_1,FOODS_3_281,11401,1.0
CA_1,FOODS_3_281,11402,1.0
CA_1,FOODS_3_281,11403,1.0
CA_1,FOODS_3_281,11404,1.0
CA_1,FOODS_3_281,11405,1.0
CA_1,FOODS_3_281,11406,1.0
CA_1,FOODS_3_281,11407,1.0
CA_1,FOODS_3_281,11408,1.0
CA_1,FOODS_3_281,11409,1.25
CA_1,FOODS_3_281,11410,1.25
CA_1,FOODS_3_281,11411,1.25
CA_1,FOODS_3_281,11412,1.25
CA_1,FOODS_3_281,11413,1.25
CA_1,FOODS_3_281,11414,1.25
CA_1,FOODS_3_281,11415,1.25
CA_1,FOODS_3_281,11416,1.25
CA_1,FOODS_3_281,11417,1.25
CA_1,FOODS_3_281,11418,1.25
CA_1,FOODS_3_281,11419,1.25
CA_1,FOODS_3_281,11420,1.25
CA_1,FOODS_3_281,11421,1.25
CA_1,FOODS_3_281,11422,1.25
CA_1,FOODS_3_281,11423,1.25
CA_1,FOODS_3_281,11424,1.25
CA_1,FOODS_3_281,11425,1.25
CA_1,FOODS_3_281,11426,1.25
CA_1,FOODS_3_281,11427,1.25
CA_1,FOODS_3_281,11428,1.25
CA_1,FOODS_3_281,11429,1.25
CA_1,FOODS_3_281,11430,1.25
CA_1,FOODS_3_281,11431,1.25
CA_1,FOODS_3_281,11432,1.25
CA_1,FOODS_3_281,11433,1.25
CA_1,FOODS_3_281,11434,1.25
CA_1,FOODS_3_281,11435,1.25
CA_1,FOODS_3_281,11436,1.25
CA_1,FOODS_3_281,11437,1.25
CA_1,FOODS_3_281,11438,1.25
CA_1,FOODS_3_281,11439,1.25
CA_1,FOODS_3_281,11440,1.25
CA_1,FOODS_3_281,11441,1.25
CA_1,FOODS_3_281,11442,1.25
CA_1,FOODS_3_281,11443,1.25
CA_1,FOODS_3_281,11444,1.25
CA_1,FOODS_3_281,11445,1.25
CA_1,FOODS_3_281,11446,1.25
CA_1,FOODS_3_281,11447,1.25
CA_1,FOODS_3_281,11448,1.25
CA_1,FOODS_3_281,11449,1.25
CA_1,FOODS_3_281,11450,1.25
CA_1,FOODS_3_281,11451,1.25
CA_1,FOODS_3_281,11452,1.25
CA_1,FOODS_3_281,11501,1.38
CA_1,FOODS_3_281,11502,1.38
CA_1,FOODS_3_281,11503,1.38
CA_1,FOODS_3_281,11504,1.38
CA_1,FOODS_3_281,11505,1.38
CA_1,FOODS_3_281,11506,1.38
CA_1,FOODS_3_281,11507,1.38
CA_1,FOODS_3_281,11508,1.38
CA_1,FOODS_3_281,11509,1.38
CA_1,FOODS_3_281,11510,1.38
CA_1,FOODS_3_281,11511,1.38
CA_1,FOODS_3_281,11512,1.38
CA_1,FOODS_3_281,11513,1.38
CA_1,FOODS_3_281,11514,1.38
CA_1,FOODS_3_281,11515,1.38
CA_1,FOODS_3_281,11516,1.38
CA_1,FOODS_3_281,11517,1.38
CA_1,FOODS_3_281,11518,1.38
CA_1,FOODS_3_281,11519,1.38
CA_1,FOODS_3_281,11520,1.38
CA_1,FOODS_3_281,11521,1.38
CA_1,FOODS_3_281,11522,1.38
CA_1,FOODS_3_281,11523,1.38
CA_1,FOODS_3_281,11524,1.38
CA_1,FOODS_3_281,11525,1.38
CA_1,FOODS_3_281,11526,1.38
CA_1,FOODS_3_281,11527,1.38
CA_1,FOODS_3_281,11528,1.38
CA_1,FOODS_3_281,11529,1.38
CA_1,FOODS_3_281,11530,1.38
CA_1,FOODS_3_281,11531,1.38
CA_1,FOODS_3_281,11532,1.38
CA_1,FOODS_3_281,11533,1.38
CA_1,FOODS_3_281,11534,1.38
CA_1,FOODS_3_281,11535,1.38
CA_1,FOODS_3_281,11536,1.38
CA_1,FOODS_3_281,11537,1.38
CA_1,FOODS_3_281,11538,1.38
CA_1,FOODS_3_281,11539,1.38
CA_1,FOODS_3_281,11540,1.38
CA_1,FOODS_3_281,11541,1.38
CA_1,FOODS_3_281,11542,1.38
CA_1,FOODS_3_281,11543,1.38
CA_1,FOODS_3_281,11544,1.38
CA_1,FOODS_3_281,11545,1.38
CA_1,FOODS_3_281,11546,1.38
CA_1,FOODS_3_281,11547,1.38
CA_1,FOODS_3_281,11548,1.38
CA_1,FOODS_3_281,11549,1.38
CA_1,FOODS_3_281,11550,1.38
CA_1,FOODS_3_281,11551,1.38
CA_1,FOODS_3_281,11552,1.38
CA_1,FOODS_3_281,11601,1.38
CA_1,FOODS_3_281,11602,1.25
CA_1,FOODS_3_281,11603,1.25
CA_1,FOODS_3_281,11604,1.25
CA_1,FOODS_3_281,11605,1.25
CA_1,FOODS_3_281,11606,1.25
CA_1,FOODS_3_281,11607,1.25
CA_1,FOODS_3_281,11608,1.25
CA_1,FOODS_3_281,11609,1.25
CA_1,FOODS_3_281,11610,1.25
CA_1,FOODS_3_281,11611,1.25
CA_1,FOODS_3_281,11612,1.25
CA_1,FOODS_3_281,11613,1.25
CA_1,FOODS_3_281,11614,1.25
CA_1,FOODS_3_281,11615,1.25
CA_1,FOODS_3_281,11616,1.25
CA_1,FOODS_3_281,11617,1.25
CA_1,FOODS_3_281,11618,1.25
CA_1,FOODS_3_281,11619,1.25
CA_1,FOODS_3_281,11620,1.25
CA_1,FOODS_3_281,11621,1.25
CA_1,FOODS_3_282,11327,2.5
CA_1,FOODS_3_282,11328,2.5
CA_1,FOODS_3_282,11329,2.5
CA_1,FOODS_3_282,11330,2.5
CA_1,FOODS_3_282,11331,2.5
CA_1,FOODS_3_282,11332,2.5
CA_1,FOODS_3_282,11333,2.5
CA_1,FOODS_3_282,11334,2.5
CA_1,FOODS_3_282,11335,2.5
CA_1,FOODS_3_282,11336,2.5
CA_1,FOODS_3_282,11337,2.5
CA_1,FOODS_3_282,11338,2.5
CA_1,FOODS_3_282,11339,2.5
CA_1,FOODS_3_282,11340,2.5
CA_1,FOODS_3_282,11341,2.5
CA_1,FOODS_3_282,11342,2.5
CA_1,FOODS_3_282,11343,2.5
CA_1,FOODS_3_282,11344,2.5
CA_1,FOODS_3_282,11345,2.5
CA_1,FOODS_3_282,11346,2.5
CA_1,FOODS_3_282,11347,2.5
CA_1,FOODS_3_282,11348,2.5
CA_1,FOODS_3_282,11349,2.5
CA_1,FOODS_3_282,11350,2.5
CA_1,FOODS_3_282,11351,2.5
CA_1,FOODS_3_282,11352,2.5
CA_1,FOODS_3_282,11353,2.5
CA_1,FOODS_3_282,11401,2.5
CA_1,FOODS_3_282,11402,2.5
CA_1,FOODS_3_282,11403,2.5
CA_1,FOODS_3_282,11404,2.5
CA_1,FOODS_3_282,11405,2.5
CA_1,FOODS_3_282,11406,2.5
CA_1,FOODS_3_282,11407,2.5
CA_1,FOODS_3_282,11408,2.5
CA_1,FOODS_3_282,11409,2.5
CA_1,FOODS_3_282,11410,2.5
CA_1,FOODS_3_282,11411,2.5
CA_1,FOODS_3_282,11412,2.5
CA_1,FOODS_3_282,11413,2.5
CA_1,FOODS_3_282,11414,2.5
CA_1,FOODS_3_282,11415,2.5
CA_1,FOODS_3_282,11416,2.5
CA_1,FOODS_3_282,11417,2.5
CA_1,FOODS_3_282,11418,2.5
CA_1,FOODS_3_282,11419,2.5
CA_1,FOODS_3_282,11420,2.5
CA_1,FOODS_3_282,11421,2.5
CA_1,FOODS_3_282,11422,2.5
CA_1,FOODS_3_282,11423,2.5
CA_1,FOODS_3_282,11424,2.5
CA_1,FOODS_3_282,11425,2.5
CA_1,FOODS_3_282,11426,2.5
CA_1,FOODS_3_282,11427,2.5
CA_1,FOODS_3_282,11428,2.5
CA_1,FOODS_3_282,11429,2.5
CA_1,FOODS_3_282,11430,2.5
CA_1,FOODS_3_282,11431,2.5
CA_1,FOODS_3_282,11432,2.5
CA_1,FOODS_3_282,11433,2.5
CA_1,FOODS_3_282,11434,2.5
CA_1,FOODS_3_282,11435,2.5
CA_1,FOODS_3_282,11436,2.5
CA_1,FOODS_3_282,11437,2.5
CA_1,FOODS_3_282,11438,2.5
CA_1,FOODS_3_282,11439,2.5
CA_1,FOODS_3_282,11440,2.5
CA_1,FOODS_3_282,11441,2.5
CA_1,FOODS_3_282,11442,2.5
CA_1,FOODS_3_282,11443,2.5
CA_1,FOODS_3_282,11444,2.5
CA_1,FOODS_3_282,11445,2.5
CA_1,FOODS_3_282,11446,2.5
CA_1,FOODS_3_282,11447,2.5
CA_1,FOODS_3_282,11448,2.5
CA_1,FOODS_3_282,11449,2.5
CA_1,FOODS_3_282,11450,2.5
CA_1,FOODS_3_282,11451,2.5
CA_1,FOODS_3_282,11452,2.5
CA_1,FOODS_3_282,11501,2.5
CA_1,FOODS_3_282,11502,2.5
CA_1,FOODS_3_282,11503,2.5
CA_1,FOODS_3_282,11504,2.5
CA_1,FOODS_3_282,11505,2.5
CA_1,FOODS_3_282,11506,2.5
CA_1,FOODS_3_282,11507,2.5
CA_1,FOODS_3_282,11508,2.5
CA_1,FOODS_3_282,11509,2.5
CA_1,FOODS_3_282,11510,2.5
CA_1,FOODS_3_282,11511,2.5
CA_1,FOODS_3_282,11512,2.5
CA_1,FOODS_3_282,11513,2.5
CA_1,FOODS_3_282,11514,2.5
CA_1,FOODS_3_282,11515,2.5
CA_1,FOODS_3_282,11516,2.5
CA_1,FOODS_3_282,11517,2.5
CA_1,FOODS_3_282,11518,2.5
CA_1,FOODS_3_282,11519,2.5
CA_1,FOODS_3_282,11520,2.5
CA_1,FOODS_3_282,11521,2.5
CA_1,FOODS_3_282,11522,2.5
CA_1,FOODS_3_282,11523,2.5
CA_1,FOODS_3_282,11524,2.5
CA_1,FOODS_3_282,11525,2.5
CA_1,FOODS_3_282,11526,2.5
CA_1,FOODS_3_282,11527,2.5
CA_1,FOODS_3_282,11528,2.5
CA_1,FOODS_3_282,11529,2.5
CA_1,FOODS_3_282,11530,2.5
CA_1,FOODS_3_282,11531,2.5
CA_1,FOODS_3_282,11532,2.5
CA_1,FOODS_3_282,11533,2.5
CA_1,FOODS_3_282,11534,2.5
CA_1,FOODS_3_282,11535,2.5
CA_1,FOODS_3_282,11536,2.5
CA_1,FOODS_3_282,11537,2.5
CA_1,FOODS_3_282,11538,2.5
CA_1,FOODS_3_282,11539,2.5
CA_1,FOODS_3_282,11540,2.5
CA_1,FOODS_3_282,11541,2.5
CA_1,FOODS_3_282,11542,2.5
CA_1,FOODS_3_282,11543,2.5
CA_1,FOODS_3_282,11544,2.5
CA_1,FOODS_3_282,11545,2.5
CA_1,FOODS_3_282,11546,2.5
CA_1,FOODS_3_282,11547,2.5
CA_1,FOODS_3_282,11548,2.5
CA_1,FOODS_3_282,11549,2.5
CA_1,FOODS_3_282,11550,2.5
CA_1,FOODS_3_282,11551,2.5
CA_1,FOODS_3_282,11552,2.5
CA_1,FOODS_3_282,11601,2.5
CA_1,FOODS_3_282,11602,2.5
CA_1,FOODS_3_282,11603,2.5
CA_1,FOODS_3_282,11604,2.5
CA_1,FOODS_3_282,11605,2.5
CA_1,FOODS_3_282,11606,2.56
CA_1,FOODS_3_282,11607,2.56
CA_1,FOODS_3_282,11608,2.56
CA_1,FOODS_3_282,11609,2.56
CA_1,FOODS_3_282,11610,2.56
CA_1,FOODS_3_282,11611,2.56
CA_1,FOODS_3_282,11612,2.56
CA_1,FOODS_3_282,11613,2.56
CA_1,FOODS_3_282,11614,2.56
CA_1,FOODS_3_282,11615,2.56
CA_1,FOODS_3_282,11616,2.56
CA_1,FOODS_3_282,11617,2.56
CA_1,FOODS_3_282,11618,2.56
CA_1,FOODS_3_282,11619,2.56
CA_1,FOODS_3_282,11620,2.56
CA_1,FOODS_3_282,11621,2.56
CA_1,FOODS_3_288,11303,1.5
CA_1,FOODS_3_288,11304,1.5
CA_1,FOODS_3_288,11305,1.5
CA_1,FOODS_3_288,11306,1.5
CA_1,FOODS_3_288,11307,1.5
CA_1,FOODS_3_288,11308,1.5
CA_1,FOODS_3_288,11309,1.5
CA_1,FOODS_3_288,11310,1.5
CA_1,FOODS_3_288,11311,1.5
CA_1,FOODS_3_288,11312,1.5
CA_1,FOODS_3_288,11313,1.5
CA_1,FOODS_3_288,11314,1.5
CA_1,FOODS_3_288,11315,1.5
CA_1,FOODS_3_288,11316,1.5
CA_1,FOODS_3_288,11317,1.5
CA_1,FOODS_3_288,11318,1.5
CA_1,FOODS_3_288,11319,1.5
CA_1,FOODS_3_288,11320,1.5
CA_1,FOODS_3_288,11321,1.5
CA_1,FOODS_3_288,11322,1.5
CA_1,FOODS_3_288,11323,1.5
CA_1,FOODS_3_288,11324,1.5
CA_1,FOODS_3_288,11325,1.5
CA_1,FOODS_3_288,11326,1.5
CA_1,FOODS_3_288,11327,1.5
CA_1,FOODS_3_288,11328,1.5
CA_1,FOODS_3_288,11329,1.5
CA_1,FOODS_3_288,11330,1.5
CA_1,FOODS_3_288,11331,1.5
CA_1,FOODS_3_288,11332,1.5
CA_1,FOODS_3_288,11333,1.5
CA_1,FOODS_3_288,11334,1.5
CA_1,FOODS_3_288,11335,1.5
CA_1,FOODS_3_288,11336,1.5
CA_1,FOODS_3_288,11337,1.5
CA_1,FOODS_3_288,11338,1.5
CA_1,FOODS_3_288,11339,1.5
CA_1,FOODS_3_288,11340,1.5
CA_1,FOODS_3_288,11341,1.5
CA_1,FOODS_3_288,11342,1.5
CA_1,FOODS_3_288,11343,1.5
CA_1,FOODS_3_288,11344,1.5
CA_1,FOODS_3_288,11345,1.5
CA_1,FOODS_3_288,11346,1.5
CA_1,FOODS_3_288,11347,1.5
CA_1,FOODS_3_288,11348,1.5
CA_1,FOODS_3_288,11349,1.5
CA_1,FOODS_3_288,11350,1.5
CA_1,FOODS_3_288,11351,1.5
CA_1,FOODS_3_288,11352,1.5
CA_1,FOODS_3_288,11353,1.5
CA_1,FOODS_3_288,11401,1.5
CA_1,FOODS_3_288,11402,1.5
CA_1,FOODS_3_288,11403,1.5
CA_1,FOODS_3_288,11404,1.5
CA_1,FOODS_3_288,11405,1.5
CA_1,FOODS_3_288,11406,1.5
CA_1,FOODS_3_288,11407,1.5
CA_1,FOODS_3_288,11408,1.5
CA_1,FOODS_3_288,11409,1.5
CA_1,FOODS_3_288,11410,1.5
CA_1,FOODS_3_288,11411,1.5
CA_1,FOODS_3_288,11412,1.5
CA_1,FOODS_3_288,11413,1.5
CA_1,FOODS_3_288,11414,1.5
CA_1,FOODS_3_288,11415,1.5
CA_1,FOODS_3_288,11416,1.5
CA_1,FOODS_3_288,11417,1.5
CA_1,FOODS_3_288,11418,1.5
CA_1,FOODS_3_288,11419,1.5
CA_1,FOODS_3_288,11420,1.5
CA_1,FOODS_3_288,11421,1.5
CA_1,FOODS_3_288,11422,1.5
CA_1,FOODS_3_288,11423,1.5
CA_1,FOODS_3_288,11424,1.5
CA_1,FOODS_3_288,11425,1.5
CA_1,FOODS_3_288,11426,1.5
CA_1,FOODS_3_288,11427,1.5
CA_1,FOODS_3_288,11428,1.5
CA_1,FOODS_3_288,11429,1.5
CA_1,FOODS_3_288,11430,1.5
CA_1,FOODS_3_288,11431,1.5
CA_1,FOODS_3_288,11432,1.5
CA_1,FOODS_3_288,11433,1.5
CA_1,FOODS_3_288,11434,1.5
CA_1,FOODS_3_288,11435,1.5
CA_1,FOODS_3_288,11436,1.5
CA_1,FOODS_3_288,11437,1.5
CA_1,FOODS_3_288,11438,1.5
CA_1,FOODS_3_288,11439,1.5
CA_1,FOODS_3_288,11440,1.5
CA_1,FOODS_3_288,11441,1.5
CA_1,FOODS_3_288,11442,1.5
CA_1,FOODS_3_288,11443,1.5
CA_1,FOODS_3_288,11444,1.5
CA_1,FOODS_3_288,11445,1.5
CA_1,FOODS_3_288,11446,1.5
CA_1,FOODS_3_288,11447,1.5
CA_1,FOODS_3_288,11448,1.5
CA_1,FOODS_3_288,11449,1.5
CA_1,FOODS_3_288,11450,1.5
CA_1,FOODS_3_288,11451,1.5
CA_1,FOODS_3_288,11452,1.5
CA_1,FOODS_3_288,11501,1.5
CA_1,FOODS_3_288,11502,1.5
CA_1,FOODS_3_288,11503,1.5
CA_1,FOODS_3_288,11504,1.5
CA_1,FOODS_3_288,11505,1.5
CA_1,FOODS_3_288,11506,1.5
CA_1,FOODS_3_288,11507,1.5
CA_1,FOODS_3_288,11508,1.5
CA_1,FOODS_3_288,11509,1.5
CA_1,FOODS_3_288,11510,1.5
CA_1,FOODS_3_288,11511,1.5
CA_1,FOODS_3_288,11512,1.5
CA_1,FOODS_3_288,11513,1.5
CA_1,FOODS_3_288,11514,1.5
CA_1,FOODS_3_288,11515,1.5
CA_1,FOODS_3_288,11516,1.5
CA_1,FOODS_3_288,11517,1.5
CA_1,FOODS_3_288,11518,1.5
CA_1,FOODS_3_288,11519,1.5
CA_1,FOODS_3_288,11520,1.5
CA_1,FOODS_3_288,11521,1.5
CA_1,FOODS_3_288,11522,1.5
CA_1,FOODS_3_288,11523,1.5
CA_1,FOODS_3_288,11524,1.5
CA_1,FOODS_3_288,11525,1.5
CA_1,FOODS_3_288,11526,1.5
CA_1,FOODS_3_288,11527,1.5
CA_1,FOODS_3_288,11528,1.5
CA_1,FOODS_3_288,11529,1.5
CA_1,FOODS_3_288,11530,1.5
CA_1,FOODS_3_288,11531,1.5
CA_1,FOODS_3_288,11532,1.5
CA_1,FOODS_3_288,11533,1.5
CA_1,FOODS_3_288,11534,1.5
CA_1,FOODS_3_288,11535,1.5
CA_1,FOODS_3_288,11536,1.5
CA_1,FOODS_3_288,11537,1.5
CA_1,FOODS_3_288,11538,1.5
CA_1,FOODS_3_288,11539,1.5
CA_1,FOODS_3_288,11540,1.5
CA_1,FOODS_3_288,11541,1.5
CA_1,FOODS_3_288,11542,1.5
CA_1,FOODS_3_288,11543,1.5
CA_1,FOODS_3_288,11544,1.5
CA_1,FOODS_3_288,11545,1.5
CA_1,FOODS_3_288,11546,1.5
CA_1,FOODS_3_288,11547,1.5
CA_1,FOODS_3_288,11548,1.5
CA_1,FOODS_3_288,11549,1.5
CA_1,FOODS_3_288,11550,1.5
CA_1,FOODS_3_288,11551,1.5
CA_1,FOODS_3_288,11552,1.5
CA_1,FOODS_3_288,11601,1.5
CA_1,FOODS_3_288,11602,1.5
CA_1,FOODS_3_288,11603,1.5
CA_1,FOODS_3_288,11604,1.5
CA_1,FOODS_3_288,11605,1.5
CA_1,FOODS_3_288,11606,1.5
CA_1,FOODS_3_288,11607,1.5
CA_1,FOODS_3_288,11608,1.5
CA_1,FOODS_3_288,11609,1.5
CA_1,FOODS_3_288,11610,1.5
CA_1,FOODS_3_288,11611,1.5
CA_1,FOODS_3_288,11612,1.5
CA_1,FOODS_3_288,11613,1.5
CA_1,FOODS_3_288,11614,1.5
CA_1,FOODS_3_288,11615,1.5
CA_1,FOODS_3_288,11616,1.5
CA_1,FOODS_3_288,11617,1.5
CA_1,FOODS_3_288,11618,1.5
CA_1,FOODS_3_288,11619,1.5
CA_1,FOODS_3_288,11620,1.5
CA_1,FOODS_3_288,11621,1.5
CA_1,FOODS_3_295,11101,0.88
CA_1,FOODS_3_295,11102,0.88
CA_1,FOODS_3_295,11103,0.88
CA_1,FOODS_3_295,11104,0.88
CA_1,FOODS_3_295,11105,0.88
CA_1,FOODS_3_295,11106,0.88
CA_1,FOODS_3_295,11107,0.88
CA_1,FOODS_3_295,11108,0.88
CA_1,FOODS_3_295,11109,0.88
CA_1,FOODS_3_295,11110,0.88
CA_1,FOODS_3_295,11111,0.88
CA_1,FOODS_3_295,11112,0.88
CA_1,FOODS_3_295,11113,0.88
CA_1,FOODS_3_295,11114,0.88
CA_1,FOODS_3_295,11115,0.88
CA_1,FOODS_3_295,11116,0.88
CA_1,FOODS_3_295,11117,0.88
CA_1,FOODS_3_295,11118,0.88
CA_1,FOODS_3_295,11119,0.88
CA_1,FOODS_3_295,11120,0.88
CA_1,FOODS_3_295,11121,0.88
CA_1,FOODS_3_295,11122,0.88
CA_1,FOODS_3_295,11123,0.88
CA_1,FOODS_3_295,11124,0.88
CA_1,FOODS_3_295,11125,0.88
CA_1,FOODS_3_295,11126,0.88
CA_1,FOODS_3_295,11127,0.88
CA_1,FOODS_3_295,11128,0.88
CA_1,FOODS_3_295,11129,0.88
CA_1,FOODS_3_295,11130,0.88
CA_1,FOODS_3_295,11131,0.88
CA_1,FOODS_3_295,11132,0.88
CA_1,FOODS_3_295,11133,0.78
CA_1,FOODS_3_295,11134,0.78
CA_1,FOODS_3_295,11135,0.78
CA_1,FOODS_3_295,11136,0.82
CA_1,FOODS_3_295,11137,0.82
CA_1,FOODS_3_295,11138,0.82
CA_1,FOODS_3_295,11139,0.82
CA_1,FOODS_3_295,11140,0.82
CA_1,FOODS_3_295,11141,0.82
CA_1,FOODS_3_295,11142,0.82
CA_1,FOODS_3_295,11143,0.82
CA_1,FOODS_3_295,11144,0.82
CA_1,FOODS_3_295,11145,0.82
CA_1,FOODS_3_295,11146,0.82
CA_1,FOODS_3_295,11147,0.82
CA_1,FOODS_3_295,11148,0.82
CA_1,FOODS_3_295,11149,0.82
CA_1,FOODS_3_295,11150,0.82
CA_1,FOODS_3_295,11151,0.82
CA_1,FOODS_3_295,11152,0.82
CA_1,FOODS_3_295,11201,0.82
CA_1,FOODS_3_295,11202,0.82
CA_1,FOODS_3_295,11203,0.88
CA_1,FOODS_3_295,11204,0.88
CA_1,FOODS_3_295,11205,0.88
CA_1,FOODS_3_295,11206,0.88
CA_1,FOODS_3_295,11207,0.88
CA_1,FOODS_3_295,11208,0.88
CA_1,FOODS_3_295,11209,0.88
CA_1,FOODS_3_295,11210,0.88
CA_1,FOODS_3_295,11211,0.88
CA_1,FOODS_3_295,11212,0.88
CA_1,FOODS_3_295,11213,0.88
CA_1,FOODS_3_295,11214,0.88
CA_1,FOODS_3_295,11215,0.88
CA_1,FOODS_3_295,11216,0.88
CA_1,FOODS_3_295,11217,0.88
CA_1,FOODS_3_295,11218,0.88
CA_1,FOODS_3_295,11219,0.88
CA_1,FOODS_3_295,11220,0.88
CA_1,FOODS_3_295,11221,0.88
CA_1,FOODS_3_295,11222,0.88
CA_1,FOODS_3_295,11223,0.88
CA_1,FOODS_3_295,11224,0.88
CA_1,FOODS_3_295,11225,0.88
CA_1,FOODS_3_295,11226,0.88
CA_1,FOODS_3_295,11227,0.88
CA_1,FOODS_3_295,11228,0.88
CA_1,FOODS_3_295,11229,0.88
CA_1,FOODS_3_295,11230,0.88
CA_1,FOODS_3_295,11231,0.88
CA_1,FOODS_3_295,11232,0.88
CA_1,FOODS_3_295,11233,0.88
CA_1,FOODS_3_295,11234,0.78
CA_1,FOODS_3_295,11235,0.78
CA_1,FOODS_3_295,11236,0.78
CA_1,FOODS_3_295,11237,0.78
CA_1,FOODS_3_295,11238,0.78
CA_1,FOODS_3_295,11239,0.78
CA_1,FOODS_3_295,11240,0.78
CA_1,FOODS_3_295,11241,0.78
CA_1,FOODS_3_295,11242,0.78
CA_1,FOODS_3_295,11243,0.78
CA_1,FOODS_3_295,11244,0.78
CA_1,FOODS_3_295,11245,0.78
CA_1,FOODS_3_295,11246,0.78
CA_1,FOODS_3_295,11247,0.78
CA_1,FOODS_3_295,11248,0.78
CA_1,FOODS_3_295,11249,0.78
CA_1,FOODS_3_295,11250,0.78
CA_1,FOODS_3_295,11251,0.78
CA_1,FOODS_3_295,11252,0.78
CA_1,FOODS_3_295,11301,0.8
CA_1,FOODS_3_295,11302,0.8
CA_1,FOODS_3_295,11303,0.8
CA_1,FOODS_3_295,11304,0.8
CA_1,FOODS_3_295,11305,0.8
CA_1,FOODS_3_295,11306,0.8
CA_1,FOODS_3_295,11307,0.8
CA_1,FOODS_3_295,11308,0.8
CA_1,FOODS_3_295,11309,0.8
CA_1,FOODS_3_295,11310,0.8
CA_1,FOODS_3_295,11311,0.8
CA_1,FOODS_3_295,11312,0.8
CA_1,FOODS_3_295,11313,0.8
CA_1,FOODS_3_295,11314,0.8
CA_1,FOODS_3_295,11315,0.8
CA_1,FOODS_3_295,11316,0.8
CA_1,FOODS_3_295,11317,0.8
CA_1,FOODS_3_295,11318,0.8
CA_1,FOODS_3_295,11319,0.8
CA_1,FOODS_3_295,11320,0.8
CA_1,FOODS_3_295,11321,0.8
CA_1,FOODS_3_295,11322,0.8
CA_1,FOODS_3_295,11323,0.8
CA_1,FOODS_3_295,11324,0.8
CA_1,FOODS_3_295,11325,0.8
CA_1,FOODS_3_295,11326,0.8
CA_1,FOODS_3_295,11327,0.8
CA_1,FOODS_3_295,11328,0.8
CA_1,FOODS_3_295,11329,0.8
CA_1,FOODS_3_295,11330,0.8
CA_1,FOODS_3_295,11331,0.8
CA_1,FOODS_3_295,11332,0.8
CA_1,FOODS_3_295,11333,0.8
CA_1,FOODS_3_295,11334,0.8
CA_1,FOODS_3_295,11335,0.8
CA_1,FOODS_3_295,11336,0.8
CA_1,FOODS_3_295,11337,0.8
CA_1,FOODS_3_295,11338,0.8
CA_1,FOODS_3_295,11339,0.8
CA_1,FOODS_3_295,11340,0.8
CA_1,FOODS_3_295,11341,0.8
CA_1,FOODS_3_295,11342,0.8
CA_1,FOODS_3_295,11343,0.8
CA_1,FOODS_3_295,11344,0.8
CA_1,FOODS_3_295,11345,0.8
CA_1,FOODS_3_295,11346,0.8
CA_1,FOODS_3_295,11347,0.8
CA_1,FOODS_3_295,11348,0.8
CA_1,FOODS_3_295,11349,0.8
CA_1,FOODS_3_295,11350,0.8
CA_1,FOODS_3_295,11351,0.8
CA_1,FOODS_3_295,11352,0.8
CA_1,FOODS_3_295,11353,0.8
CA_1,FOODS_3_295,11401,0.8
CA_1,FOODS_3_295,11402,0.8
CA_1,FOODS_3_295,11403,0.8
CA_1,FOODS_3_295,11404,0.8
CA_1,FOODS_3_295,11405,0.8
CA_1,FOODS_3_295,11406,0.8
CA_1,FOODS_3_295,11407,0.8
CA_1,FOODS_3_295,11408,0.8
CA_1,FOODS_3_295,11409,0.8
CA_1,FOODS_3_295,11410,0.8
CA_1,FOODS_3_295,11411,0.8
CA_1,FOODS_3_295,11412,0.8
CA_1,FOODS_3_295,11413,0.8
CA_1,FOODS_3_295,11414,0.8
CA_1,FOODS_3_295,11415,0.8
CA_1,FOODS_3_295,11416,0.8
CA_1,FOODS_3_295,11417,0.8
CA_1,FOODS_3_295,11418,0.8
CA_1,FOODS_3_295,11419,0.8
CA_1,FOODS_3_295,11420,0.8
CA_1,FOODS_3_295,11421,0.8
CA_1,FOODS_3_295,11422,0.82
CA_1,FOODS_3_295,11423,0.82
CA_1,FOODS_3_295,11424,0.82
CA_1,FOODS_3_295,11425,0.8
CA_1,FOODS_3_295,11426,0.8
CA_1,FOODS_3_295,11427,0.8
CA_1,FOODS_3_295,11428,0.8
CA_1,FOODS_3_295,11429,0.8
CA_1,FOODS_3_295,11430,0.8
CA_1,FOODS_3_295,11431,0.8
CA_1,FOODS_3_295,11432,0.8
CA_1,FOODS_3_295,11433,0.8
CA_1,FOODS_3_295,11434,0.8
CA_1,FOODS_3_295,11435,0.8
CA_1,FOODS_3_295,11436,0.8
CA_1,FOODS_3_295,11437,0.8
CA_1,FOODS_3_295,11438,0.8
CA_1,FOODS_3_295,11439,0.8
CA_1,FOODS_3_295,11440,0.8
CA_1,FOODS_3_295,11441,0.8
CA_1,FOODS_3_295,11442,0.8
CA_1,FOODS_3_295,11443,0.8
CA_1,FOODS_3_295,11444,0.8
CA_1,FOODS_3_295,11445,0.8
CA_1,FOODS_3_295,11446,0.8
CA_1,FOODS_3_295,11447,0.8
CA_1,FOODS_3_295,11448,0.8
CA_1,FOODS_3_295,11449,0.8
CA_1,FOODS_3_295,11450,0.8
CA_1,FOODS_3_295,11451,0.8
CA_1,FOODS_3_295,11452,0.8
CA_1,FOODS_3_295,11501,0.8
CA_1,FOODS_3_295,11502,0.8
CA_1,FOODS_3_295,11503,0.8
CA_1,FOODS_3_295,11504,0.8
CA_1,FOODS_3_295,11505,0.8
CA_1,FOODS_3_295,11506,0.8
CA_1,FOODS_3_295,11507,0.8
CA_1,FOODS_3_295,11508,0.8
CA_1,FOODS_3_295,11509,0.8
CA_1,FOODS_3_295,11510,0.8
CA_1,FOODS_3_295,11511,0.8
CA_1,FOODS_3_295,11512,0.8
CA_1,FOODS_3_295,11513,0.8
CA_1,FOODS_3_295,11514,0.8
CA_1,FOODS_3_295,11515,0.8
CA_1,FOODS_3_295,11516,0.8
CA_1,FOODS_3_295,11517,0.8
CA_1,FOODS_3_295,11518,0.8
CA_1,FOODS_3_295,11519,0.8
CA_1,FOODS_3_295,11520,0.8
CA_1,FOODS_3_295,11521,0.8
CA_1,FOODS_3_295,11522,0.8
CA_1,FOODS_3_295,11523,0.8
CA_1,FOODS_3_295,11524,0.8
CA_1,FOODS_3_295,11525,0.8
CA_1,FOODS_3_295,11526,0.8
CA_1,FOODS_3_295,11527,0.8
CA_1,FOODS_3_295,11528,0.8
CA_1,FOODS_3_295,11529,0.8
CA_1,FOODS_3_295,11530,0.8
CA_1,FOODS_3_295,11531,0.8
CA_1,FOODS_3_295,11532,0.8
CA_1,FOODS_3_295,11533,0.8
CA_1,FOODS_3_295,11534,0.8
CA_1,FOODS_3_295,11535,0.8
CA_1,FOODS_3_295,11536,0.8
CA_1,FOODS_3_295,11537,0.8
CA_1,FOODS_3_295,11538,0.8
CA_1,FOODS_3_295,11539,0.8
CA_1,FOODS_3_295,11540,0.8
CA_1,FOODS_3_295,11541,0.8
CA_1,FOODS_3_295,11542,0.8
CA_1,FOODS_3_295,11543,0.8
CA_1,FOODS_3_295,11544,0.8
CA_1,FOODS_3_295,11545,0.8
CA_1,FOODS_3_295,11546,0.8
CA_1,FOODS_3_295,11547,0.8
CA_1,FOODS_3_295,11548,0.8
CA_1,FOODS_3_295,11549,0.8
CA_1,FOODS_3_295,11550,0.8
CA_1,FOODS_3_295,11551,0.8
CA_1,FOODS_3_295,11552,0.8
CA_1,FOODS_3_295,11601,0.8
CA_1,FOODS_3_295,11602,0.8
CA_1,FOODS_3_295,11603,0.8
CA_1,FOODS_3_295,11604,0.8
CA_1,FOODS_3_295,11605,0.8
CA_1,FOODS_3_295,11606,0.8
CA_1,FOODS_3_295,11607,0.8
CA_1,FOODS_3_295,11608,0.8
CA_1,FOODS_3_295,11609,0.8
CA_1,FOODS_3_295,11610,0.8
CA_1,FOODS_3_295,11611,0.8
CA_1,FOODS_3_295,11612,0.8
CA_1,FOODS_3_295,11613,0.8
CA_1,FOODS_3_295,11614,0.8
CA_1,FOODS_3_295,11615,0.8
CA_1,FOODS_3_295,11616,0.8
CA_1,FOODS_3_295,11617,0.8
CA_1,FOODS_3_295,11618,0.8
CA_1,FOODS_3_295,11619,0.8
CA_1,FOODS_3_295,11620,0.8
CA_1,FOODS_3_295,11621,0.8
CA_1,FOODS_3_318,11101,1.0
CA_1,FOODS_3_318,11102,1.0
CA_1,FOODS_3_318,11103,1.0
CA_1,FOODS_3_318,11104,1.0
CA_1,FOODS_3_318,11105,1.0
CA_1,FOODS_3_318,11106,1.0
CA_1,FOODS_3_318,11107,1.0
CA_1,FOODS_3_318,11108,1.0
CA_1,FOODS_3_318,11109,1.0
CA_1,FOODS_3_318,11110,1.0
CA_1,FOODS_3_318,11111,1.0
CA_1,FOODS_3_318,11112,1.0
CA_1,FOODS_3_318,11113,1.0
CA_1,FOODS_3_318,11114,1.0
CA_1,FOODS_3_318,11115,1.0
CA_1,FOODS_3_318,11116,1.0
CA_1,FOODS_3_318,11117,1.0
CA_1,FOODS_3_318,11118,1.0
CA_1,FOODS_3_318,11119,1.0
CA_1,FOODS_3_318,11120,1.0
CA_1,FOODS_3_318,11121,1.0
CA_1,FOODS_3_318,11122,1.0
CA_1,FOODS_3_318,11123,1.0
CA_1,FOODS_3_318,11124,1.0
CA_1,FOODS_3_318,11125,1.0
CA_1,FOODS_3_318,11126,1.0
CA_1,FOODS_3_318,11127,1.0
CA_1,FOODS_3_318,11128,1.0
CA_1,FOODS_3_318,11129,1.0
CA_1,FOODS_3_318,11130,1.0
CA_1,FOODS_3_318,11131,1.0
CA_1,FOODS_3_318,11132,1.0
CA_1,FOODS_3_318,11133,1.0
CA_1,FOODS_3_318,11134,1.28
CA_1,FOODS_3_318,11135,1.28
CA_1,FOODS_3_318,11136,1.28
CA_1,FOODS_3_318,11137,1.28
CA_1,FOODS_3_318,11138,1.28
CA_1,FOODS_3_318,11139,1.28
CA_1,FOODS_3_318,11140,1.28
CA_1,FOODS_3_318,11141,1.28
CA_1,FOODS_3_318,11142,1.28
CA_1,FOODS_3_318,11143,1.28
CA_1,FOODS_3_318,11144,1.28
CA_1,FOODS_3_318,11145,1.28
CA_1,FOODS_3_318,11146,1.28
CA_1,FOODS_3_318,11147,1.28
CA_1,FOODS_3_318,11148,1.28
CA_1,FOODS_3_318,11149,1.28
CA_1,FOODS_3_318,11150,1.28
CA_1,FOODS_3_318,11151,1.28
CA_1,FOODS_3_318,11152,1.28
CA_1,FOODS_3_318,11201,1.28
CA_1,FOODS_3_318,11202,1.28
CA_1,FOODS_3_318,11203,1.28
CA_1,FOODS_3_318,11204,1.28
CA_1,FOODS_3_318,11205,1.38
CA_1,FOODS_3_318,11206,1.38
CA_1,FOODS_3_318,11207,1.38
CA_1,FOODS_3_318,11208,1.38
CA_1,FOODS_3_318,11209,1.38
CA_1,FOODS_3_318,11210,1.38
CA_1,FOODS_3_318,11211,1.38
CA_1,FOODS_3_318,11212,1.38
CA_1,FOODS_3_318,11213,1.38
CA_1,FOODS_3_318,11214,1.28
CA_1,FOODS_3_318,11215,1.28
CA_1,FOODS_3_318,11216,1.28
CA_1,FOODS_3_318,11217,1.28
CA_1,FOODS_3_318,11218,1.28
CA_1,FOODS_3_318,11219,1.28
CA_1,FOODS_3_318,11220,1.28
CA_1,FOODS_3_318,11221,1.28
CA_1,FOODS_3_318,11222,1.28
CA_1,FOODS_3_318,11223,1.28
CA_1,FOODS_3_318,11224,1.28
CA_1,FOODS_3_318,11225,1.28
CA_1,FOODS_3_318,11226,1.28
CA_1,FOODS_3_318,11227,1.28
CA_1,FOODS_3_318,11228,1.28
CA_1,FOODS_3_318,11229,1.28
CA_1,FOODS_3_318,11230,1.28
CA_1,FOODS_3_318,11231,1.28
CA_1,FOODS_3_318,11232,1.28
CA_1,FOODS_3_318,11233,1.28
CA_1,FOODS_3_318,11234,1.28
CA_1,FOODS_3_318,11235,1.28
CA_1,FOODS_3_318,11236,1.28
CA_1,FOODS_3_318,11237,1.28
CA_1,FOODS_3_318,11238,1.28
CA_1,FOODS_3_318,11239,1.28
CA_1,FOODS_3_318,11240,1.28
CA_1,FOODS_3_318,11241,1.28
CA_1,FOODS_3_318,11242,1.28
CA_1,FOODS_3_318,11243,1.28
CA_1,FOODS_3_318,11244,1.28
CA_1,FOODS_3_318,11245,1.28
CA_1,FOODS_3_318,11246,1.28
CA_1,FOODS_3_318,11247,1.28
CA_1,FOODS_3_318,11248,1.28
CA_1,FOODS_3_318,11249,1.28
CA_1,FOODS_3_318,11250,1.28
CA_1,FOODS_3_318,11251,1.28
CA_1,FOODS_3_318,11252,1.28
CA_1,FOODS_3_318,11301,1.28
CA_1,FOODS_3_318,11302,1.28
CA_1,FOODS_3_318,11303,1.38
CA_1,FOODS_3_318,11304,1.38
CA_1,FOODS_3_318,11305,1.38
CA_1,FOODS_3_318,11306,1.38
CA_1,FOODS_3_318,11307,1.38
CA_1,FOODS_3_318,11308,1.38
CA_1,FOODS_3_318,11309,1.38
CA_1,FOODS_3_318,11310,1.38
CA_1,FOODS_3_318,11311,1.38
CA_1,FOODS_3_318,11312,1.38
CA_1,FOODS_3_318,11313,1.38
CA_1,FOODS_3_318,11314,1.38
CA_1,FOODS_3_318,11315,1.38
CA_1,FOODS_3_318,11316,1.38
CA_1,FOODS_3_318,11317,1.38
CA_1,FOODS_3_318,11318,1.38
CA_1,FOODS_3_318,11319,1.38
CA_1,FOODS_3_318,11320,1.38
CA_1,FOODS_3_318,11321,1.38
CA_1,FOODS_3_318,11322,1.38
CA_1,FOODS_3_318,11323,1.38
CA_1,FOODS_3_318,11324,1.38
CA_1,FOODS_3_318,11325,1.38
CA_1,FOODS_3_318,11326,1.38
CA_1,FOODS_3_318,11327,1.38
CA_1,FOODS_3_318,11328,1.0
CA_1,FOODS_3_318,11329,1.0
CA_1,FOODS_3_318,11330,1.0
CA_1,FOODS_3_318,11331,1.0
CA_1,FOODS_3_318,11332,1.0
CA_1,FOODS_3_318,11333,1.0
CA_1,FOODS_3_318,11334,1.0
CA_1,FOODS_3_318,11335,1.0
CA_1,FOODS_3_318,11336,1.0
CA_1,FOODS_3_318,11337,1.38
CA_1,FOODS_3_318,11338,1.38
CA_1,FOODS_3_318,11339,1.38
CA_1,FOODS_3_318,11340,1.38
CA_1,FOODS_3_318,11341,1.38
CA_1,FOODS_3_318,11342,1.0
CA_1,FOODS_3_318,11343,1.0
CA_1,FOODS_3_318,11344,1.0
CA_1,FOODS_3_318,11345,1.0
CA_1,FOODS_3_318,11346,1.0
CA_1,FOODS_3_318,11347,1.0
CA_1,FOODS_3_318,11348,1.0
CA_1,FOODS_3_318,11349,1.0
CA_1,FOODS_3_318,11350,1.0
CA_1,FOODS_3_318,11351,1.38
CA_1,FOODS_3_318,11352,1.38
CA_1,FOODS_3_318,11353,1.38
CA_1,FOODS_3_318,11401,1.38
CA_1,FOODS_3_318,11402,1.38
CA_1,FOODS_3_318,11403,1.38
CA_1,FOODS_3_318,11404,1.38
CA_1,FOODS_3_318,11405,1.38
CA_1,FOODS_3_318,11406,1.38
CA_1,FOODS_3_318,11407,1.38
CA_1,FOODS_3_318,11408,1.38
CA_1,FOODS_3_318,11409,1.38
CA_1,FOODS_3_318,11410,1.38
CA_1,FOODS_3_318,11411,1.38
CA_1,FOODS_3_318,11412,1.38
CA_1,FOODS_3_318,11413,1.38
CA_1,FOODS_3_318,11414,1.38
CA_1,FOODS_3_318,11415,1.38
CA_1,FOODS_3_318,11416,1.38
CA_1,FOODS_3_318,11417,1.38
CA_1,FOODS_3_318,11418,1.38
CA_1,FOODS_3_318,11419,1.38
CA_1,FOODS_3_318,11420,1.38
CA_1,FOODS_3_318,11421,1.38
CA_1,FOODS_3_318,11422,1.38
CA_1,FOODS_3_318,11423,1.38
CA_1,FOODS_3_318,11424,1.38
CA_1,FOODS_3_318,11425,1.38
CA_1,FOODS_3_318,11426,1.38
CA_1,FOODS_3_318,11427,1.38
CA_1,FOODS_3_318,11428,1.38
CA_1,FOODS_3_318,11429,1.38
CA_1,FOODS_3_318,11430,1.38
CA_1,FOODS_3_318,11431,1.38
CA_1,FOODS_3_318,11432,1.48
CA_1,FOODS_3_318,11433,1.48
CA_1,FOODS_3_318,11434,1.48
CA_1,FOODS_3_318,11435,1.48
CA_1,FOODS_3_318,11436,1.48
CA_1,FOODS_3_318,11437,1.48
CA_1,FOODS_3_318,11438,1.48
CA_1,FOODS_3_318,11439,1.48
CA_1,FOODS_3_318,11440,1.48
CA_1,FOODS_3_318,11441,1.48
CA_1,FOODS_3_318,11442,1.48
CA_1,FOODS_3_318,11443,1.48
CA_1,FOODS_3_318,11444,1.48
CA_1,FOODS_3_318,11445,1.48
CA_1,FOODS_3_318,11446,1.48
CA_1,FOODS_3_318,11447,1.48
CA_1,FOODS_3_318,11448,1.48
CA_1,FOODS_3_318,11449,1.48
CA_1,FOODS_3_318,11450,1.48
CA_1,FOODS_3_318,11451,1.48
CA_1,FOODS_3_318,11452,1.48
CA_1,FOODS_3_318,11501,1.48
CA_1,FOODS_3_318,11502,1.48
CA_1,FOODS_3_318,11503,1.48
CA_1,FOODS_3_318,11504,1.48
CA_1,FOODS_3_318,11505,1.48
CA_1,FOODS_3_318,11506,1.48
CA_1,FOODS_3_318,11507,1.48
CA_1,FOODS_3_318,11508,1.48
CA_1,FOODS_3_318,11509,1.48
CA_1,FOODS_3_318,11510,1.48
CA_1,FOODS_3_318,11511,1.48
CA_1,FOODS_3_318,11512,1.48
CA_1,FOODS_3_318,11513,1.48
CA_1,FOODS_3_318,11514,1.48
CA_1,FOODS_3_318,11515,1.48
CA_1,FOODS_3_318,11516,1.48
CA_1,FOODS_3_318,11517,1.48
CA_1,FOODS_3_318,11518,1.48
CA_1,FOODS_3_318,11519,1.48
CA_1,FOODS_3_318,11520,1.48
CA_1,FOODS_3_318,11521,1.48
CA_1,FOODS_3_318,11522,1.48
CA_1,FOODS_3_318,11523,1.48
CA_1,FOODS_3_318,11524,1.48
CA_1,FOODS_3_318,11525,1.48
CA_1,FOODS_3_318,11526,1.48
CA_1,FOODS_3_318,11527,1.48
CA_1,FOODS_3_318,11528,1.48
CA_1,FOODS_3_318,11529,1.48
CA_1,FOODS_3_318,11530,1.48
CA_1,FOODS_3_318,11531,1.48
CA_1,FOODS_3_318,11532,1.48
CA_1,FOODS_3_318,11533,1.48
CA_1,FOODS_3_318,11534,1.48
CA_1,FOODS_3_318,11535,1.48
CA_1,FOODS_3_318,11536,1.48
CA_1,FOODS_3_318,11537,1.48
CA_1,FOODS_3_318,11538,1.48
CA_1,FOODS_3_318,11539,1.48
CA_1,FOODS_3_318,11540,1.48
CA_1,FOODS_3_318,11541,1.48
CA_1,FOODS_3_318,11542,1.48
CA_1,FOODS_3_318,11543,1.48
CA_1,FOODS_3_318,11544,1.48
CA_1,FOODS_3_318,11545,1.48
CA_1,FOODS_3_318,11546,1.48
CA_1,FOODS_3_318,11547,1.48
CA_1,FOODS_3_318,11548,1.48
CA_1,FOODS_3_318,11549,1.48
CA_1,FOODS_3_318,11550,1.48
CA_1,FOODS_3_318,11551,1.48
CA_1,FOODS_3_318,11552,1.48
CA_1,FOODS_3_318,11601,1.48
CA_1,FOODS_3_318,11602,1.48
CA_1,FOODS_3_318,11603,1.48
CA_1,FOODS_3_318,11604,1.48
CA_1,FOODS_3_318,11605,1.48
CA_1,FOODS_3_318,11606,1.48
CA_1,FOODS_3_318,11607,1.48
CA_1,FOODS_3_318,11608,1.48
CA_1,FOODS_3_318,11609,1.48
CA_1,FOODS_3_318,11610,1.48
CA_1,FOODS_3_318,11611,1.48
CA_1,FOODS_3_318,11612,1.48
CA_1,FOODS_3_318,11613,1.48
CA_1,FOODS_3_318,11614,1.48
CA_1,FOODS_3_318,11615,1.48
CA_1,FOODS_3_318,11616,1.48
CA_1,FOODS_3_318,11617,1.48
CA_1,FOODS_3_318,11618,1.48
CA_1,FOODS_3_318,11619,1.48
CA_1,FOODS_3_318,11620,1.48
CA_1,FOODS_3_318,11621,1.48
CA_1,FOODS_3_319,11101,1.0
CA_1,FOODS_3_319,11102,1.0
CA_1,FOODS_3_319,11103,1.0
CA_1,FOODS_3_319,11104,1.0
CA_1,FOODS_3_319,11105,1.0
CA_1,FOODS_3_319,11106,1.0
CA_1,FOODS_3_319,11107,1.0
CA_1,FOODS_3_319,11108,1.0
CA_1,FOODS_3_319,11109,1.0
CA_1,FOODS_3_319,11110,1.0
CA_1,FOODS_3_319,11111,1.0
CA_1,FOODS_3_319,11112,1.0
CA_1,FOODS_3_319,11113,1.0
CA_1,FOODS_3_319,11114,1.0
CA_1,FOODS_3_319,11115,1.0
CA_1,FOODS_3_319,11116,1.0
CA_1,FOODS_3_319,11117,1.0
CA_1,FOODS_3_319,11118,1.0
CA_1,FOODS_3_319,11119,1.0
CA_1,FOODS_3_319,11120,1.0
CA_1,FOODS_3_319,11121,1.0
CA_1,FOODS_3_319,11122,1.0
CA_1,FOODS_3_319,11123,1.0
CA_1,FOODS_3_319,11124,1.0
CA_1,FOODS_3_319,11125,1.0
CA_1,FOODS_3_319,11126,1.0
CA_1,FOODS_3_319,11127,1.0
CA_1,FOODS_3_319,11128,1.0
CA_1,FOODS_3_319,11129,1.0
CA_1,FOODS_3_319,11130,1.0
CA_1,FOODS_3_319,11131,1.0
CA_1,FOODS_3_319,11132,1.0
CA_1,FOODS_3_319,11133,1.0
CA_1,FOODS_3_319,11134,1.0
CA_1,FOODS_3_319,11135,1.0
CA_1,FOODS_3_319,11136,1.0
CA_1,FOODS_3_319,11137,1.0
CA_1,FOODS_3_319,11138,1.0
CA_1,FOODS_3_319,11139,1.0
CA_1,FOODS_3_319,11140,1.0
CA_1,FOODS_3_319,11141,1.06
CA_1,FOODS_3_319,11142,1.06
CA_1,FOODS_3_319,11143,1.0
CA_1,FOODS_3_319,11144,1.0
CA_1,FOODS_3_319,11145,1.0
CA_1,FOODS_3_319,11146,1.0
CA_1,FOODS_3_319,11147,1.0
CA_1,FOODS_3_319,11148,1.0
CA_1,FOODS_3_319,11149,1.0
CA_1,FOODS_3_319,11150,1.0
CA_1,FOODS_3_319,11151,1.0
CA_1,FOODS_3_319,11152,1.0
CA_1,FOODS_3_319,11201,1.0
CA_1,FOODS_3_319,11202,1.0
CA_1,FOODS_3_319,11203,1.0
CA_1,FOODS_3_319,11204,1.0
CA_1,FOODS_3_319,11205,1.0
CA_1,FOODS_3_319,11206,1.0
CA_1,FOODS_3_319,11207,1.0
CA_1,FOODS_3_319,11208,1.0
CA_1,FOODS_3_319,11209,1.0
CA_1,FOODS_3_319,11210,1.0
CA_1,FOODS_3_319,11211,1.0
CA_1,FOODS_3_319,11212,1.0
CA_1,FOODS_3_319,11213,1.0
CA_1,FOODS_3_319,11214,1.0
CA_1,FOODS_3_319,11215,1.0
CA_1,FOODS_3_319,11216,1.0
CA_1,FOODS_3_319,11217,1.0
CA_1,FOODS_3_319,11218,1.0
CA_1,FOODS_3_319,11219,1.0
CA_1,FOODS_3_319,11220,1.0
CA_1,FOODS_3_319,11221,1.0
CA_1,FOODS_3_319,11222,1.0
CA_1,FOODS_3_319,11223,1.0
CA_1,FOODS_3_319,11224,1.0
CA_1,FOODS_3_319,11225,1.0
CA_1,FOODS_3_319,11226,1.0
CA_1,FOODS_3_319,11227,1.0
CA_1,FOODS_3_319,11228,1.0
CA_1,FOODS_3_319,11229,1.0
CA_1,FOODS_3_319,11230,1.0
CA_1,FOODS_3_319,11231,1.0
CA_1,FOODS_3_319,11232,1.0
CA_1,FOODS_3_319,11233,1.0
CA_1,FOODS_3_319,11234,1.0
CA_1,FOODS_3_319,11235,1.0
CA_1,FOODS_3_319,11236,1.0
CA_1,FOODS_3_319,11237,1.0
CA_1,FOODS_3_319,11238,1.0
CA_1,FOODS_3_319,11239,1.0
CA_1,FOODS_3_319,11240,1.0
CA_1,FOODS_3_319,11241,1.0
CA_1,FOODS_3_319,11242,1.0
CA_1,FOODS_3_319,11243,1.0
CA_1,FOODS_3_319,11244,1.0
CA_1,FOODS_3_319,11245,1.0
CA_1,FOODS_3_319,11246,1.0
CA_1,FOODS_3_319,11247,1.0
CA_1,FOODS_3_319,11248,1.0
CA_1,FOODS_3_319,11249,1.0
CA_1,FOODS_3_319,11250,1.0
CA_1,FOODS_3_319,11251,1.0
CA_1,FOODS_3_319,11252,1.0
CA_1,FOODS_3_319,11301,1.0
CA_1,FOODS_3_319,11302,1.0
CA_1,FOODS_3_319,11303,1.0
CA_1,FOODS_3_319,11304,1.0
CA_1,FOODS_3_319,11305,1.0
CA_1,FOODS_3_319,11306,1.0
CA_1,FOODS_3_319,11307,1.0
CA_1,FOODS_3_319,11308,1.0
CA_1,FOODS_3_319,11309,1.0
CA_1,FOODS_3_319,11310,1.0
CA_1,FOODS_3_319,11311,1.0
CA_1,FOODS_3_319,11312,1.0
CA_1,FOODS_3_319,11313,1.0
CA_1,FOODS_3_319,11314,1.0
CA_1,FOODS_3_319,11315,1.0
CA_1,FOODS_3_319,11316,1.0
CA_1,FOODS_3_319,11317,1.0
CA_1,FOODS_3_319,11318,1.0
CA_1,FOODS_3_319,11319,1.0
CA_1,FOODS_3_319,11320,1.0
CA_1,FOODS_3_319,11321,1.0
CA_1,FOODS_3_319,11322,1.0
CA_1,FOODS_3_319,11323,1.0
CA_1,FOODS_3_319,11324,1.0
CA_1,FOODS_3_319,11325,1.0
CA_1,FOODS_3_319,11326,1.0
CA_1,FOODS_3_319,11327,1.0
CA_1,FOODS_3_319,11328,1.0
CA_1,FOODS_3_319,11329,1.0
CA_1,FOODS_3_319,11330,1.0
CA_1,FOODS_3_319,11331,1.0
CA_1,FOODS_3_319,11332,1.0
CA_1,FOODS_3_319,11333,1.0
CA_1,FOODS_3_319,11334,1.0
CA_1,FOODS_3_319,11335,1.0
CA_1,FOODS_3_319,11336,1.0
CA_1,FOODS_3_319,11337,1.0
CA_1,FOODS_3_319,11338,1.0
CA_1,FOODS_3_319,11339,1.0
CA_1,FOODS_3_319,11340,1.0
CA_1,FOODS_3_319,11341,1.0
CA_1,FOODS_3_319,11342,1.0
CA_1,FOODS_3_319,11343,1.0
CA_1,FOODS_3_319,11344,1.0
CA_1,FOODS_3_319,11345,1.0
CA_1,FOODS_3_319,11346,1.0
CA_1,FOODS_3_319,11347,1.0
CA_1,FOODS_3_319,11348,1.0
CA_1,FOODS_3_319,11349,1.0
CA_1,FOODS_3_319,11350,1.0
CA_1,FOODS_3_319,11351,1.0
CA_1,FOODS_3_319,11352,1.0
CA_1,FOODS_3_319,11353,1.0
CA_1,FOODS_3_319,11401,1.0
CA_1,FOODS_3_319,11402,1.0
CA_1,FOODS_3_319,11403,1.0
CA_1,FOODS_3_319,11404,1.0
CA_1,FOODS_3_319,11405,1.0
CA_1,FOODS_3_319,11406,1.0
CA_1,FOODS_3_319,11407,1.0
CA_1,FOODS_3_319,11408,1.0
CA_1,FOODS_3_319,11409,1.0
CA_1,FOODS_3_319,11410,1.0
CA_1,FOODS_3_319,11411,1.0
CA_1,FOODS_3_319,11412,1.0
CA_1,FOODS_3_319,11413,1.0
CA_1,FOODS_3_319,11414,1.0
CA_1,FOODS_3_319,11415,1.0
CA_1,FOODS_3_319,11416,1.0
CA_1,FOODS_3_319,11417,1.0
CA_1,FOODS_3_319,11418,1.0
CA_1,FOODS_3_319,11419,1.0
CA_1,FOODS_3_319,11420,1.0
CA_1,FOODS_3_319,11421,1.0
CA_1,FOODS_3_319,11422,1.0
CA_1,FOODS_3_319,11423,1.0
CA_1,FOODS_3_319,11424,1.0
CA_1,FOODS_3_319,11425,1.0
CA_1,FOODS_3_319,11426,1.0
CA_1,FOODS_3_319,11427,1.0
CA_1,FOODS_3_319,11428,1.0
CA_1,FOODS_3_319,11429,1.0
CA_1,FOODS_3_319,11430,1.0
CA_1,FOODS_3_319,11431,1.0
CA_1,FOODS_3_319,11432,1.0
CA_1,FOODS_3_319,11433,1.0
CA_1,FOODS_3_319,11434,1.0
CA_1,FOODS_3_319,11435,1.0
CA_1,FOODS_3_319,11436,1.0
CA_1,FOODS_3_319,11437,1.0
CA_1,FOODS_3_319,11438,1.0
CA_1,FOODS_3_319,11439,1.0
CA_1,FOODS_3_319,11440,1.0
CA_1,FOODS_3_319,11441,1.0
CA_1,FOODS_3_319,11442,1.0
CA_1,FOODS_3_319,11443,1.0
CA_1,FOODS_3_319,11444,1.0
CA_1,FOODS_3_319,11445,1.0
CA_1,FOODS_3_319,11446,1.0
CA_1,FOODS_3_319,11447,1.0
CA_1,FOODS_3_319,11448,1.0
CA_1,FOODS_3_319,11449,1.0
CA_1,FOODS_3_319,11450,1.0
CA_1,FOODS_3_319,11451,1.0
CA_1,FOODS_3_319,11452,1.0
CA_1,FOODS_3_319,11501,1.0
CA_1,FOODS_3_319,11502,1.0
CA_1,FOODS_3_319,11503,1.0
CA_1,FOODS_3_319,11504,1.0
CA_1,FOODS_3_319,11505,1.0
CA_1,FOODS_3_319,11506,1.0
CA_1,FOODS_3_319,11507,1.0
CA_1,FOODS_3_319,11508,1.0
CA_1,FOODS_3_319,11509,1.0
CA_1,FOODS_3_319,11510,1.0
CA_1,FOODS_3_319,11511,1.0
CA_1,FOODS_3_319,11512,1.0
CA_1,FOODS_3_319,11513,1.0
CA_1,FOODS_3_319,11514,1.0
CA_1,FOODS_3_319,11515,1.0
CA_1,FOODS_3_319,11516,1.0
CA_1,FOODS_3_319,11517,1.0
CA_1,FOODS_3_319,11518,1.0
CA_1,FOODS_3_319,11519,1.0
CA_1,FOODS_3_319,11520,1.0
CA_1,FOODS_3_319,11521,1.0
CA_1,FOODS_3_319,11522,1.0
CA_1,FOODS_3_319,11523,1.0
CA_1,FOODS_3_319,11524,1.0
CA_1,FOODS_3_319,11525,1.0
CA_1,FOODS_3_319,11526,1.0
CA_1,FOODS_3_319,11527,1.0
CA_1,FOODS_3_319,11528,1.0
CA_1,FOODS_3_319,11529,1.0
CA_1,FOODS_3_319,11530,1.0
CA_1,FOODS_3_319,11531,1.0
CA_1,FOODS_3_319,11532,1.0
CA_1,FOODS_3_319,11533,1.0
CA_1,FOODS_3_319,11534,1.0
CA_1,FOODS_3_319,11535,1.0
CA_1,FOODS_3_319,11536,1.0
CA_1,FOODS_3_319,11537,1.0
CA_1,FOODS_3_319,11538,1.0
CA_1,FOODS_3_319,11539,1.0
CA_1,FOODS_3_319,11540,1.0
CA_1,FOODS_3_319,11541,1.0
CA_1,FOODS_3_319,11542,1.0
CA_1,FOODS_3_319,11543,1.0
CA_1,FOODS_3_319,11544,1.0
CA_1,FOODS_3_319,11545,1.0
CA_1,FOODS_3_319,11546,1.0
CA_1,FOODS_3_319,11547,1.0
CA_1,FOODS_3_319,11548,1.0
CA_1,FOODS_3_319,11549,1.0
CA_1,FOODS_3_319,11550,0.88
CA_1,FOODS_3_319,11551,1.0
CA_1,FOODS_3_319,11552,1.0
CA_1,FOODS_3_319,11601,1.0
CA_1,FOODS_3_319,11602,1.0
CA_1,FOODS_3_319,11603,1.0
CA_1,FOODS_3_319,11604,1.0
CA_1,FOODS_3_319,11605,1.0
CA_1,FOODS_3_319,11606,1.0
CA_1,FOODS_3_319,11607,1.0
CA_1,FOODS_3_319,11608,1.0
CA_1,FOODS_3_319,11609,1.0
CA_1,FOODS_3_319,11610,1.0
CA_1,FOODS_3_319,11611,1.0
CA_1,FOODS_3_319,11612,1.0
CA_1,FOODS_3_319,11613,1.0
CA_1,FOODS_3_319,11614,1.0
CA_1,FOODS_3_319,11615,1.0
CA_1,FOODS_3_319,11616,1.0
CA_1,FOODS_3_319,11617,1.0
CA_1,FOODS_3_319,11618,1.0
CA_1,FOODS_3_319,11619,1.0
CA_1,FOODS_3_319,11620,1.0
CA_1,FOODS_3_319,11621,1.0
CA_1,FOODS_3_329,11246,2.98
CA_1,FOODS_3_329,11247,2.98
CA_1,FOODS_3_329,11248,2.98
CA_1,FOODS_3_329,11249,2.98
CA_1,FOODS_3_329,11250,2.98
CA_1,FOODS_3_329,11251,2.98
CA_1,FOODS_3_329,11252,2.98
CA_1,FOODS_3_329,11301,2.98
CA_1,FOODS_3_329,11302,2.98
CA_1,FOODS_3_329,11303,2.98
CA_1,FOODS_3_329,11304,2.98
CA_1,FOODS_3_329,11305,2.98
CA_1,FOODS_3_329,11306,2.98
CA_1,FOODS_3_329,11307,2.98
CA_1,FOODS_3_329,11308,2.98
CA_1,FOODS_3_329,11309,2.98
CA_1,FOODS_3_329,11310,2.98
CA_1,FOODS_3_329,11311,2.98
CA_1,FOODS_3_329,11312,2.98
CA_1,FOODS_3_329,11313,2.98
CA_1,FOODS_3_329,11314,2.98
CA_1,FOODS_3_329,11315,2.98
CA_1,FOODS_3_329,11316,2.98
CA_1,FOODS_3_329,11317,2.98
CA_1,FOODS_3_329,11318,2.98
CA_1,FOODS_3_329,11319,2.98
CA_1,FOODS_3_329,11320,2.98
CA_1,FOODS_3_329,11321,2.98
CA_1,FOODS_3_329,11322,2.98
CA_1,FOODS_3_329,11323,2.98
CA_1,FOODS_3_329,11324,2.98
CA_1,FOODS_3_329,11325,2.98
CA_1,FOODS_3_329,11326,2.98
CA_1,FOODS_3_329,11327,2.98
CA_1,FOODS_3_329,11328,2.98
CA_1,FOODS_3_329,11329,2.98
CA_1,FOODS_3_329,11330,2.98
CA_1,FOODS_3_329,11331,2.98
CA_1,FOODS_3_329,11332,2.98
CA_1,FOODS_3_329,11333,2.98
CA_1,FOODS_3_329,11334,2.98
CA_1,FOODS_3_329,11335,2.98
CA_1,FOODS_3_329,11336,2.98
CA_1,FOODS_3_329,11337,2.98
CA_1,FOODS_3_329,11338,2.98
CA_1,FOODS_3_329,11339,2.98
CA_1,FOODS_3_329,11340,2.98
CA_1,FOODS_3_329,11341,2.98
CA_1,FOODS_3_329,11342,2.98
CA_1,FOODS_3_329,11343,2.98
CA_1,FOODS_3_329,11344,2.98
CA_1,FOODS_3_329,11345,2.98
CA_1,FOODS_3_329,11346,2.98
CA_1,FOODS_3_329,11347,2.98
CA_1,FOODS_3_329,11348,2.98
CA_1,FOODS_3_329,11349,2.98
CA_1,FOODS_3_329,11350,2.98
CA_1,FOODS_3_329,11351,2.98
CA_1,FOODS_3_329,11352,2.98
CA_1,FOODS_3_329,11353,2.98
CA_1,FOODS_3_329,11401,2.98
CA_1,FOODS_3_329,11402,2.98
CA_1,FOODS_3_329,11403,2.98
CA_1,FOODS_3_329,11404,2.98
CA_1,FOODS_3_329,11405,2.98
CA_1,FOODS_3_329,11406,2.98
CA_1,FOODS_3_329,11407,2.98
CA_1,FOODS_3_329,11408,2.98
CA_1,FOODS_3_329,11409,2.98
CA_1,FOODS_3_329,11410,2.98
CA_1,FOODS_3_329,11411,2.98
CA_1,FOODS_3_329,11412,2.98
CA_1,FOODS_3_329,11413,2.98
CA_1,FOODS_3_329,11414,2.98
CA_1,FOODS_3_329,11415,2.98
CA_1,FOODS_3_329,11416,2.98
CA_1,FOODS_3_329,11417,2.98
CA_1,FOODS_3_329,11418,2.98
CA_1,FOODS_3_329,11419,2.98
CA_1,FOODS_3_329,11420,2.98
CA_1,FOODS_3_329,11421,2.98
CA_1,FOODS_3_329,11422,2.98
CA_1,FOODS_3_329,11423,2.98
CA_1,FOODS_3_329,11424,2.98
CA_1,FOODS_3_329,11425,2.98
CA_1,FOODS_3_329,11426,2.98
CA_1,FOODS_3_329,11427,2.98
CA_1,FOODS_3_329,11428,2.98
CA_1,FOODS_3_329,11429,2.98
CA_1,FOODS_3_329,11430,2.98
CA_1,FOODS_3_329,11431,2.98
CA_1,FOODS_3_329,11432,2.98
CA_1,FOODS_3_329,11433,2.98
CA_1,FOODS_3_329,11434,2.98
CA_1,FOODS_3_329,11435,2.98
CA_1,FOODS_3_329,11436,2.98
CA_1,FOODS_3_329,11437,2.98
CA_1,FOODS_3_329,11438,2.98
CA_1,FOODS_3_329,11439,2.98
CA_1,FOODS_3_329,11440,2.98
CA_1,FOODS_3_329,11441,2.98
CA_1,FOODS_3_329,11442,2.98
CA_1,FOODS_3_329,11443,2.98
CA_1,FOODS_3_329,11444,2.98
CA_1,FOODS_3_329,11445,2.98
CA_1,FOODS_3_329,11446,2.98
CA_1,FOODS_3_329,11447,2.98
CA_1,FOODS_3_329,11448,2.98
CA_1,FOODS_3_329,11449,2.98
CA_1,FOODS_3_329,11450,2.98
CA_1,FOODS_3_329,11451,2.98
CA_1,FOODS_3_329,11452,2.98
CA_1,FOODS_3_329,11501,2.98
CA_1,FOODS_3_329,11502,2.98
CA_1,FOODS_3_329,11503,2.98
CA_1,FOODS_3_329,11504,2.98
CA_1,FOODS_3_329,11505,2.98
CA_1,FOODS_3_329,11506,2.98
CA_1,FOODS_3_329,11507,2.98
CA_1,FOODS_3_329,11508,2.98
CA_1,FOODS_3_329,11509,2.98
CA_1,FOODS_3_329,11510,2.98
CA_1,FOODS_3_329,11511,2.98
CA_1,FOODS_3_329,11512,2.98
CA_1,FOODS_3_329,11513,2.98
CA_1,FOODS_3_329,11514,2.98
CA_1,FOODS_3_329,11515,2.98
CA_1,FOODS_3_329,11516,2.98
CA_1,FOODS_3_329,11517,2.98
CA_1,FOODS_3_329,11518,2.98
CA_1,FOODS_3_329,11519,2.98
CA_1,FOODS_3_329,11520,2.98
CA_1,FOODS_3_329,11521,2.98
CA_1,FOODS_3_329,11522,2.98
CA_1,FOODS_3_329,11523,2.98
CA_1,FOODS_3_329,11524,2.98
CA_1,FOODS_3_329,11525,2.98
CA_1,FOODS_3_329,11526,2.98
CA_1,FOODS_3_329,11527,2.98
CA_1,FOODS_3_329,11528,2.98
CA_1,FOODS_3_329,11529,2.98
CA_1,FOODS_3_329,11530,2.98
CA_1,FOODS_3_329,11531,2.98
CA_1,FOODS_3_329,11532,2.98
CA_1,FOODS_3_329,11533,2.98
CA_1,FOODS_3_329,11534,2.98
CA_1,FOODS_3_329,11535,2.98
CA_1,FOODS_3_329,11536,2.98
CA_1,FOODS_3_329,11537,2.98
CA_1,FOODS_3_329,11538,2.98
CA_1,FOODS_3_329,11539,2.98
CA_1,FOODS_3_329,11540,2.98
CA_1,FOODS_3_329,11541,2.98
CA_1,FOODS_3_329,11542,2.98
CA_1,FOODS_3_329,11543,2.98
CA_1,FOODS_3_329,11544,2.98
CA_1,FOODS_3_329,11545,2.98
CA_1,FOODS_3_329,11546,2.98
CA_1,FOODS_3_329,11547,2.98
CA_1,FOODS_3_329,11548,2.98
CA_1,FOODS_3_329,11549,2.98
CA_1,FOODS_3_329,11550,2.98
CA_1,FOODS_3_329,11551,2.98
CA_1,FOODS_3_329,11552,2.98
CA_1,FOODS_3_329,11601,2.98
CA_1,FOODS_3_329,11602,2.98
CA_1,FOODS_3_329,11603,2.98
CA_1,FOODS_3_329,11604,2.98
CA_1,FOODS_3_329,11605,2.98
CA_1,FOODS_3_329,11606,2.98
CA_1,FOODS_3_329,11607,2.98
CA_1,FOODS_3_329,11608,2.98
CA_1,FOODS_3_329,11609,2.98
CA_1,FOODS_3_329,11610,2.98
CA_1,FOODS_3_329,11611,2.98
CA_1,FOODS_3_329,11612,2.98
CA_1,FOODS_3_329,11613,2.98
CA_1,FOODS_3_329,11614,2.98
CA_1,FOODS_3_329,11615,2.98
CA_1,FOODS_3_329,11616,2.98
CA_1,FOODS_3_329,11617,2.98
CA_1,FOODS_3_329,11618,2.98
CA_1,FOODS_3_329,11619,2.98
CA_1,FOODS_3_329,11620,2.98
CA_1,FOODS_3_329,11621,2.98
CA_1,FOODS_3_351,11101,1.25
CA_1,FOODS_3_351,11102,1.25
CA_1,FOODS_3_351,11103,1.18
CA_1,FOODS_3_351,11104,1.18
CA_1,FOODS_3_351,11105,1.18
CA_1,FOODS_3_351,11106,1.18
CA_1,FOODS_3_351,11107,1.18
CA_1,FOODS_3_351,11108,1.18
CA_1,FOODS_3_351,11109,1.18
CA_1,FOODS_3_351,11110,1.18
CA_1,FOODS_3_351,11111,1.18
CA_1,FOODS_3_351,11112,1.18
CA_1,FOODS_3_351,11113,1.18
CA_1,FOODS_3_351,11114,1.18
CA_1,FOODS_3_351,11115,1.18
CA_1,FOODS_3_351,11116,1.18
CA_1,FOODS_3_351,11117,1.18
CA_1,FOODS_3_351,11118,1.18
CA_1,FOODS_3_351,11119,1.18
CA_1,FOODS_3_351,11120,1.18
CA_1,FOODS_3_351,11121,1.18
CA_1,FOODS_3_351,11122,1.18
CA_1,FOODS_3_351,11123,1.18
CA_1,FOODS_3_351,11124,1.18
CA_1,FOODS_3_351,11125,1.18
CA_1,FOODS_3_351,11126,1.18
CA_1,FOODS_3_351,11127,1.18
CA_1,FOODS_3_351,11128,1.18
CA_1,FOODS_3_351,11129,1.18
CA_1,FOODS_3_351,11130,1.18
CA_1,FOODS_3_351,11131,1.18
CA_1,FOODS_3_351,11132,1.18
CA_1,FOODS_3_351,11133,1.18
CA_1,FOODS_3_351,11134,1.18
CA_1,FOODS_3_351,11135,1.18
CA_1,FOODS_3_351,11136,1.18
CA_1,FOODS_3_351,11137,1.18
CA_1,FOODS_3_351,11138,1.18
CA_1,FOODS_3_351,11139,1.18
CA_1,FOODS_3_351,11140,1.18
CA_1,FOODS_3_351,11141,1.18
CA_1,FOODS_3_351,11142,1.18
CA_1,FOODS_3_351,11143,1.18
CA_1,FOODS_3_351,11144,1.18
CA_1,FOODS_3_351,11145,1.18
CA_1,FOODS_3_351,11146,1.18
CA_1,FOODS_3_351,11147,1.18
CA_1,FOODS_3_351,11148,1.18
CA_1,FOODS_3_351,11149,1.18
CA_1,FOODS_3_351,11150,1.18
CA_1,FOODS_3_351,11151,1.18
CA_1,FOODS_3_351,11152,1.18
CA_1,FOODS_3_351,11201,1.18
CA_1,FOODS_3_351,11202,1.18
CA_1,FOODS_3_351,11203,1.08
CA_1,FOODS_3_351,11204,1.08
CA_1,FOODS_3_351,11205,1.08
CA_1,FOODS_3_351,11206,1.08
CA_1,FOODS_3_351,11207,1.08
CA_1,FOODS_3_351,11208,1.08
CA_1,FOODS_3_351,11209,1.08
CA_1,FOODS_3_351,11210,1.08
CA_1,FOODS_3_351,11211,1.0
CA_1,FOODS_3_351,11212,1.0
CA_1,FOODS_3_351,11213,1.0
CA_1,FOODS_3_351,11214,1.0
CA_1,FOODS_3_351,11215,1.0
CA_1,FOODS_3_351,11216,1.0
CA_1,FOODS_3_351,11217,1.0
CA_1,FOODS_3_351,11218,1.0
CA_1,FOODS_3_351,11219,1.0
CA_1,FOODS_3_351,11220,1.0
CA_1,FOODS_3_351,11221,1.0
CA_1,FOODS_3_351,11222,1.0
CA_1,FOODS_3_351,11223,1.0
CA_1,FOODS_3_351,11224,1.0
CA_1,FOODS_3_351,11225,1.0
CA_1,FOODS_3_351,11226,1.0
CA_1,FOODS_3_351,11227,1.18
CA_1,FOODS_3_351,11228,1.18
CA_1,FOODS_3_351,11229,1.18
CA_1,FOODS_3_351,11230,1.18
CA_1,FOODS_3_351,11231,1.18
CA_1,FOODS_3_351,11232,1.18
CA_1,FOODS_3_351,11233,1.18
CA_1,FOODS_3_351,11234,1.0
CA_1,FOODS_3_351,11235,1.0
CA_1,FOODS_3_351,11236,1.0
CA_1,FOODS_3_351,11237,1.0
CA_1,FOODS_3_351,11238,1.0
CA_1,FOODS_3_351,11239,1.0
CA_1,FOODS_3_351,11240,1.0
CA_1,FOODS_3_351,11241,1.0
CA_1,FOODS_3_351,11242,1.0
CA_1,FOODS_3_351,11243,1.0
CA_1,FOODS_3_351,11244,1.0
CA_1,FOODS_3_351,11245,1.0
CA_1,FOODS_3_351,11246,1.0
CA_1,FOODS_3_351,11247,1.0
CA_1,FOODS_3_351,11248,1.0
CA_1,FOODS_3_351,11249,1.0
CA_1,FOODS_3_351,11250,1.0
CA_1,FOODS_3_351,11251,1.0
CA_1,FOODS_3_351,11252,1.0
CA_1,FOODS_3_351,11301,1.0
CA_1,FOODS_3_351,11302,1.0
CA_1,FOODS_3_351,11303,1.0
CA_1,FOODS_3_351,11304,1.0
CA_1,FOODS_3_351,11305,1.0
CA_1,FOODS_3_351,11306,1.0
CA_1,FOODS_3_351,11307,1.0
CA_1,FOODS_3_351,11308,1.0
CA_1,FOODS_3_351,11309,1.0
CA_1,FOODS_3_351,11310,1.0
CA_1,FOODS_3_351,11311,1.0
CA_1,FOODS_3_351,11312,1.0
CA_1,FOODS_3_351,11313,1.0
CA_1,FOODS_3_351,11314,1.0
CA_1,FOODS_3_351,11315,1.0
CA_1,FOODS_3_351,11316,1.0
CA_1,FOODS_3_351,11317,1.0
CA_1,FOODS_3_351,11318,1.0
CA_1,FOODS_3_351,11319,1.0
CA_1,FOODS_3_351,11320,1.0
CA_1,FOODS_3_351,11321,1.0
CA_1,FOODS_3_351,11322,1.0
CA_1,FOODS_3_351,11323,1.0
CA_1,FOODS_3_351,11324,1.0
CA_1,FOODS_3_351,11325,1.0
CA_1,FOODS_3_351,11326,1.0
CA_1,FOODS_3_351,11327,1.0
CA_1,FOODS_3_351,11328,1.0
CA_1,FOODS_3_351,11329,1.0
CA_1,FOODS_3_351,11330,1.0
CA_1,FOODS_3_351,11331,1.0
CA_1,FOODS_3_351,11332,1.0
CA_1,FOODS_3_351,11333,1.0
CA_1,FOODS_3_351,11334,1.0
CA_1,FOODS_3_351,11335,1.0
CA_1,FOODS_3_351,11336,1.0
CA_1,FOODS_3_351,11337,1.0
CA_1,FOODS_3_351,11338,1.0
CA_1,FOODS_3_351,11339,1.0
CA_1,FOODS_3_351,11340,1.0
CA_1,FOODS_3_351,11341,1.0
CA_1,FOODS_3_351,11342,1.0
CA_1,FOODS_3_351,11343,1.0
CA_1,FOODS_3_351,11344,1.0
CA_1,FOODS_3_351,11345,1.0
CA_1,FOODS_3_351,11346,1.0
CA_1,FOODS_3_351,11347,1.0
CA_1,FOODS_3_351,11348,1.0
CA_1,FOODS_3_351,11349,1.0
CA_1,FOODS_3_351,11350,1.0
CA_1,FOODS_3_351,11351,1.0
CA_1,FOODS_3_351,11352,1.0
CA_1,FOODS_3_351,11353,1.0
CA_1,FOODS_3_351,11401,1.0
CA_1,FOODS_3_351,11402,1.0
CA_1,FOODS_3_351,11403,1.0
CA_1,FOODS_3_351,11404,1.0
CA_1,FOODS_3_351,11405,1.0
CA_1,FOODS_3_351,11406,1.0
CA_1,FOODS_3_351,11407,1.0
CA_1,FOODS_3_351,11408,1.0
CA_1,FOODS_3_351,11409,1.0
CA_1,FOODS_3_351,11410,1.0
CA_1,FOODS_3_351,11411,1.0
CA_1,FOODS_3_351,11412,1.0
CA_1,FOODS_3_351,11413,1.0
CA_1,FOODS_3_351,11414,1.0
CA_1,FOODS_3_351,11415,1.0
CA_1,FOODS_3_351,11416,1.0
CA_1,FOODS_3_351,11417,1.0
CA_1,FOODS_3_351,11418,1.0
CA_1,FOODS_3_351,11419,1.0
CA_1,FOODS_3_351,11420,1.0
CA_1,FOODS_3_351,11421,1.0
CA_1,FOODS_3_351,11422,1.0
CA_1,FOODS_3_351,11423,1.0
CA_1,FOODS_3_351,11424,1.0
CA_1,FOODS_3_351,11425,1.0
CA_1,FOODS_3_351,11426,1.0
CA_1,FOODS_3_351,11427,1.0
CA_1,FOODS_3_351,11428,1.0
CA_1,FOODS_3_351,11429,1.0
CA_1,FOODS_3_351,11430,1.0
CA_1,FOODS_3_351,11431,1.0
CA_1,FOODS_3_351,11432,1.0
CA_1,FOODS_3_351,11433,1.0
CA_1,FOODS_3_351,11434,1.08
CA_1,FOODS_3_351,11435,1.08
CA_1,FOODS_3_351,11436,1.08
CA_1,FOODS_3_351,11437,1.08
CA_1,FOODS_3_351,11438,1.08
CA_1,FOODS_3_351,11439,1.08
CA_1,FOODS_3_351,11440,1.08
CA_1,FOODS_3_351,11441,1.08
CA_1,FOODS_3_351,11442,1.08
CA_1,FOODS_3_351,11443,1.08
CA_1,FOODS_3_351,11444,1.08
CA_1,FOODS_3_351,11445,1.08
CA_1,FOODS_3_351,11446,1.08
CA_1,FOODS_3_351,11447,1.08
CA_1,FOODS_3_351,11448,1.08
CA_1,FOODS_3_351,11449,1.08
CA_1,FOODS_3_351,11450,1.08
CA_1,FOODS_3_351,11451,1.08
CA_1,FOODS_3_351,11452,1.08
CA_1,FOODS_3_351,11501,1.08
CA_1,FOODS_3_351,11502,1.08
CA_1,FOODS_3_351,11503,1.08
CA_1,FOODS_3_351,11504,1.08
CA_1,FOODS_3_351,11505,1.08
CA_1,FOODS_3_351,11506,1.08
CA_1,FOODS_3_351,11507,1.08
CA_1,FOODS_3_351,11508,1.08
CA_1,FOODS_3_351,11509,1.08
CA_1,FOODS_3_351,11510,1.08
CA_1,FOODS_3_351,11511,1.08
CA_1,FOODS_3_351,11512,1.08
CA_1,FOODS_3_351,11513,1.14
CA_1,FOODS_3_351,11514,1.14
CA_1,FOODS_3_351,11515,1.14
CA_1,FOODS_3_351,11516,1.14
CA_1,FOODS_3_351,11517,1.14
CA_1,FOODS_3_351,11518,1.14
CA_1,FOODS_3_351,11519,1.14
CA_1,FOODS_3_351,11520,1.14
CA_1,FOODS_3_351,11521,1.14
CA_1,FOODS_3_351,11522,1.14
CA_1,FOODS_3_351,11523,1.14
CA_1,FOODS_3_351,11524,1.14
CA_1,FOODS_3_351,11525,1.14
CA_1,FOODS_3_351,11526,1.14
CA_1,FOODS_3_351,11527,1.14
CA_1,FOODS_3_351,11528,1.14
CA_1,FOODS_3_351,11529,1.14
CA_1,FOODS_3_351,11530,0.94
CA_1,FOODS_3_351,11531,0.94
CA_1,FOODS_3_351,11532,0.94
CA_1,FOODS_3_351,11533,0.94
CA_1,FOODS_3_351,11534,0.94
CA_1,FOODS_3_351,11535,0.94
CA_1,FOODS_3_351,11536,0.94
CA_1,FOODS_3_351,11537,0.94
CA_1,FOODS_3_351,11538,0.94
CA_1,FOODS_3_351,11539,0.94
CA_1,FOODS_3_351,11540,0.94
CA_1,FOODS_3_351,11541,0.94
CA_1,FOODS_3_351,11542,0.94
CA_1,FOODS_3_351,11543,0.94
CA_1,FOODS_3_351,11544,0.94
CA_1,FOODS_3_351,11545,0.94
CA_1,FOODS_3_351,11546,0.94
CA_1,FOODS_3_351,11547,0.94
CA_1,FOODS_3_351,11548,0.94
CA_1,FOODS_3_351,11549,0.94
CA_1,FOODS_3_351,11550,0.94
CA_1,FOODS_3_351,11551,0.94
CA_1,FOODS_3_351,11552,0.94
CA_1,FOODS_3_351,11601,0.94
CA_1,FOODS_3_351,11602,0.94
CA_1,FOODS_3_351,11603,0.94
CA_1,FOODS_3_351,11604,0.94
CA_1,FOODS_3_351,11605,0.94
CA_1,FOODS_3_351,11606,0.94
CA_1,FOODS_3_351,11607,0.94
CA_1,FOODS_3_351,11608,0.94
CA_1,FOODS_3_351,11609,0.94
CA_1,FOODS_3_351,11610,0.94
CA_1,FOODS_3_351,11611,0.94
CA_1,FOODS_3_351,11612,0.94
CA_1,FOODS_3_351,11613,0.94
CA_1,FOODS_3_351,11614,0.94
CA_1,FOODS_3_351,11615,0.94
CA_1,FOODS_3_351,11616,0.94
CA_1,FOODS_3_351,11617,0.94
CA_1,FOODS_3_351,11618,0.94
CA_1,FOODS_3_351,11619,0.94
CA_1,FOODS_3_351,11620,0.94
CA_1,FOODS_3_351,11621,0.94
CA_1,FOODS_3_362,11247,2.5
CA_1,FOODS_3_362,11248,2.5
CA_1,FOODS_3_362,11249,2.5
CA_1,FOODS_3_362,11250,2.5
CA_1,FOODS_3_362,11251,2.5
CA_1,FOODS_3_362,11252,2.5
CA_1,FOODS_3_362,11301,2.5
CA_1,FOODS_3_362,11302,2.5
CA_1,FOODS_3_362,11303,2.5
CA_1,FOODS_3_362,11304,2.5
CA_1,FOODS_3_362,11305,2.5
CA_1,FOODS_3_362,11306,2.5
CA_1,FOODS_3_362,11307,2.5
CA_1,FOODS_3_362,11308,2.5
CA_1,FOODS_3_362,11309,2.5
CA_1,FOODS_3_362,11310,2.5
CA_1,FOODS_3_362,11311,2.5
CA_1,FOODS_3_362,11312,2.5
CA_1,FOODS_3_362,11313,2.5
CA_1,FOODS_3_362,11314,2.5
CA_1,FOODS_3_362,11315,2.5
CA_1,FOODS_3_362,11316,2.5
CA_1,FOODS_3_362,11317,2.5
CA_1,FOODS_3_362,11318,2.5
CA_1,FOODS_3_362,11319,2.5
CA_1,FOODS_3_362,11320,2.5
CA_1,FOODS_3_362,11321,2.5
CA_1,FOODS_3_362,11322,2.5
CA_1,FOODS_3_362,11323,2.5
CA_1,FOODS_3_362,11324,2.5
CA_1,FOODS_3_362,11325,2.5
CA_1,FOODS_3_362,11326,2.5
CA_1,FOODS_3_362,11327,2.5
CA_1,FOODS_3_362,11328,2.5
CA_1,FOODS_3_362,11329,2.5
CA_1,FOODS_3_362,11330,2.5
CA_1,FOODS_3_362,11331,2.5
CA_1,FOODS_3_362,11332,2.5
CA_1,FOODS_3_362,11333,2.5
CA_1,FOODS_3_362,11334,2.5
CA_1,FOODS_3_362,11335,2.5
CA_1,FOODS_3_362,11336,2.5
CA_1,FOODS_3_362,11337,2.5
CA_1,FOODS_3_362,11338,2.5
CA_1,FOODS_3_362,11339,2.5
CA_1,FOODS_3_362,11340,2.5
CA_1,FOODS_3_362,11341,2.5
CA_1,FOODS_3_362,11342,2.5
CA_1,FOODS_3_362,11343,2.5
CA_1,FOODS_3_362,11344,2.5
CA_1,FOODS_3_362,11345,2.5
CA_1,FOODS_3_362,11346,2.5
CA_1,FOODS_3_362,11347,2.5
CA_1,FOODS_3_362,11348,2.5
CA_1,FOODS_3_362,11349,2.5
CA_1,FOODS_3_362,11350,2.5
CA_1,FOODS_3_362,11351,2.5
CA_1,FOODS_3_362,11352,2.5
CA_1,FOODS_3_362,11353,2.5
CA_1,FOODS_3_362,11401,2.5
CA_1,FOODS_3_362,11402,2.5
CA_1,FOODS_3_362,11403,2.5
CA_1,FOODS_3_362,11404,2.5
CA_1,FOODS_3_362,11405,2.5
CA_1,FOODS_3_362,11406,2.5
CA_1,FOODS_3_362,11407,2.5
CA_1,FOODS_3_362,11408,2.5
CA_1,FOODS_3_362,11409,2.5
CA_1,FOODS_3_362,11410,2.5
CA_1,FOODS_3_362,11411,2.5
CA_1,FOODS_3_362,11412,2.5
CA_1,FOODS_3_362,11413,2.5
CA_1,FOODS_3_362,11414,2.5
CA_1,FOODS_3_362,11415,2.5
CA_1,FOODS_3_362,11416,2.5
CA_1,FOODS_3_362,11417,2.5
CA_1,FOODS_3_362,11418,2.5
CA_1,FOODS_3_362,11419,2.5
CA_1,FOODS_3_362,11420,2.5
CA_1,FOODS_3_362,11421,2.5
CA_1,FOODS_3_362,11422,2.5
CA_1,FOODS_3_362,11423,2.5
CA_1,FOODS_3_362,11424,2.5
CA_1,FOODS_3_362,11425,2.5
CA_1,FOODS_3_362,11426,2.5
CA_1,FOODS_3_362,11427,2.5
CA_1,FOODS_3_362,11428,2.5
CA_1,FOODS_3_362,11429,2.5
CA_1,FOODS_3_362,11430,2.5
CA_1,FOODS_3_362,11431,2.5
CA_1,FOODS_3_362,11432,2.5
CA_1,FOODS_3_362,11433,2.5
CA_1,FOODS_3_362,11434,2.5
CA_1,FOODS_3_362,11435,2.5
CA_1,FOODS_3_362,11436,2.5
CA_1,FOODS_3_362,11437,2.5
CA_1,FOODS_3_362,11438,2.5
CA_1,FOODS_3_362,11439,2.5
CA_1,FOODS_3_362,11440,2.5
CA_1,FOODS_3_362,11441,2.5
CA_1,FOODS_3_362,11442,2.5
CA_1,FOODS_3_362,11443,2.5
CA_1,FOODS_3_362,11444,2.5
CA_1,FOODS_3_362,11445,2.5
CA_1,FOODS_3_362,11446,2.5
CA_1,FOODS_3_362,11447,2.5
CA_1,FOODS_3_362,11448,2.5
CA_1,FOODS_3_362,11449,2.5
CA_1,FOODS_3_362,11450,2.5
CA_1,FOODS_3_362,11451,2.5
CA_1,FOODS_3_362,11452,2.5
CA_1,FOODS_3_362,11501,2.5
CA_1,FOODS_3_362,11502,2.5
CA_1,FOODS_3_362,11503,2.5
CA_1,FOODS_3_362,11504,2.5
CA_1,FOODS_3_362,11505,2.5
CA_1,FOODS_3_362,11506,2.5
CA_1,FOODS_3_362,11507,2.5
CA_1,FOODS_3_362,11508,2.5
CA_1,FOODS_3_362,11509,2.5
CA_1,FOODS_3_362,11510,2.5
CA_1,FOODS_3_362,11511,2.5
CA_1,FOODS_3_362,11512,2.5
CA_1,FOODS_3_362,11513,2.5
CA_1,FOODS_3_362,11514,2.5
CA_1,FOODS_3_362,11515,2.5
CA_1,FOODS_3_362,11516,2.5
CA_1,FOODS_3_362,11517,2.5
CA_1,FOODS_3_362,11518,2.5
CA_1,FOODS_3_362,11519,2.5
CA_1,FOODS_3_362,11520,2.5
CA_1,FOODS_3_362,11521,2.5
CA_1,FOODS_3_362,11522,2.5
CA_1,FOODS_3_362,11523,2.5
CA_1,FOODS_3_362,11524,2.5
CA_1,FOODS_3_362,11525,2.5
CA_1,FOODS_3_362,11526,2.5
CA_1,FOODS_3_362,11527,2.5
CA_1,FOODS_3_362,11528,2.5
CA_1,FOODS_3_362,11529,2.5
CA_1,FOODS_3_362,11530,2.5
CA_1,FOODS_3_362,11531,2.5
CA_1,FOODS_3_362,11532,2.5
CA_1,FOODS_3_362,11533,2.5
CA_1,FOODS_3_362,11534,2.5
CA_1,FOODS_3_362,11535,2.5
CA_1,FOODS_3_362,11536,2.5
CA_1,FOODS_3_362,11537,2.5
CA_1,FOODS_3_362,11538,2.5
CA_1,FOODS_3_362,11539,2.5
CA_1,FOODS_3_362,11540,2.5
CA_1,FOODS_3_362,11541,2.5
CA_1,FOODS_3_362,11542,2.5
CA_1,FOODS_3_362,11543,2.5
CA_1,FOODS_3_362,11544,2.5
CA_1,FOODS_3_362,11545,2.5
CA_1,FOODS_3_362,11546,2.5
CA_1,FOODS_3_362,11547,2.5
CA_1,FOODS_3_362,11548,2.5
CA_1,FOODS_3_362,11549,2.5
CA_1,FOODS_3_362,11550,2.5
CA_1,FOODS_3_362,11551,2.5
CA_1,FOODS_3_362,11552,2.5
CA_1,FOODS_3_362,11601,2.5
CA_1,FOODS_3_362,11602,2.5
CA_1,FOODS_3_362,11603,2.5
CA_1,FOODS_3_362,11604,2.5
CA_1,FOODS_3_362,11605,2.5
CA_1,FOODS_3_362,11606,2.56
CA_1,FOODS_3_362,11607,2.56
CA_1,FOODS_3_362,11608,2.56
CA_1,FOODS_3_362,11609,2.56
CA_1,FOODS_3_362,11610,2.56
CA_1,FOODS_3_362,11611,2.56
CA_1,FOODS_3_362,11612,2.56
CA_1,FOODS_3_362,11613,2.56
CA_1,FOODS_3_362,11614,2.56
CA_1,FOODS_3_362,11615,2.56
CA_1,FOODS_3_362,11616,2.56
CA_1,FOODS_3_362,11617,2.56
CA_1,FOODS_3_362,11618,2.56
CA_1,FOODS_3_362,11619,2.56
CA_1,FOODS_3_362,11620,2.56
CA_1,FOODS_3_362,11621,2.56
CA_1,FOODS_3_376,11104,1.0
CA_1,FOODS_3_376,11105,1.0
CA_1,FOODS_3_376,11106,1.0
CA_1,FOODS_3_376,11107,1.0
CA_1,FOODS_3_376,11108,1.0
CA_1,FOODS_3_376,11109,1.0
CA_1,FOODS_3_376,11110,1.0
CA_1,FOODS_3_376,11111,1.0
CA_1,FOODS_3_376,11112,1.0
CA_1,FOODS_3_376,11113,1.0
CA_1,FOODS_3_376,11114,1.0
CA_1,FOODS_3_376,11115,1.0
CA_1,FOODS_3_376,11116,1.0
CA_1,FOODS_3_376,11117,1.0
CA_1,FOODS_3_376,11118,1.0
CA_1,FOODS_3_376,11119,1.0
CA_1,FOODS_3_376,11120,1.0
CA_1,FOODS_3_376,11121,1.0
CA_1,FOODS_3_376,11122,1.0
CA_1,FOODS_3_376,11123,1.0
CA_1,FOODS_3_376,11124,1.0
CA_1,FOODS_3_376,11125,1.0
CA_1,FOODS_3_376,11126,1.0
CA_1,FOODS_3_376,11127,1.0
CA_1,FOODS_3_376,11128,1.0
CA_1,FOODS_3_376,11129,1.0
CA_1,FOODS_3_376,11130,1.0
CA_1,FOODS_3_376,11131,1.0
CA_1,FOODS_3_376,11132,1.0
CA_1,FOODS_3_376,11133,1.0
CA_1,FOODS_3_376,11134,1.0
CA_1,FOODS_3_376,11135,1.0
CA_1,FOODS_3_376,11136,1.0
CA_1,FOODS_3_376,11137,1.0
CA_1,FOODS_3_376,11138,1.0
CA_1,FOODS_3_376,11139,1.0
CA_1,FOODS_3_376,11140,1.0
CA_1,FOODS_3_376,11141,1.0
CA_1,FOODS_3_376,11142,1.0
CA_1,FOODS_3_376,11143,1.0
CA_1,FOODS_3_376,11144,1.0
CA_1,FOODS_3_376,11145,1.0
CA_1,FOODS_3_376,11146,1.0
CA_1,FOODS_3_376,11147,1.0
CA_1,FOODS_3_376,11148,1.0
CA_1,FOODS_3_376,11149,1.0
CA_1,FOODS_3_376,11150,1.0
CA_1,FOODS_3_376,11151,1.0
CA_1,FOODS_3_376,11152,1.0
CA_1,FOODS_3_376,11201,1.0
CA_1,FOODS_3_376,11202,1.0
CA_1,FOODS_3_376,11203,1.0
CA_1,FOODS_3_376,11204,1.0
CA_1,FOODS_3_376,11205,1.0
CA_1,FOODS_3_376,11206,1.0
CA_1,FOODS_3_376,11207,1.0
CA_1,FOODS_3_376,11208,1.0
CA_1,FOODS_3_376,11209,1.0
CA_1,FOODS_3_376,11210,1.0
CA_1,FOODS_3_376,11211,1.0
CA_1,FOODS_3_376,11212,1.0
CA_1,FOODS_3_376,11213,1.0
CA_1,FOODS_3_376,11214,1.0
CA_1,FOODS_3_376,11215,1.0
CA_1,FOODS_3_376,11216,1.0
CA_1,FOODS_3_376,11217,1.0
CA_1,FOODS_3_376,11218,1.0
CA_1,FOODS_3_376,11219,1.0
CA_1,FOODS_3_376,11220,1.0
CA_1,FOODS_3_376,11221,1.0
CA_1,FOODS_3_376,11222,1.0
CA_1,FOODS_3_376,11223,1.0
CA_1,FOODS_3_376,11224,1.0
CA_1,FOODS_3_376,11225,1.0
CA_1,FOODS_3_376,11226,1.0
CA_1,FOODS_3_376,11227,1.0
CA_1,FOODS_3_376,11228,1.0
CA_1,FOODS_3_376,11229,1.0
CA_1,FOODS_3_376,11230,1.0
CA_1,FOODS_3_376,11231,1.0
CA_1,FOODS_3_376,11232,1.0
CA_1,FOODS_3_376,11233,1.0
CA_1,FOODS_3_376,11234,1.0
CA_1,FOODS_3_376,11235,1.0
CA_1,FOODS_3_376,11236,1.0
CA_1,FOODS_3_376,11237,1.0
CA_1,FOODS_3_376,11238,1.0
CA_1,FOODS_3_376,11239,1.0
CA_1,FOODS_3_376,11240,1.0
CA_1,FOODS_3_376,11241,1.0
CA_1,FOODS_3_376,11242,1.0
CA_1,FOODS_3_376,11243,1.0
CA_1,FOODS_3_376,11244,1.0
CA_1,FOODS_3_376,11245,1.0
CA_1,FOODS_3_376,11246,1.0
CA_1,FOODS_3_376,11247,1.0
CA_1,FOODS_3_376,11248,1.0
CA_1,FOODS_3_376,11249,1.0
CA_1,FOODS_3_376,11250,1.0
CA_1,FOODS_3_376,11251,1.0
CA_1,FOODS_3_376,11252,1.0
CA_1,FOODS_3_376,11301,1.0
CA_1,FOODS_3_376,11302,1.0
CA_1,FOODS_3_376,11303,1.0
CA_1,FOODS_3_376,11304,1.0
CA_1,FOODS_3_376,11305,1.0
CA_1,FOODS_3_376,11306,1.0
CA_1,FOODS_3_376,11307,1.0
CA_1,FOODS_3_376,11308,1.0
CA_1,FOODS_3_376,11309,1.0
CA_1,FOODS_3_376,11310,1.0
CA_1,FOODS_3_376,11311,1.0
CA_1,FOODS_3_376,11312,1.0
CA_1,FOODS_3_376,11313,1.0
CA_1,FOODS_3_376,11314,1.0
CA_1,FOODS_3_376,11315,1.0
CA_1,FOODS_3_376,11316,1.0
CA_1,FOODS_3_376,11317,1.0
CA_1,FOODS_3_376,11318,1.0
CA_1,FOODS_3_376,11319,1.0
CA_1,FOODS_3_376,11320,1.0
CA_1,FOODS_3_376,11321,1.0
CA_1,FOODS_3_376,11322,1.0
CA_1,FOODS_3_376,11323,1.0
CA_1,FOODS_3_376,11324,1.0
CA_1,FOODS_3_376,11325,1.0
CA_1,FOODS_3_376,11326,1.0
CA_1,FOODS_3_376,11327,1.0
CA_1,FOODS_3_376,11328,1.0
CA_1,FOODS_3_376,11329,1.0
CA_1,FOODS_3_376,11330,1.0
CA_1,FOODS_3_376,11331,1.0
CA_1,FOODS_3_376,11332,1.0
CA_1,FOODS_3_376,11333,1.0
CA_1,FOODS_3_376,11334,1.0
CA_1,FOODS_3_376,11335,1.0
CA_1,FOODS_3_376,11336,1.0
CA_1,FOODS_3_376,11337,1.0
CA_1,FOODS_3_376,11338,1.0
CA_1,FOODS_3_376,11339,1.0
CA_1,FOODS_3_376,11340,1.0
CA_1,FOODS_3_376,11341,1.0
CA_1,FOODS_3_376,11342,1.0
CA_1,FOODS_3_376,11343,1.0
CA_1,FOODS_3_376,11344,1.0
CA_1,FOODS_3_376,11345,1.0
CA_1,FOODS_3_376,11346,1.0
CA_1,FOODS_3_376,11347,1.0
CA_1,FOODS_3_376,11348,1.0
CA_1,FOODS_3_376,11349,1.0
CA_1,FOODS_3_376,11350,1.0
CA_1,FOODS_3_376,11351,1.0
CA_1,FOODS_3_376,11352,1.0
CA_1,FOODS_3_376,11353,1.0
CA_1,FOODS_3_376,11401,1.0
CA_1,FOODS_3_376,11402,1.0
CA_1,FOODS_3_376,11403,1.0
CA_1,FOODS_3_376,11404,1.0
CA_1,FOODS_3_376,11405,1.0
CA_1,FOODS_3_376,11406,1.0
CA_1,FOODS_3_376,11407,1.0
CA_1,FOODS_3_376,11408,1.0
CA_1,FOODS_3_376,11409,1.0
CA_1,FOODS_3_376,11410,1.0
CA_1,FOODS_3_376,11411,1.0
CA_1,FOODS_3_376,11412,1.0
CA_1,FOODS_3_376,11413,1.0
CA_1,FOODS_3_376,11414,1.0
CA_1,FOODS_3_376,11415,1.0
CA_1,FOODS_3_376,11416,1.0
CA_1,FOODS_3_376,11417,1.0
CA_1,FOODS_3_376,11418,1.0
CA_1,FOODS_3_376,11419,1.0
CA_1,FOODS_3_376,11420,1.0
CA_1,FOODS_3_376,11421,1.0
CA_1,FOODS_3_376,11422,1.0
CA_1,FOODS_3_376,11423,1.0
CA_1,FOODS_3_376,11424,1.0
CA_1,FOODS_3_376,11425,1.0
CA_1,FOODS_3_376,11426,1.0
CA_1,FOODS_3_376,11427,1.0
CA_1,FOODS_3_376,11428,1.0
CA_1,FOODS_3_376,11429,1.0
CA_1,FOODS_3_376,11430,1.0
CA_1,FOODS_3_376,11431,1.0
CA_1,FOODS_3_376,11432,1.0
CA_1,FOODS_3_376,11433,1.0
CA_1,FOODS_3_376,11434,1.0
CA_1,FOODS_3_376,11435,1.0
CA_1,FOODS_3_376,11436,1.0
CA_1,FOODS_3_376,11437,1.0
CA_1,FOODS_3_376,11438,1.0
CA_1,FOODS_3_376,11439,1.0
CA_1,FOODS_3_376,11440,1.0
CA_1,FOODS_3_376,11441,1.0
CA_1,FOODS_3_376,11442,1.0
CA_1,FOODS_3_376,11443,1.0
CA_1,FOODS_3_376,11444,1.0
CA_1,FOODS_3_376,11445,1.0
CA_1,FOODS_3_376,11446,1.0
CA_1,FOODS_3_376,11447,1.0
CA_1,FOODS_3_376,11448,1.0
CA_1,FOODS_3_376,11449,1.0
CA_1,FOODS_3_376,11450,1.0
CA_1,FOODS_3_376,11451,1.0
CA_1,FOODS_3_376,11452,1.0
CA_1,FOODS_3_376,11501,1.0
CA_1,FOODS_3_376,11502,1.0
CA_1,FOODS_3_376,11503,1.0
CA_1,FOODS_3_376,11504,1.0
CA_1,FOODS_3_376,11505,1.0
CA_1,FOODS_3_376,11506,1.0
CA_1,FOODS_3_376,11507,1.0
CA_1,FOODS_3_376,11508,1.0
CA_1,FOODS_3_376,11509,1.0
CA_1,FOODS_3_376,11510,1.0
CA_1,FOODS_3_376,11511,1.0
CA_1,FOODS_3_376,11512,1.0
CA_1,FOODS_3_376,11513,1.0
CA_1,FOODS_3_376,11514,1.0
CA_1,FOODS_3_376,11515,1.0
CA_1,FOODS_3_376,11516,1.0
CA_1,FOODS_3_376,11517,1.0
CA_1,FOODS_3_376,11518,1.0
CA_1,FOODS_3_376,11519,1.0
CA_1,FOODS_3_376,11520,1.0
CA_1,FOODS_3_376,11521,1.0
CA_1,FOODS_3_376,11522,1.0
CA_1,FOODS_3_376,11523,1.0
CA_1,FOODS_3_376,11524,1.0
CA_1,FOODS_3_376,11525,1.0
CA_1,FOODS_3_376,11526,1.0
CA_1,FOODS_3_376,11527,1.0
CA_1,FOODS_3_376,11528,1.0
CA_1,FOODS_3_376,11529,1.0
CA_1,FOODS_3_376,11530,1.0
CA_1,FOODS_3_376,11531,1.0
CA_1,FOODS_3_376,11532,1.0
CA_1,FOODS_3_376,11533,1.0
CA_1,FOODS_3_376,11534,1.0
CA_1,FOODS_3_376,11535,1.0
CA_1,FOODS_3_376,11536,1.0
CA_1,FOODS_3_376,11537,1.0
CA_1,FOODS_3_376,11538,1.0
CA_1,FOODS_3_376,11539,1.0
CA_1,FOODS_3_376,11540,1.0
CA_1,FOODS_3_376,11541,1.0
CA_1,FOODS_3_376,11542,1.0
CA_1,FOODS_3_376,11543,1.0
CA_1,FOODS_3_376,11544,1.0
CA_1,FOODS_3_376,11545,1.0
CA_1,FOODS_3_376,11546,1.0
CA_1,FOODS_3_376,11547,1.0
CA_1,FOODS_3_376,11548,1.0
CA_1,FOODS_3_376,11549,1.0
CA_1,FOODS_3_376,11550,1.0
CA_1,FOODS_3_376,11551,1.0
CA_1,FOODS_3_376,11552,1.0
CA_1,FOODS_3_376,11601,1.0
CA_1,FOODS_3_376,11602,1.0
CA_1,FOODS_3_376,11603,1.0
CA_1,FOODS_3_376,11604,1.0
CA_1,FOODS_3_376,11605,1.0
CA_1,FOODS_3_376,11606,1.0
CA_1,FOODS_3_376,11607,1.0
CA_1,FOODS_3_376,11608,1.0
CA_1,FOODS_3_376,11609,1.0
CA_1,FOODS_3_376,11610,1.0
CA_1,FOODS_3_376,11611,1.0
CA_1,FOODS_3_376,11612,1.0
CA_1,FOODS_3_376,11613,1.0
CA_1,FOODS_3_376,11614,1.0
CA_1,FOODS_3_376,11615,1.0
CA_1,FOODS_3_376,11616,1.0
CA_1,FOODS_3_376,11617,1.0
CA_1,FOODS_3_376,11618,1.0
CA_1,FOODS_3_376,11619,1.0
CA_1,FOODS_3_376,11620,1.0
CA_1,FOODS_3_376,11621,1.0
CA_1,FOODS_3_377,11101,1.48
CA_1,FOODS_3_377,11102,1.48
CA_1,FOODS_3_377,11103,1.48
CA_1,FOODS_3_377,11104,1.48
CA_1,FOODS_3_377,11105,1.48
CA_1,FOODS_3_377,11106,1.48
CA_1,FOODS_3_377,11107,1.48
CA_1,FOODS_3_377,11108,1.48
CA_1,FOODS_3_377,11109,1.48
CA_1,FOODS_3_377,11110,1.48
CA_1,FOODS_3_377,11111,1.48
CA_1,FOODS_3_377,11112,1.48
CA_1,FOODS_3_377,11113,1.48
CA_1,FOODS_3_377,11114,1.48
CA_1,FOODS_3_377,11115,1.48
CA_1,FOODS_3_377,11116,1.48
CA_1,FOODS_3_377,11117,1.48
CA_1,FOODS_3_377,11118,1.48
CA_1,FOODS_3_377,11119,1.48
CA_1,FOODS_3_377,11120,1.48
CA_1,FOODS_3_377,11121,1.48
CA_1,FOODS_3_377,11122,1.48
CA_1,FOODS_3_377,11123,1.48
CA_1,FOODS_3_377,11124,1.48
CA_1,FOODS_3_377,11125,1.48
CA_1,FOODS_3_377,11126,1.48
CA_1,FOODS_3_377,11127,1.48
CA_1,FOODS_3_377,11128,1.48
CA_1,FOODS_3_377,11129,1.48
CA_1,FOODS_3_377,11130,1.48
CA_1,FOODS_3_377,11131,1.48
CA_1,FOODS_3_377,11132,1.48
CA_1,FOODS_3_377,11133,1.48
CA_1,FOODS_3_377,11134,1.48
CA_1,FOODS_3_377,11135,1.48
CA_1,FOODS_3_377,11136,1.48
CA_1,FOODS_3_377,11137,1.48
CA_1,FOODS_3_377,11138,1.48
CA_1,FOODS_3_377,11139,1.48
CA_1,FOODS_3_377,11140,1.48
CA_1,FOODS_3_377,11141,1.48
CA_1,FOODS_3_377,11142,1.48
CA_1,FOODS_3_377,11143,1.48
CA_1,FOODS_3_377,11144,1.48
CA_1,FOODS_3_377,11145,1.48
CA_1,FOODS_3_377,11146,1.48
CA_1,FOODS_3_377,11147,1.48
CA_1,FOODS_3_377,11148,1.48
CA_1,FOODS_3_377,11149,1.48
CA_1,FOODS_3_377,11150,1.48
CA_1,FOODS_3_377,11151,1.48
CA_1,FOODS_3_377,11152,1.48
CA_1,FOODS_3_377,11201,1.48
CA_1,FOODS_3_377,11202,1.48
CA_1,FOODS_3_377,11203,1.48
CA_1,FOODS_3_377,11204,1.58
CA_1,FOODS_3_377,11205,1.58
CA_1,FOODS_3_377,11206,1.58
CA_1,FOODS_3_377,11207,1.58
CA_1,FOODS_3_377,11208,1.58
CA_1,FOODS_3_377,11209,1.58
CA_1,FOODS_3_377,11210,1.58
CA_1,FOODS_3_377,11211,1.58
CA_1,FOODS_3_377,11212,1.58
CA_1,FOODS_3_377,11213,1.58
CA_1,FOODS_3_377,11214,1.58
CA_1,FOODS_3_377,11215,1.58
CA_1,FOODS_3_377,11216,1.58
CA_1,FOODS_3_377,11217,1.58
CA_1,FOODS_3_377,11218,1.58
CA_1,FOODS_3_377,11219,1.58
CA_1,FOODS_3_377,11220,1.58
CA_1,FOODS_3_377,11221,1.58
CA_1,FOODS_3_377,11222,1.58
CA_1,FOODS_3_377,11223,1.58
CA_1,FOODS_3_377,11224,1.58
CA_1,FOODS_3_377,11225,1.58
CA_1,FOODS_3_377,11226,1.58
CA_1,FOODS_3_377,11227,1.58
CA_1,FOODS_3_377,11228,1.58
CA_1,FOODS_3_377,11229,1.58
CA_1,FOODS_3_377,11230,1.58
CA_1,FOODS_3_377,11231,1.58
CA_1,FOODS_3_377,11232,1.58
CA_1,FOODS_3_377,11233,1.58
CA_1,FOODS_3_377,11234,1.58
CA_1,FOODS_3_377,11235,1.58
CA_1,FOODS_3_377,11236,1.58
CA_1,FOODS_3_377,11237,1.58
CA_1,FOODS_3_377,11238,1.58
CA_1,FOODS_3_377,11239,1.58
CA_1,FOODS_3_377,11240,1.58
CA_1,FOODS_3_377,11241,1.58
CA_1,FOODS_3_377,11242,1.58
CA_1,FOODS_3_377,11243,1.58
CA_1,FOODS_3_377,11244,1.58
CA_1,FOODS_3_377,11245,1.58
CA_1,FOODS_3_377,11246,1.58
CA_1,FOODS_3_377,11247,1.58
CA_1,FOODS_3_377,11248,1.58
CA_1,FOODS_3_377,11249,1.58
CA_1,FOODS_3_377,11250,1.58
CA_1,FOODS_3_377,11251,1.58
CA_1,FOODS_3_377,11252,1.58
CA_1,FOODS_3_377,11301,1.58
CA_1,FOODS_3_377,11302,1.58
CA_1,FOODS_3_377,11303,1.58
CA_1,FOODS_3_377,11304,1.58
CA_1,FOODS_3_377,11305,1.58
CA_1,FOODS_3_377,11306,1.58
CA_1,FOODS_3_377,11307,1.58
CA_1,FOODS_3_377,11308,1.58
CA_1,FOODS_3_377,11309,1.58
CA_1,FOODS_3_377,11310,1.58
CA_1,FOODS_3_377,11311,1.58
CA_1,FOODS_3_377,11312,1.58
CA_1,FOODS_3_377,11313,1.58
CA_1,FOODS_3_377,11314,1.58
CA_1,FOODS_3_377,11315,1.58
CA_1,FOODS_3_377,11316,1.58
CA_1,FOODS_3_377,11317,1.58
CA_1,FOODS_3_377,11318,1.58
CA_1,FOODS_3_377,11319,1.58
CA_1,FOODS_3_377,11320,1.58
CA_1,FOODS_3_377,11321,1.58
CA_1,FOODS_3_377,11322,1.58
CA_1,FOODS_3_377,11323,1.58
CA_1,FOODS_3_377,11324,1.58
CA_1,FOODS_3_377,11325,1.58
CA_1,FOODS_3_377,11326,1.58
CA_1,FOODS_3_377,11327,1.58
CA_1,FOODS_3_377,11328,1.58
CA_1,FOODS_3_377,11329,1.58
CA_1,FOODS_3_377,11330,1.58
CA_1,FOODS_3_377,11331,1.58
CA_1,FOODS_3_377,11332,1.58
CA_1,FOODS_3_377,11333,1.58
CA_1,FOODS_3_377,11334,1.58
CA_1,FOODS_3_377,11335,1.58
CA_1,FOODS_3_377,11336,1.58
CA_1,FOODS_3_377,11337,1.58
CA_1,FOODS_3_377,11338,1.58
CA_1,FOODS_3_377,11339,1.58
CA_1,FOODS_3_377,11340,1.58
CA_1,FOODS_3_377,11341,1.58
CA_1,FOODS_3_377,11342,1.58
CA_1,FOODS_3_377,11343,1.58
CA_1,FOODS_3_377,11344,1.58
CA_1,FOODS_3_377,11345,1.58
CA_1,FOODS_3_377,11346,1.58
CA_1,FOODS_3_377,11347,1.58
CA_1,FOODS_3_377,11348,1.58
CA_1,FOODS_3_377,11349,1.58
CA_1,FOODS_3_377,11350,1.58
CA_1,FOODS_3_377,11351,1.68
CA_1,FOODS_3_377,11352,1.68
CA_1,FOODS_3_377,11353,1.68
CA_1,FOODS_3_377,11401,1.68
CA_1,FOODS_3_377,11402,1.68
CA_1,FOODS_3_377,11403,1.68
CA_1,FOODS_3_377,11404,1.68
CA_1,FOODS_3_377,11405,1.68
CA_1,FOODS_3_377,11406,1.68
CA_1,FOODS_3_377,11407,1.68
CA_1,FOODS_3_377,11408,1.68
CA_1,FOODS_3_377,11409,1.68
CA_1,FOODS_3_377,11410,1.68
CA_1,FOODS_3_377,11411,1.68
CA_1,FOODS_3_377,11412,1.68
CA_1,FOODS_3_377,11413,1.68
CA_1,FOODS_3_377,11414,1.68
CA_1,FOODS_3_377,11415,1.68
CA_1,FOODS_3_377,11416,1.68
CA_1,FOODS_3_377,11417,1.68
CA_1,FOODS_3_377,11418,1.68
CA_1,FOODS_3_377,11419,1.68
CA_1,FOODS_3_377,11420,1.68
CA_1,FOODS_3_377,11421,1.68
CA_1,FOODS_3_377,11422,1.68
CA_1,FOODS_3_377,11423,1.68
CA_1,FOODS_3_377,11424,1.68
CA_1,FOODS_3_377,11425,1.68
CA_1,FOODS_3_377,11426,1.68
CA_1,FOODS_3_377,11427,1.68
CA_1,FOODS_3_377,11428,1.68
CA_1,FOODS_3_377,11429,1.68
CA_1,FOODS_3_377,11430,1.68
CA_1,FOODS_3_377,11431,1.68
CA_1,FOODS_3_377,11432,1.68
CA_1,FOODS_3_377,11433,1.68
CA_1,FOODS_3_377,11434,1.68
CA_1,FOODS_3_377,11435,1.68
CA_1,FOODS_3_377,11436,1.68
CA_1,FOODS_3_377,11437,1.68
CA_1,FOODS_3_377,11438,1.68
CA_1,FOODS_3_377,11439,1.68
CA_1,FOODS_3_377,11440,1.68
CA_1,FOODS_3_377,11441,1.68
CA_1,FOODS_3_377,11442,1.68
CA_1,FOODS_3_377,11443,1.68
CA_1,FOODS_3_377,11444,1.68
CA_1,FOODS_3_377,11445,1.68
CA_1,FOODS_3_377,11446,1.68
CA_1,FOODS_3_377,11447,1.68
CA_1,FOODS_3_377,11448,1.68
CA_1,FOODS_3_377,11449,1.68
CA_1,FOODS_3_377,11450,1.68
CA_1,FOODS_3_377,11451,1.68
CA_1,FOODS_3_377,11452,1.68
CA_1,FOODS_3_377,11501,1.68
CA_1,FOODS_3_377,11502,1.68
CA_1,FOODS_3_377,11503,1.68
CA_1,FOODS_3_377,11504,1.68
CA_1,FOODS_3_377,11505,1.68
CA_1,FOODS_3_377,11506,1.68
CA_1,FOODS_3_377,11507,1.68
CA_1,FOODS_3_377,11508,1.68
CA_1,FOODS_3_377,11509,1.68
CA_1,FOODS_3_377,11510,1.68
CA_1,FOODS_3_377,11511,1.68
CA_1,FOODS_3_377,11512,1.68
CA_1,FOODS_3_377,11513,1.68
CA_1,FOODS_3_377,11514,1.68
CA_1,FOODS_3_377,11515,1.68
CA_1,FOODS_3_377,11516,1.68
CA_1,FOODS_3_377,11517,1.68
CA_1,FOODS_3_377,11518,1.68
CA_1,FOODS_3_377,11519,1.68
CA_1,FOODS_3_377,11520,1.68
CA_1,FOODS_3_377,11521,1.68
CA_1,FOODS_3_377,11522,1.68
CA_1,FOODS_3_377,11523,1.68
CA_1,FOODS_3_377,11524,1.68
CA_1,FOODS_3_377,11525,1.68
CA_1,FOODS_3_377,11526,1.68
CA_1,FOODS_3_377,11527,1.68
CA_1,FOODS_3_377,11528,1.68
CA_1,FOODS_3_377,11529,1.68
CA_1,FOODS_3_377,11530,1.68
CA_1,FOODS_3_377,11531,1.68
CA_1,FOODS_3_377,11532,1.68
CA_1,FOODS_3_377,11533,1.68
CA_1,FOODS_3_377,11534,1.68
CA_1,FOODS_3_377,11535,1.68
CA_1,FOODS_3_377,11536,1.68
CA_1,FOODS_3_377,11537,1.68
CA_1,FOODS_3_377,11538,1.68
CA_1,FOODS_3_377,11539,1.68
CA_1,FOODS_3_377,11540,1.68
CA_1,FOODS_3_377,11541,1.68
CA_1,FOODS_3_377,11542,1.68
CA_1,FOODS_3_377,11543,1.68
CA_1,FOODS_3_377,11544,1.68
CA_1,FOODS_3_377,11545,1.68
CA_1,FOODS_3_377,11546,1.68
CA_1,FOODS_3_377,11547,1.68
CA_1,FOODS_3_377,11548,1.68
CA_1,FOODS_3_377,11549,1.68
CA_1,FOODS_3_377,11550,1.68
CA_1,FOODS_3_377,11551,1.68
CA_1,FOODS_3_377,11552,1.68
CA_1,FOODS_3_377,11601,1.68
CA_1,FOODS_3_377,11602,1.68
CA_1,FOODS_3_377,11603,1.68
CA_1,FOODS_3_377,11604,1.68
CA_1,FOODS_3_377,11605,1.68
CA_1,FOODS_3_377,11606,1.68
CA_1,FOODS_3_377,11607,1.68
CA_1,FOODS_3_377,11608,1.68
CA_1,FOODS_3_377,11609,1.68
CA_1,FOODS_3_377,11610,1.68
CA_1,FOODS_3_377,11611,1.68
CA_1,FOODS_3_377,11612,1.68
CA_1,FOODS_3_377,11613,1.68
CA_1,FOODS_3_377,11614,1.68
CA_1,FOODS_3_377,11615,1.68
CA_1,FOODS_3_377,11616,1.68
CA_1,FOODS_3_377,11617,1.68
CA_1,FOODS_3_377,11618,1.68
CA_1,FOODS_3_377,11619,1.68
CA_1,FOODS_3_377,11620,1.68
CA_1,FOODS_3_377,11621,1.68
CA_1,FOODS_3_389,11101,1.48
CA_1,FOODS_3_389,11102,1.48
CA_1,FOODS_3_389,11103,1.48
CA_1,FOODS_3_389,11104,1.48
CA_1,FOODS_3_389,11105,1.48
CA_1,FOODS_3_389,11106,1.48
CA_1,FOODS_3_389,11107,1.48
CA_1,FOODS_3_389,11108,1.48
CA_1,FOODS_3_389,11109,1.48
CA_1,FOODS_3_389,11110,1.48
CA_1,FOODS_3_389,11111,1.48
CA_1,FOODS_3_389,11112,1.48
CA_1,FOODS_3_389,11113,1.48
CA_1,FOODS_3_389,11114,1.48
CA_1,FOODS_3_389,11115,1.48
CA_1,FOODS_3_389,11116,1.48
CA_1,FOODS_3_389,11117,1.48
CA_1,FOODS_3_389,11118,1.48
CA_1,FOODS_3_389,11119,1.48
CA_1,FOODS_3_389,11120,1.48
CA_1,FOODS_3_389,11121,1.48
CA_1,FOODS_3_389,11122,1.48
CA_1,FOODS_3_389,11123,1.48
CA_1,FOODS_3_389,11124,1.48
CA_1,FOODS_3_389,11125,1.48
CA_1,FOODS_3_389,11126,1.48
CA_1,FOODS_3_389,11127,1.48
CA_1,FOODS_3_389,11128,1.48
CA_1,FOODS_3_389,11129,1.48
CA_1,FOODS_3_389,11130,1.48
CA_1,FOODS_3_389,11131,1.48
CA_1,FOODS_3_389,11132,1.48
CA_1,FOODS_3_389,11133,1.48
CA_1,FOODS_3_389,11134,1.48
CA_1,FOODS_3_389,11135,1.48
CA_1,FOODS_3_389,11136,1.48
CA_1,FOODS_3_389,11137,1.48
CA_1,FOODS_3_389,11138,1.48
CA_1,FOODS_3_389,11139,1.48
CA_1,FOODS_3_389,11140,1.48
CA_1,FOODS_3_389,11141,1.48
CA_1,FOODS_3_389,11142,1.48
CA_1,FOODS_3_389,11143,1.48
CA_1,FOODS_3_389,11144,1.48
CA_1,FOODS_3_389,11145,1.48
CA_1,FOODS_3_389,11146,1.48
CA_1,FOODS_3_389,11147,1.48
CA_1,FOODS_3_389,11148,1.48
CA_1,FOODS_3_389,11149,1.48
CA_1,FOODS_3_389,11150,1.48
CA_1,FOODS_3_389,11151,1.48
CA_1,FOODS_3_389,11152,1.48
CA_1,FOODS_3_389,11201,1.48
CA_1,FOODS_3_389,11202,1.48
CA_1,FOODS_3_389,11203,1.48
CA_1,FOODS_3_389,11204,1.58
CA_1,FOODS_3_389,11205,1.58
CA_1,FOODS_3_389,11206,1.58
CA_1,FOODS_3_389,11207,1.58
CA_1,FOODS_3_389,11208,1.58
CA_1,FOODS_3_389,11209,1.58
CA_1,FOODS_3_389,11210,1.58
CA_1,FOODS_3_389,11211,1.58
CA_1,FOODS_3_389,11212,1.58
CA_1,FOODS_3_389,11213,1.58
CA_1,FOODS_3_389,11214,1.58
CA_1,FOODS_3_389,11215,1.58
CA_1,FOODS_3_389,11216,1.58
CA_1,FOODS_3_389,11217,1.58
CA_1,FOODS_3_389,11218,1.58
CA_1,FOODS_3_389,11219,1.58
CA_1,FOODS_3_389,11220,1.58
CA_1,FOODS_3_389,11221,1.58
CA_1,FOODS_3_389,11222,1.58
CA_1,FOODS_3_389,11223,1.58
CA_1,FOODS_3_389,11224,1.58
CA_1,FOODS_3_389,11225,1.58
CA_1,FOODS_3_389,11226,1.58
CA_1,FOODS_3_389,11227,1.58
CA_1,FOODS_3_389,11228,1.58
CA_1,FOODS_3_389,11229,1.58
CA_1,FOODS_3_389,11230,1.58
CA_1,FOODS_3_389,11231,1.58
CA_1,FOODS_3_389,11232,1.58
CA_1,FOODS_3_389,11233,1.58
CA_1,FOODS_3_389,11234,1.58
CA_1,FOODS_3_389,11235,1.58
CA_1,FOODS_3_389,11236,1.58
CA_1,FOODS_3_389,11237,1.58
CA_1,FOODS_3_389,11238,1.58
CA_1,FOODS_3_389,11239,1.58
CA_1,FOODS_3_389,11240,1.58
CA_1,FOODS_3_389,11241,1.58
CA_1,FOODS_3_389,11242,1.58
CA_1,FOODS_3_389,11243,1.58
CA_1,FOODS_3_389,11244,1.58
CA_1,FOODS_3_389,11245,1.58
CA_1,FOODS_3_389,11246,1.58
CA_1,FOODS_3_389,11247,1.58
CA_1,FOODS_3_389,11248,1.58
CA_1,FOODS_3_389,11249,1.58
CA_1,FOODS_3_389,11250,1.58
CA_1,FOODS_3_389,11251,1.58
CA_1,FOODS_3_389,11252,1.58
CA_1,FOODS_3_389,11301,1.58
CA_1,FOODS_3_389,11302,1.58
CA_1,FOODS_3_389,11303,1.58
CA_1,FOODS_3_389,11304,1.58
CA_1,FOODS_3_389,11305,1.58
CA_1,FOODS_3_389,11306,1.58
CA_1,FOODS_3_389,11307,1.58
CA_1,FOODS_3_389,11308,1.58
CA_1,FOODS_3_389,11309,1.58
CA_1,FOODS_3_389,11310,1.58
CA_1,FOODS_3_389,11311,1.58
CA_1,FOODS_3_389,11312,1.58
CA_1,FOODS_3_389,11313,1.58
CA_1,FOODS_3_389,11314,1.58
CA_1,FOODS_3_389,11315,1.58
CA_1,FOODS_3_389,11316,1.58
CA_1,FOODS_3_389,11317,1.58
CA_1,FOODS_3_389,11318,1.58
CA_1,FOODS_3_389,11319,1.58
CA_1,FOODS_3_389,11320,1.58
CA_1,FOODS_3_389,11321,1.58
CA_1,FOODS_3_389,11322,1.58
CA_1,FOODS_3_389,11323,1.58
CA_1,FOODS_3_389,11324,1.58
CA_1,FOODS_3_389,11325,1.58
CA_1,FOODS_3_389,11326,1.58
CA_1,FOODS_3_389,11327,1.58
CA_1,FOODS_3_389,11328,1.58
CA_1,FOODS_3_389,11329,1.58
CA_1,FOODS_3_389,11330,1.58
CA_1,FOODS_3_389,11331,1.58
CA_1,FOODS_3_389,11332,1.58
CA_1,FOODS_3_389,11333,1.58
CA_1,FOODS_3_389,11334,1.58
CA_1,FOODS_3_389,11335,1.58
CA_1,FOODS_3_389,11336,1.58
CA_1,FOODS_3_389,11337,1.58
CA_1,FOODS_3_389,11338,1.58
CA_1,FOODS_3_389,11339,1.58
CA_1,FOODS_3_389,11340,1.58
CA_1,FOODS_3_389,11341,1.58
CA_1,FOODS_3_389,11342,1.58
CA_1,FOODS_3_389,11343,1.58
CA_1,FOODS_3_389,11344,1.58
CA_1,FOODS_3_389,11345,1.58
CA_1,FOODS_3_389,11346,1.58
CA_1,FOODS_3_389,11347,1.58
CA_1,FOODS_3_389,11348,1.58
CA_1,FOODS_3_389,11349,1.58
CA_1,FOODS_3_389,11350,1.58
CA_1,FOODS_3_389,11351,1.58
CA_1,FOODS_3_389,11352,1.58
CA_1,FOODS_3_389,11353,1.58
CA_1,FOODS_3_389,11401,1.58
CA_1,FOODS_3_389,11402,1.58
CA_1,FOODS_3_389,11403,1.58
CA_1,FOODS_3_389,11404,1.58
CA_1,FOODS_3_389,11405,1.58
CA_1,FOODS_3_389,11406,1.58
CA_1,FOODS_3_389,11407,1.58
CA_1,FOODS_3_389,11408,1.58
CA_1,FOODS_3_389,11409,1.58
CA_1,FOODS_3_389,11410,1.58
CA_1,FOODS_3_389,11411,1.58
CA_1,FOODS_3_389,11412,1.58
CA_1,FOODS_3_389,11413,1.58
CA_1,FOODS_3_389,11414,1.58
CA_1,FOODS_3_389,11415,1.58
CA_1,FOODS_3_389,11416,1.58
CA_1,FOODS_3_389,11417,1.58
CA_1,FOODS_3_389,11418,1.58
CA_1,FOODS_3_389,11419,1.58
CA_1,FOODS_3_389,11420,1.58
CA_1,FOODS_3_389,11421,1.58
CA_1,FOODS_3_389,11422,1.58
CA_1,FOODS_3_389,11423,1.58
CA_1,FOODS_3_389,11424,1.58
CA_1,FOODS_3_389,11425,1.58
CA_1,FOODS_3_389,11426,1.68
CA_1,FOODS_3_389,11427,1.68
CA_1,FOODS_3_389,11428,1.68
CA_1,FOODS_3_389,11429,1.68
CA_1,FOODS_3_389,11430,1.68
CA_1,FOODS_3_389,11431,1.68
CA_1,FOODS_3_389,11432,1.68
CA_1,FOODS_3_389,11433,1.68
CA_1,FOODS_3_389,11434,1.68
CA_1,FOODS_3_389,11435,1.68
CA_1,FOODS_3_389,11436,1.68
CA_1,FOODS_3_389,11437,1.68
CA_1,FOODS_3_389,11438,1.68
CA_1,FOODS_3_389,11439,1.68
CA_1,FOODS_3_389,11440,1.68
CA_1,FOODS_3_389,11441,1.68
CA_1,FOODS_3_389,11442,1.68
CA_1,FOODS_3_389,11443,1.68
CA_1,FOODS_3_389,11444,1.68
CA_1,FOODS_3_389,11445,1.68
CA_1,FOODS_3_389,11446,1.68
CA_1,FOODS_3_389,11447,1.68
CA_1,FOODS_3_389,11448,1.68
CA_1,FOODS_3_389,11449,1.68
CA_1,FOODS_3_389,11450,1.68
CA_1,FOODS_3_389,11451,1.68
CA_1,FOODS_3_389,11452,1.68
CA_1,FOODS_3_389,11501,1.68
CA_1,FOODS_3_389,11502,1.68
CA_1,FOODS_3_389,11503,1.68
CA_1,FOODS_3_389,11504,1.68
CA_1,FOODS_3_389,11505,1.68
CA_1,FOODS_3_389,11506,1.68
CA_1,FOODS_3_389,11507,1.68
CA_1,FOODS_3_389,11508,1.68
CA_1,FOODS_3_389,11509,1.68
CA_1,FOODS_3_389,11510,1.68
CA_1,FOODS_3_389,11511,1.68
CA_1,FOODS_3_389,11512,1.68
CA_1,FOODS_3_389,11513,1.68
CA_1,FOODS_3_389,11514,1.68
CA_1,FOODS_3_389,11515,1.68
CA_1,FOODS_3_389,11516,1.68
CA_1,FOODS_3_389,11517,1.68
CA_1,FOODS_3_389,11518,1.68
CA_1,FOODS_3_389,11519,1.68
CA_1,FOODS_3_389,11520,1.68
CA_1,FOODS_3_389,11521,1.68
CA_1,FOODS_3_389,11522,1.68
CA_1,FOODS_3_389,11523,1.68
CA_1,FOODS_3_389,11524,1.68
CA_1,FOODS_3_389,11525,1.68
CA_1,FOODS_3_389,11526,1.68
CA_1,FOODS_3_389,11527,1.68
CA_1,FOODS_3_389,11528,1.68
CA_1,FOODS_3_389,11529,1.68
CA_1,FOODS_3_389,11530,1.68
CA_1,FOODS_3_389,11531,1.68
CA_1,FOODS_3_389,11532,1.68
CA_1,FOODS_3_389,11533,1.68
CA_1,FOODS_3_389,11534,1.68
CA_1,FOODS_3_389,11535,1.68
CA_1,FOODS_3_389,11536,1.68
CA_1,FOODS_3_389,11537,1.68
CA_1,FOODS_3_389,11538,1.68
CA_1,FOODS_3_389,11539,1.68
CA_1,FOODS_3_389,11540,1.68
CA_1,FOODS_3_389,11541,1.68
CA_1,FOODS_3_389,11542,1.68
CA_1,FOODS_3_389,11543,1.68
CA_1,FOODS_3_389,11544,1.68
CA_1,FOODS_3_389,11545,1.68
CA_1,FOODS_3_389,11546,1.68
CA_1,FOODS_3_389,11547,1.68
CA_1,FOODS_3_389,11548,1.68
CA_1,FOODS_3_389,11549,1.68
CA_1,FOODS_3_389,11550,1.68
CA_1,FOODS_3_389,11551,1.68
CA_1,FOODS_3_389,11552,1.68
CA_1,FOODS_3_389,11601,1.68
CA_1,FOODS_3_389,11602,1.68
CA_1,FOODS_3_389,11603,1.68
CA_1,FOODS_3_389,11604,1.68
CA_1,FOODS_3_389,11605,1.68
CA_1,FOODS_3_389,11606,1.68
CA_1,FOODS_3_389,11607,1.68
CA_1,FOODS_3_389,11608,1.68
CA_1,FOODS_3_389,11609,1.68
CA_1,FOODS_3_389,11610,1.68
CA_1,FOODS_3_389,11611,1.68
CA_1,FOODS_3_389,11612,1.68
CA_1,FOODS_3_389,11613,1.68
CA_1,FOODS_3_389,11614,1.68
CA_1,FOODS_3_389,11615,1.68
CA_1,FOODS_3_389,11616,1.68
CA_1,FOODS_3_389,11617,1.68
CA_1,FOODS_3_389,11618,1.68
CA_1,FOODS_3_389,11619,1.68
CA_1,FOODS_3_389,11620,1.68
CA_1,FOODS_3_389,11621,1.68
CA_1,FOODS_3_406,11101,0.88
CA_1,FOODS_3_406,11102,0.88
CA_1,FOODS_3_406,11103,0.88
CA_1,FOODS_3_406,11104,0.88
CA_1,FOODS_3_406,11105,0.88
CA_1,FOODS_3_406,11106,0.88
CA_1,FOODS_3_406,11107,0.88
CA_1,FOODS_3_406,11108,0.88
CA_1,FOODS_3_406,11109,0.88
CA_1,FOODS_3_406,11110,0.88
CA_1,FOODS_3_406,11111,0.88
CA_1,FOODS_3_406,11112,0.88
CA_1,FOODS_3_406,11113,0.88
CA_1,FOODS_3_406,11114,0.88
CA_1,FOODS_3_406,11115,0.88
CA_1,FOODS_3_406,11116,0.88
CA_1,FOODS_3_406,11117,0.88
CA_1,FOODS_3_406,11118,0.88
CA_1,FOODS_3_406,11119,0.88
CA_1,FOODS_3_406,11120,0.88
CA_1,FOODS_3_406,11121,0.88
CA_1,FOODS_3_406,11122,0.88
CA_1,FOODS_3_406,11123,0.88
CA_1,FOODS_3_406,11124,0.88
CA_1,FOODS_3_406,11125,0.88
CA_1,FOODS_3_406,11126,0.88
CA_1,FOODS_3_406,11127,0.88
CA_1,FOODS_3_406,11128,0.88
CA_1,FOODS_3_406,11129,0.88
CA_1,FOODS_3_406,11130,0.88
CA_1,FOODS_3_406,11131,0.88
CA_1,FOODS_3_406,11132,0.88
CA_1,FOODS_3_406,11133,0.78
CA_1,FOODS_3_406,11134,0.78
CA_1,FOODS_3_406,11135,0.78
CA_1,FOODS_3_406,11136,0.82
CA_1,FOODS_3_406,11137,0.82
CA_1,FOODS_3_406,11138,0.82
CA_1,FOODS_3_406,11139,0.82
CA_1,FOODS_3_406,11140,0.82
CA_1,FOODS_3_406,11141,0.82
CA_1,FOODS_3_406,11142,0.82
CA_1,FOODS_3_406,11143,0.82
CA_1,FOODS_3_406,11144,0.82
CA_1,FOODS_3_406,11145,0.82
CA_1,FOODS_3_406,11146,0.82
CA_1,FOODS_3_406,11147,0.82
CA_1,FOODS_3_406,11148,0.82
CA_1,FOODS_3_406,11149,0.82
CA_1,FOODS_3_406,11150,0.82
CA_1,FOODS_3_406,11151,0.82
CA_1,FOODS_3_406,11152,0.82
CA_1,FOODS_3_406,11201,0.82
CA_1,FOODS_3_406,11202,0.82
CA_1,FOODS_3_406,11203,0.88
CA_1,FOODS_3_406,11204,0.88
CA_1,FOODS_3_406,11205,0.88
CA_1,FOODS_3_406,11206,0.88
CA_1,FOODS_3_406,11207,0.88
CA_1,FOODS_3_406,11208,0.88
CA_1,FOODS_3_406,11209,0.88
CA_1,FOODS_3_406,11210,0.88
CA_1,FOODS_3_406,11211,0.88
CA_1,FOODS_3_406,11212,0.88
CA_1,FOODS_3_406,11213,0.88
CA_1,FOODS_3_406,11214,0.88
CA_1,FOODS_3_406,11215,0.88
CA_1,FOODS_3_406,11216,0.88
CA_1,FOODS_3_406,11217,0.88
CA_1,FOODS_3_406,11218,0.88
CA_1,FOODS_3_406,11219,0.88
CA_1,FOODS_3_406,11220,0.88
CA_1,FOODS_3_406,11221,0.88
CA_1,FOODS_3_406,11222,0.88
CA_1,FOODS_3_406,11223,0.88
CA_1,FOODS_3_406,11224,0.88
CA_1,FOODS_3_406,11225,0.88
CA_1,FOODS_3_406,11226,0.88
CA_1,FOODS_3_406,11227,0.88
CA_1,FOODS_3_406,11228,0.88
CA_1,FOODS_3_406,11229,0.88
CA_1,FOODS_3_406,11230,0.88
CA_1,FOODS_3_406,11231,0.88
CA_1,FOODS_3_406,11232,0.88
CA_1,FOODS_3_406,11233,0.88
CA_1,FOODS_3_406,11234,0.78
CA_1,FOODS_3_406,11235,0.78
CA_1,FOODS_3_406,11236,0.78
CA_1,FOODS_3_406,11237,0.78
CA_1,FOODS_3_406,11238,0.78
CA_1,FOODS_3_406,11239,0.78
CA_1,FOODS_3_406,11240,0.78
CA_1,FOODS_3_406,11241,0.78
CA_1,FOODS_3_406,11242,0.78
CA_1,FOODS_3_406,11243,0.78
CA_1,FOODS_3_406,11244,0.78
CA_1,FOODS_3_406,11245,0.78
CA_1,FOODS_3_406,11246,0.78
CA_1,FOODS_3_406,11247,0.78
CA_1,FOODS_3_406,11248,0.78
CA_1,FOODS_3_406,11249,0.78
CA_1,FOODS_3_406,11250,0.78
CA_1,FOODS_3_406,11251,0.78
CA_1,FOODS_3_406,11252,0.78
CA_1,FOODS_3_406,11301,0.8
CA_1,FOODS_3_406,11302,0.8
CA_1,FOODS_3_406,11303,0.8
CA_1,FOODS_3_406,11304,0.8
CA_1,FOODS_3_406,11305,0.8
CA_1,FOODS_3_406,11306,0.8
CA_1,FOODS_3_406,11307,0.8
CA_1,FOODS_3_406,11308,0.8
CA_1,FOODS_3_406,11309,0.8
CA_1,FOODS_3_406,11310,0.8
CA_1,FOODS_3_406,11311,0.8
CA_1,FOODS_3_406,11312,0.8
CA_1,FOODS_3_406,11313,0.8
CA_1,FOODS_3_406,11314,0.8
CA_1,FOODS_3_406,11315,0.8
CA_1,FOODS_3_406,11316,0.8
CA_1,FOODS_3_406,11317,0.8
CA_1,FOODS_3_406,11318,0.8
CA_1,FOODS_3_406,11319,0.8
CA_1,FOODS_3_406,11320,0.8
CA_1,FOODS_3_406,11321,0.8
CA_1,FOODS_3_406,11322,0.8
CA_1,FOODS_3_406,11323,0.8
CA_1,FOODS_3_406,11324,0.8
CA_1,FOODS_3_406,11325,0.8
CA_1,FOODS_3_406,11326,0.8
CA_1,FOODS_3_406,11327,0.8
CA_1,FOODS_3_406,11328,0.8
CA_1,FOODS_3_406,11329,0.8
CA_1,FOODS_3_406,11330,0.8
CA_1,FOODS_3_406,11331,0.8
CA_1,FOODS_3_406,11332,0.8
CA_1,FOODS_3_406,11333,0.8
CA_1,FOODS_3_406,11334,0.8
CA_1,FOODS_3_406,11335,0.8
CA_1,FOODS_3_406,11336,0.8
CA_1,FOODS_3_406,11337,0.8
CA_1,FOODS_3_406,11338,0.8
CA_1,FOODS_3_406,11339,0.8
CA_1,FOODS_3_406,11340,0.8
CA_1,FOODS_3_406,11341,0.8
CA_1,FOODS_3_406,11342,0.8
CA_1,FOODS_3_406,11343,0.8
CA_1,FOODS_3_406,11344,0.8
CA_1,FOODS_3_406,11345,0.8
CA_1,FOODS_3_406,11346,0.8
CA_1,FOODS_3_406,11347,0.8
CA_1,FOODS_3_406,11348,0.8
CA_1,FOODS_3_406,11349,0.8
CA_1,FOODS_3_406,11350,0.8
CA_1,FOODS_3_406,11351,0.8
CA_1,FOODS_3_406,11352,0.8
CA_1,FOODS_3_406,11353,0.8
CA_1,FOODS_3_406,11401,0.8
CA_1,FOODS_3_406,11402,0.8
CA_1,FOODS_3_406,11403,0.8
CA_1,FOODS_3_406,11404,0.8
CA_1,FOODS_3_406,11405,0.8
CA_1,FOODS_3_406,11406,0.8
CA_1,FOODS_3_406,11407,0.8
CA_1,FOODS_3_406,11408,0.8
CA_1,FOODS_3_406,11409,0.8
CA_1,FOODS_3_406,11410,0.8
CA_1,FOODS_3_406,11411,0.8
CA_1,FOODS_3_406,11412,0.8
CA_1,FOODS_3_406,11413,0.8
CA_1,FOODS_3_406,11414,0.8
CA_1,FOODS_3_406,11415,0.8
CA_1,FOODS_3_406,11416,0.8
CA_1,FOODS_3_406,11417,0.8
CA_1,FOODS_3_406,11418,0.8
CA_1,FOODS_3_406,11419,0.8
CA_1,FOODS_3_406,11420,0.8
CA_1,FOODS_3_406,11421,0.8
CA_1,FOODS_3_406,11422,0.82
CA_1,FOODS_3_406,11423,0.82
CA_1,FOODS_3_406,11424,0.8
CA_1,FOODS_3_406,11425,0.8
CA_1,FOODS_3_406,11426,0.8
CA_1,FOODS_3_406,11427,0.8
CA_1,FOODS_3_406,11428,0.8
CA_1,FOODS_3_406,11429,0.8
CA_1,FOODS_3_406,11430,0.8
CA_1,FOODS_3_406,11431,0.8
CA_1,FOODS_3_406,11432,0.8
CA_1,FOODS_3_406,11433,0.8
CA_1,FOODS_3_406,11434,0.8
CA_1,FOODS_3_406,11435,0.8
CA_1,FOODS_3_406,11436,0.8
CA_1,FOODS_3_406,11437,0.8
CA_1,FOODS_3_406,11438,0.8
CA_1,FOODS_3_406,11439,0.8
CA_1,FOODS_3_406,11440,0.8
CA_1,FOODS_3_406,11441,0.8
CA_1,FOODS_3_406,11442,0.8
CA_1,FOODS_3_406,11443,0.8
CA_1,FOODS_3_406,11444,0.8
CA_1,FOODS_3_406,11445,0.8
CA_1,FOODS_3_406,11446,0.8
CA_1,FOODS_3_406,11447,0.8
CA_1,FOODS_3_406,11448,0.8
CA_1,FOODS_3_406,11449,0.8
CA_1,FOODS_3_406,11450,0.8
CA_1,FOODS_3_406,11451,0.8
CA_1,FOODS_3_406,11452,0.8
CA_1,FOODS_3_406,11501,0.8
CA_1,FOODS_3_406,11502,0.8
CA_1,FOODS_3_406,11503,0.8
CA_1,FOODS_3_406,11504,0.8
CA_1,FOODS_3_406,11505,0.8
CA_1,FOODS_3_406,11506,0.8
CA_1,FOODS_3_406,11507,0.8
CA_1,FOODS_3_406,11508,0.8
CA_1,FOODS_3_406,11509,0.8
CA_1,FOODS_3_406,11510,0.8
CA_1,FOODS_3_406,11511,0.8
CA_1,FOODS_3_406,11512,0.8
CA_1,FOODS_3_406,11513,0.8
CA_1,FOODS_3_406,11514,0.8
CA_1,FOODS_3_406,11515,0.8
CA_1,FOODS_3_406,11516,0.8
CA_1,FOODS_3_406,11517,0.8
CA_1,FOODS_3_406,11518,0.8
CA_1,FOODS_3_406,11519,0.8
CA_1,FOODS_3_406,11520,0.8
CA_1,FOODS_3_406,11521,0.8
CA_1,FOODS_3_406,11522,0.8
CA_1,FOODS_3_406,11523,0.8
CA_1,FOODS_3_406,11524,0.8
CA_1,FOODS_3_406,11525,0.8
CA_1,FOODS_3_406,11526,0.8
CA_1,FOODS_3_406,11527,0.8
CA_1,FOODS_3_406,11528,0.8
CA_1,FOODS_3_406,11529,0.8
CA_1,FOODS_3_406,11530,0.8
CA_1,FOODS_3_406,11531,0.8
CA_1,FOODS_3_406,11532,0.8
CA_1,FOODS_3_406,11533,0.8
CA_1,FOODS_3_406,11534,0.8
CA_1,FOODS_3_406,11535,0.8
CA_1,FOODS_3_406,11536,0.8
CA_1,FOODS_3_406,11537,0.8
CA_1,FOODS_3_406,11538,0.8
CA_1,FOODS_3_406,11539,0.8
CA_1,FOODS_3_406,11540,0.8
CA_1,FOODS_3_406,11541,0.8
CA_1,FOODS_3_406,11542,0.8
CA_1,FOODS_3_406,11543,0.8
CA_1,FOODS_3_406,11544,0.8
CA_1,FOODS_3_406,11545,0.8
CA_1,FOODS_3_406,11546,0.8
CA_1,FOODS_3_406,11547,0.8
CA_1,FOODS_3_406,11548,0.8
CA_1,FOODS_3_406,11549,0.8
CA_1,FOODS_3_406,11550,0.8
CA_1,FOODS_3_406,11551,0.8
CA_1,FOODS_3_406,11552,0.8
CA_1,FOODS_3_406,11601,0.8
CA_1,FOODS_3_406,11602,0.8
CA_1,FOODS_3_406,11603,0.8
CA_1,FOODS_3_406,11604,0.8
CA_1,FOODS_3_406,11605,0.8
CA_1,FOODS_3_406,11606,0.8
CA_1,FOODS_3_406,11607,0.8
CA_1,FOODS_3_406,11608,0.8
CA_1,FOODS_3_406,11609,0.8
CA_1,FOODS_3_406,11610,0.8
CA_1,FOODS_3_406,11611,0.8
CA_1,FOODS_3_406,11612,0.8
CA_1,FOODS_3_406,11613,0.8
CA_1,FOODS_3_406,11614,0.8
CA_1,FOODS_3_406,11615,0.8
CA_1,FOODS_3_406,11616,0.8
CA_1,FOODS_3_406,11617,0.8
CA_1,FOODS_3_406,11618,0.8
CA_1,FOODS_3_406,11619,0.8
CA_1,FOODS_3_406,11620,0.8
CA_1,FOODS_3_406,11621,0.8
CA_1,FOODS_3_455,11201,2.48
CA_1,FOODS_3_455,11202,2.48
CA_1,FOODS_3_455,11203,2.48
CA_1,FOODS_3_455,11204,2.48
CA_1,FOODS_3_455,11205,2.48
CA_1,FOODS_3_455,11206,2.48
CA_1,FOODS_3_455,11207,2.48
CA_1,FOODS_3_455,11208,2.48
CA_1,FOODS_3_455,11209,2.48
CA_1,FOODS_3_455,11210,2.48
CA_1,FOODS_3_455,11211,2.48
CA_1,FOODS_3_455,11212,2.48
CA_1,FOODS_3_455,11213,2.48
CA_1,FOODS_3_455,11214,2.48
CA_1,FOODS_3_455,11215,2.48
CA_1,FOODS_3_455,11216,2.48
CA_1,FOODS_3_455,11217,2.48
CA_1,FOODS_3_455,11218,2.48
CA_1,FOODS_3_455,11219,2.48
CA_1,FOODS_3_455,11220,2.48
CA_1,FOODS_3_455,11221,2.48
CA_1,FOODS_3_455,11222,2.48
CA_1,FOODS_3_455,11223,2.48
CA_1,FOODS_3_455,11224,2.48
CA_1,FOODS_3_455,11225,2.48
CA_1,FOODS_3_455,11226,2.48
CA_1,FOODS_3_455,11227,2.48
CA_1,FOODS_3_455,11228,2.48
CA_1,FOODS_3_455,11229,2.48
CA_1,FOODS_3_455,11230,2.48
CA_1,FOODS_3_455,11231,2.48
CA_1,FOODS_3_455,11232,2.48
CA_1,FOODS_3_455,11233,2.48
CA_1,FOODS_3_455,11234,2.48
CA_1,FOODS_3_455,11235,2.48
CA_1,FOODS_3_455,11236,2.48
CA_1,FOODS_3_455,11237,2.48
CA_1,FOODS_3_455,11238,2.48
CA_1,FOODS_3_455,11239,2.48
CA_1,FOODS_3_455,11240,2.48
CA_1,FOODS_3_455,11241,2.48
CA_1,FOODS_3_455,11242,2.48
CA_1,FOODS_3_455,11243,2.48
CA_1,FOODS_3_455,11244,2.48
CA_1,FOODS_3_455,11245,2.48
CA_1,FOODS_3_455,11246,2.48
CA_1,FOODS_3_455,11247,2.48
CA_1,FOODS_3_455,11248,2.48
CA_1,FOODS_3_455,11249,2.48
CA_1,FOODS_3_455,11250,2.48
CA_1,FOODS_3_455,11251,2.48
CA_1,FOODS_3_455,11252,2.48
CA_1,FOODS_3_455,11301,2.48
CA_1,FOODS_3_455,11302,2.48
CA_1,FOODS_3_455,11303,2.48
CA_1,FOODS_3_455,11304,2.48
CA_1,FOODS_3_455,11305,2.48
CA_1,FOODS_3_455,11306,2.48
CA_1,FOODS_3_455,11307,2.48
CA_1,FOODS_3_455,11308,2.48
CA_1,FOODS_3_455,11309,2.48
CA_1,FOODS_3_455,11310,2.48
CA_1,FOODS_3_455,11311,2.48
CA_1,FOODS_3_455,11312,2.18
CA_1,FOODS_3_455,11313,2.18
CA_1,FOODS_3_455,11314,2.18
CA_1,FOODS_3_455,11315,2.18
CA_1,FOODS_3_455,11316,2.18
CA_1,FOODS_3_455,11317,2.18
CA_1,FOODS_3_455,11318,2.18
CA_1,FOODS_3_455,11319,2.18
CA_1,FOODS_3_455,11320,2.18
CA_1,FOODS_3_455,11321,2.18
CA_1,FOODS_3_455,11322,2.18
CA_1,FOODS_3_455,11323,2.18
CA_1,FOODS_3_455,11324,2.18
CA_1,FOODS_3_455,11325,2.18
CA_1,FOODS_3_455,11326,2.18
CA_1,FOODS_3_455,11327,2.18
CA_1,FOODS_3_455,11328,2.18
CA_1,FOODS_3_455,11329,2.18
CA_1,FOODS_3_455,11330,2.18
CA_1,FOODS_3_455,11331,1.98
CA_1,FOODS_3_455,11332,1.98
CA_1,FOODS_3_455,11333,1.98
CA_1,FOODS_3_455,11334,1.98
CA_1,FOODS_3_455,11335,1.98
CA_1,FOODS_3_455,11336,1.98
CA_1,FOODS_3_455,11337,1.98
CA_1,FOODS_3_455,11338,1.98
CA_1,FOODS_3_455,11339,1.98
CA_1,FOODS_3_455,11340,1.98
CA_1,FOODS_3_455,11341,1.98
CA_1,FOODS_3_455,11342,1.98
CA_1,FOODS_3_455,11343,1.98
CA_1,FOODS_3_455,11344,1.98
CA_1,FOODS_3_455,11345,1.98
CA_1,FOODS_3_455,11346,1.98
CA_1,FOODS_3_455,11347,1.98
CA_1,FOODS_3_455,11348,1.98
CA_1,FOODS_3_455,11349,1.98
CA_1,FOODS_3_455,11350,1.98
CA_1,FOODS_3_455,11351,1.98
CA_1,FOODS_3_455,11352,1.98
CA_1,FOODS_3_455,11353,1.98
CA_1,FOODS_3_455,11401,1.98
CA_1,FOODS_3_455,11402,1.98
CA_1,FOODS_3_455,11403,1.98
CA_1,FOODS_3_455,11404,1.98
CA_1,FOODS_3_455,11405,1.98
CA_1,FOODS_3_455,11406,1.98
CA_1,FOODS_3_455,11407,1.98
CA_1,FOODS_3_455,11408,1.98
CA_1,FOODS_3_455,11409,1.98
CA_1,FOODS_3_455,11410,1.98
CA_1,FOODS_3_455,11411,1.98
CA_1,FOODS_3_455,11412,1.98
CA_1,FOODS_3_455,11413,1.98
CA_1,FOODS_3_455,11414,1.98
CA_1,FOODS_3_455,11415,1.98
CA_1,FOODS_3_455,11416,1.98
CA_1,FOODS_3_455,11417,1.98
CA_1,FOODS_3_455,11418,1.98
CA_1,FOODS_3_455,11419,1.98
CA_1,FOODS_3_455,11420,1.98
CA_1,FOODS_3_455,11421,1.98
CA_1,FOODS_3_455,11422,1.98
CA_1,FOODS_3_455,11423,1.98
CA_1,FOODS_3_455,11424,1.98
CA_1,FOODS_3_455,11425,1.98
CA_1,FOODS_3_455,11426,1.98
CA_1,FOODS_3_455,11427,1.98
CA_1,FOODS_3_455,11428,1.98
CA_1,FOODS_3_455,11429,1.98
CA_1,FOODS_3_455,11430,1.98
CA_1,FOODS_3_455,11431,1.98
CA_1,FOODS_3_455,11432,1.98
CA_1,FOODS_3_455,11433,1.98
CA_1,FOODS_3_455,11434,1.98
CA_1,FOODS_3_455,11435,1.98
CA_1,FOODS_3_455,11436,1.98
CA_1,FOODS_3_455,11437,1.98
CA_1,FOODS_3_455,11438,1.98
CA_1,FOODS_3_455,11439,1.98
CA_1,FOODS_3_455,11440,1.98
CA_1,FOODS_3_455,11441,1.98
CA_1,FOODS_3_455,11442,1.98
CA_1,FOODS_3_455,11443,1.98
CA_1,FOODS_3_455,11444,1.98
CA_1,FOODS_3_455,11445,1.98
CA_1,FOODS_3_455,11446,1.98
CA_1,FOODS_3_455,11447,1.98
CA_1,FOODS_3_455,11448,1.98
CA_1,FOODS_3_455,11449,1.98
CA_1,FOODS_3_455,11450,1.98
CA_1,FOODS_3_455,11451,1.98
CA_1,FOODS_3_455,11452,1.98
CA_1,FOODS_3_455,11501,1.98
CA_1,FOODS_3_455,11502,1.98
CA_1,FOODS_3_455,11503,1.98
CA_1,FOODS_3_455,11504,1.98
CA_1,FOODS_3_455,11505,1.98
CA_1,FOODS_3_455,11506,1.98
CA_1,FOODS_3_455,11507,1.98
CA_1,FOODS_3_455,11508,1.98
CA_1,FOODS_3_455,11509,1.98
CA_1,FOODS_3_455,11510,1.98
CA_1,FOODS_3_455,11511,1.98
CA_1,FOODS_3_455,11512,1.98
CA_1,FOODS_3_455,11513,1.98
CA_1,FOODS_3_455,11514,1.98
CA_1,FOODS_3_455,11515,2.48
CA_1,FOODS_3_455,11516,2.48
CA_1,FOODS_3_455,11517,2.48
CA_1,FOODS_3_455,11518,2.48
CA_1,FOODS_3_455,11519,2.48
CA_1,FOODS_3_455,11520,2.48
CA_1,FOODS_3_455,11521,2.48
CA_1,FOODS_3_455,11522,2.48
CA_1,FOODS_3_455,11523,2.48
CA_1,FOODS_3_455,11524,2.48
CA_1,FOODS_3_455,11525,2.48
CA_1,FOODS_3_455,11526,2.48
CA_1,FOODS_3_455,11527,2.48
CA_1,FOODS_3_455,11528,2.48
CA_1,FOODS_3_455,11529,2.48
CA_1,FOODS_3_455,11530,2.48
CA_1,FOODS_3_455,11531,2.48
CA_1,FOODS_3_455,11532,2.48
CA_1,FOODS_3_455,11533,2.48
CA_1,FOODS_3_455,11534,2.48
CA_1,FOODS_3_455,11535,2.48
CA_1,FOODS_3_455,11536,2.48
CA_1,FOODS_3_455,11537,2.48
CA_1,FOODS_3_455,11538,2.48
CA_1,FOODS_3_455,11539,2.48
CA_1,FOODS_3_455,11540,2.48
CA_1,FOODS_3_455,11541,2.48
CA_1,FOODS_3_455,11542,2.48
CA_1,FOODS_3_455,11543,2.48
CA_1,FOODS_3_455,11544,2.48
CA_1,FOODS_3_455,11545,2.48
CA_1,FOODS_3_455,11546,2.48
CA_1,FOODS_3_455,11547,2.48
CA_1,FOODS_3_455,11548,2.48
CA_1,FOODS_3_455,11549,2.48
CA_1,FOODS_3_455,11550,2.48
CA_1,FOODS_3_455,11551,2.48
CA_1,FOODS_3_455,11552,2.48
CA_1,FOODS_3_455,11601,2.48
CA_1,FOODS_3_455,11602,2.48
CA_1,FOODS_3_455,11603,2.48
CA_1,FOODS_3_455,11604,2.48
CA_1,FOODS_3_455,11605,2.48
CA_1,FOODS_3_455,11606,2.48
CA_1,FOODS_3_455,11607,2.48
CA_1,FOODS_3_455,11608,2.48
CA_1,FOODS_3_455,11609,2.48
CA_1,FOODS_3_455,11610,2.48
CA_1,FOODS_3_455,11611,2.48
CA_1,FOODS_3_455,11612,2.48
CA_1,FOODS_3_455,11613,2.48
CA_1,FOODS_3_455,11614,2.48
CA_1,FOODS_3_455,11615,2.48
CA_1,FOODS_3_455,11616,2.48
CA_1,FOODS_3_455,11617,2.48
CA_1,FOODS_3_455,11618,2.48
CA_1,FOODS_3_455,11619,2.48
CA_1,FOODS_3_455,11620,2.48
CA_1,FOODS_3_455,11621,2.48
CA_1,FOODS_3_473,11101,3.58
CA_1,FOODS_3_473,11102,3.58
CA_1,FOODS_3_473,11103,3.58
CA_1,FOODS_3_473,11104,3.58
CA_1,FOODS_3_473,11105,3.58
CA_1,FOODS_3_473,11106,3.58
CA_1,FOODS_3_473,11107,3.58
CA_1,FOODS_3_473,11108,3.58
CA_1,FOODS_3_473,11109,3.58
CA_1,FOODS_3_473,11110,3.58
CA_1,FOODS_3_473,11111,3.58
CA_1,FOODS_3_473,11112,3.58
CA_1,FOODS_3_473,11113,3.58
CA_1,FOODS_3_473,11114,3.58
CA_1,FOODS_3_473,11115,3.58
CA_1,FOODS_3_473,11116,3.58
CA_1,FOODS_3_473,11117,3.58
CA_1,FOODS_3_473,11118,3.58
CA_1,FOODS_3_473,11119,3.58
CA_1,FOODS_3_473,11120,3.58
CA_1,FOODS_3_473,11121,3.58
CA_1,FOODS_3_473,11122,3.58
CA_1,FOODS_3_473,11123,3.58
CA_1,FOODS_3_473,11124,3.58
CA_1,FOODS_3_473,11125,3.58
CA_1,FOODS_3_473,11126,3.58
CA_1,FOODS_3_473,11127,3.58
CA_1,FOODS_3_473,11128,3.58
CA_1,FOODS_3_473,11129,3.68
CA_1,FOODS_3_473,11130,3.68
CA_1,FOODS_3_473,11131,3.68
CA_1,FOODS_3_473,11132,3.68
CA_1,FOODS_3_473,11133,3.68
CA_1,FOODS_3_473,11134,3.68
CA_1,FOODS_3_473,11135,3.68
CA_1,FOODS_3_473,11136,3.68
CA_1,FOODS_3_473,11137,3.68
CA_1,FOODS_3_473,11138,3.68
CA_1,FOODS_3_473,11139,3.68
CA_1,FOODS_3_473,11140,3.68
CA_1,FOODS_3_473,11141,3.68
CA_1,FOODS_3_473,11142,3.68
CA_1,FOODS_3_473,11143,3.68
CA_1,FOODS_3_473,11144,3.68
CA_1,FOODS_3_473,11145,3.68
CA_1,FOODS_3_473,11146,3.68
CA_1,FOODS_3_473,11147,3.68
CA_1,FOODS_3_473,11148,3.68
CA_1,FOODS_3_473,11149,3.68
CA_1,FOODS_3_473,11150,3.68
CA_1,FOODS_3_473,11151,3.68
CA_1,FOODS_3_473,11152,3.68
CA_1,FOODS_3_473,11201,3.68
CA_1,FOODS_3_473,11202,3.68
CA_1,FOODS_3_473,11203,3.68
CA_1,FOODS_3_473,11204,3.78
CA_1,FOODS_3_473,11205,3.78
CA_1,FOODS_3_473,11206,3.78
CA_1,FOODS_3_473,11207,3.78
CA_1,FOODS_3_473,11208,3.78
CA_1,FOODS_3_473,11209,3.78
CA_1,FOODS_3_473,11210,3.78
CA_1,FOODS_3_473,11211,3.78
CA_1,FOODS_3_473,11212,3.78
CA_1,FOODS_3_473,11213,3.78
CA_1,FOODS_3_473,11214,3.78
CA_1,FOODS_3_473,11215,3.78
CA_1,FOODS_3_473,11216,3.78
CA_1,FOODS_3_473,11217,3.78
CA_1,FOODS_3_473,11218,3.78
CA_1,FOODS_3_473,11219,3.78
CA_1,FOODS_3_473,11220,3.78
CA_1,FOODS_3_473,11221,3.78
CA_1,FOODS_3_473,11222,3.78
CA_1,FOODS_3_473,11223,3.78
CA_1,FOODS_3_473,11224,3.78
CA_1,FOODS_3_473,11225,3.78
CA_1,FOODS_3_473,11226,3.78
CA_1,FOODS_3_473,11227,3.78
CA_1,FOODS_3_473,11228,3.78
CA_1,FOODS_3_473,11229,3.78
CA_1,FOODS_3_473,11230,3.78
CA_1,FOODS_3_473,11231,3.78
CA_1,FOODS_3_473,11232,3.78
CA_1,FOODS_3_473,11233,3.78
CA_1,FOODS_3_473,11234,3.78
CA_1,FOODS_3_473,11235,3.78
CA_1,FOODS_3_473,11236,3.78
CA_1,FOODS_3_473,11237,3.78
CA_1,FOODS_3_473,11238,3.78
CA_1,FOODS_3_473,11239,3.78
CA_1,FOODS_3_473,11240,3.78
CA_1,FOODS_3_473,11241,3.78
CA_1,FOODS_3_473,11242,3.78
CA_1,FOODS_3_473,11243,3.78
CA_1,FOODS_3_473,11244,3.78
CA_1,FOODS_3_473,11245,3.78
CA_1,FOODS_3_473,11246,3.78
CA_1,FOODS_3_473,11247,3.78
CA_1,FOODS_3_473,11248,3.78
CA_1,FOODS_3_473,11249,3.78
CA_1,FOODS_3_473,11250,3.78
CA_1,FOODS_3_473,11251,3.78
CA_1,FOODS_3_473,11252,3.88
CA_1,FOODS_3_473,11301,3.88
CA_1,FOODS_3_473,11302,3.88
CA_1,FOODS_3_473,11303,3.88
CA_1,FOODS_3_473,11304,3.88
CA_1,FOODS_3_473,11305,3.88
CA_1,FOODS_3_473,11306,3.88
CA_1,FOODS_3_473,11307,3.88
CA_1,FOODS_3_473,11308,3.88
CA_1,FOODS_3_473,11309,3.88
CA_1,FOODS_3_473,11310,3.88
CA_1,FOODS_3_473,11311,3.88
CA_1,FOODS_3_473,11312,3.88
CA_1,FOODS_3_473,11313,3.88
CA_1,FOODS_3_473,11314,3.88
CA_1,FOODS_3_473,11315,3.88
CA_1,FOODS_3_473,11316,3.88
CA_1,FOODS_3_473,11317,3.88
CA_1,FOODS_3_473,11318,3.88
CA_1,FOODS_3_473,11319,3.88
CA_1,FOODS_3_473,11320,3.88
CA_1,FOODS_3_473,11321,3.88
CA_1,FOODS_3_473,11322,3.88
CA_1,FOODS_3_473,11323,3.88
CA_1,FOODS_3_473,11324,3.88
CA_1,FOODS_3_473,11325,3.88
CA_1,FOODS_3_473,11326,3.88
CA_1,FOODS_3_473,11327,3.88
CA_1,FOODS_3_473,11328,3.88
CA_1,FOODS_3_473,11329,3.88
CA_1,FOODS_3_473,11330,3.88
CA_1,FOODS_3_473,11331,3.88
CA_1,FOODS_3_473,11332,3.88
CA_1,FOODS_3_473,11333,3.88
CA_1,FOODS_3_473,11334,3.88
CA_1,FOODS_3_473,11335,3.88
CA_1,FOODS_3_473,11336,3.88
CA_1,FOODS_3_473,11337,3.88
CA_1,FOODS_3_473,11338,3.88
CA_1,FOODS_3_473,11339,3.88
CA_1,FOODS_3_473,11340,3.88
CA_1,FOODS_3_473,11341,3.88
CA_1,FOODS_3_473,11342,3.88
CA_1,FOODS_3_473,11343,3.88
CA_1,FOODS_3_473,11344,3.88
CA_1,FOODS_3_473,11345,3.88
CA_1,FOODS_3_473,11346,3.88
CA_1,FOODS_3_473,11347,3.88
CA_1,FOODS_3_473,11348,3.88
CA_1,FOODS_3_473,11349,3.88
CA_1,FOODS_3_473,11350,3.88
CA_1,FOODS_3_473,11351,3.88
CA_1,FOODS_3_473,11352,3.88
CA_1,FOODS_3_473,11353,3.88
CA_1,FOODS_3_473,11401,3.88
CA_1,FOODS_3_473,11402,3.88
CA_1,FOODS_3_473,11403,3.88
CA_1,FOODS_3_473,11404,3.88
CA_1,FOODS_3_473,11405,3.88
CA_1,FOODS_3_473,11406,3.88
CA_1,FOODS_3_473,11407,3.88
CA_1,FOODS_3_473,11408,3.88
CA_1,FOODS_3_473,11409,3.88
CA_1,FOODS_3_473,11410,3.88
CA_1,FOODS_3_473,11411,3.88
CA_1,FOODS_3_473,11412,3.88
CA_1,FOODS_3_473,11413,3.88
CA_1,FOODS_3_473,11414,3.88
CA_1,FOODS_3_473,11415,3.88
CA_1,FOODS_3_473,11416,3.88
CA_1,FOODS_3_473,11417,3.88
CA_1,FOODS_3_473,11418,3.88
CA_1,FOODS_3_473,11419,3.88
CA_1,FOODS_3_473,11420,3.88
CA_1,FOODS_3_473,11421,3.88
CA_1,FOODS_3_473,11422,3.88
CA_1,FOODS_3_473,11423,3.88
CA_1,FOODS_3_473,11424,3.88
CA_1,FOODS_3_473,11425,3.88
CA_1,FOODS_3_473,11426,3.88
CA_1,FOODS_3_473,11427,3.88
CA_1,FOODS_3_473,11428,3.88
CA_1,FOODS_3_473,11429,3.88
CA_1,FOODS_3_473,11430,3.88
CA_1,FOODS_3_473,11431,3.88
CA_1,FOODS_3_473,11432,3.88
CA_1,FOODS_3_473,11433,3.88
CA_1,FOODS_3_473,11434,3.88
CA_1,FOODS_3_473,11435,3.88
CA_1,FOODS_3_473,11436,3.88
CA_1,FOODS_3_473,11437,3.88
CA_1,FOODS_3_473,11438,3.88
CA_1,FOODS_3_473,11439,3.98
CA_1,FOODS_3_473,11440,3.98
CA_1,FOODS_3_473,11441,3.98
CA_1,FOODS_3_473,11442,3.98
CA_1,FOODS_3_473,11443,3.98
CA_1,FOODS_3_473,11444,3.98
CA_1,FOODS_3_473,11445,3.98
CA_1,FOODS_3_473,11446,3.98
CA_1,FOODS_3_473,11447,3.98
CA_1,FOODS_3_473,11448,3.98
CA_1,FOODS_3_473,11449,3.98
CA_1,FOODS_3_473,11450,3.98
CA_1,FOODS_3_473,11451,3.98
CA_1,FOODS_3_473,11452,3.98
CA_1,FOODS_3_473,11501,3.98
CA_1,FOODS_3_473,11502,3.98
CA_1,FOODS_3_473,11503,3.98
CA_1,FOODS_3_473,11504,3.98
CA_1,FOODS_3_473,11505,3.98
CA_1,FOODS_3_473,11506,3.98
CA_1,FOODS_3_473,11507,3.98
CA_1,FOODS_3_473,11508,3.98
CA_1,FOODS_3_473,11509,3.98
CA_1,FOODS_3_473,11510,3.98
CA_1,FOODS_3_473,11511,3.98
CA_1,FOODS_3_473,11512,3.98
CA_1,FOODS_3_473,11513,3.98
CA_1,FOODS_3_473,11514,3.98
CA_1,FOODS_3_473,11515,3.98
CA_1,FOODS_3_473,11516,3.98
CA_1,FOODS_3_473,11517,3.98
CA_1,FOODS_3_473,11518,3.98
CA_1,FOODS_3_473,11519,3.98
CA_1,FOODS_3_473,11520,3.98
CA_1,FOODS_3_473,11521,3.98
CA_1,FOODS_3_473,11522,3.98
CA_1,FOODS_3_473,11523,3.98
CA_1,FOODS_3_473,11524,3.98
CA_1,FOODS_3_473,11525,3.98
CA_1,FOODS_3_473,11526,3.98
CA_1,FOODS_3_473,11527,3.98
CA_1,FOODS_3_473,11528,3.98
CA_1,FOODS_3_473,11529,3.98
CA_1,FOODS_3_473,11530,3.98
CA_1,FOODS_3_473,11531,3.98
CA_1,FOODS_3_473,11532,3.98
CA_1,FOODS_3_473,11533,3.98
CA_1,FOODS_3_473,11534,3.98
CA_1,FOODS_3_473,11535,3.98
CA_1,FOODS_3_473,11536,3.98
CA_1,FOODS_3_473,11537,3.98
CA_1,FOODS_3_473,11538,3.98
CA_1,FOODS_3_473,11539,3.98
CA_1,FOODS_3_473,11540,3.98
CA_1,FOODS_3_473,11541,3.98
CA_1,FOODS_3_473,11542,3.98
CA_1,FOODS_3_473,11543,3.98
CA_1,FOODS_3_473,11544,3.98
CA_1,FOODS_3_473,11545,3.98
CA_1,FOODS_3_473,11546,3.98
CA_1,FOODS_3_473,11547,3.98
CA_1,FOODS_3_473,11548,4.18
CA_1,FOODS_3_473,11549,4.18
CA_1,FOODS_3_473,11550,4.18
CA_1,FOODS_3_473,11551,4.18
CA_1,FOODS_3_473,11552,4.18
CA_1,FOODS_3_473,11601,4.18
CA_1,FOODS_3_473,11602,4.18
CA_1,FOODS_3_473,11603,4.18
CA_1,FOODS_3_473,11604,4.18
CA_1,FOODS_3_473,11605,4.18
CA_1,FOODS_3_473,11606,4.18
CA_1,FOODS_3_473,11607,4.18
CA_1,FOODS_3_473,11608,4.18
CA_1,FOODS_3_473,11609,4.18
CA_1,FOODS_3_473,11610,4.18
CA_1,FOODS_3_473,11611,4.18
CA_1,FOODS_3_473,11612,4.18
CA_1,FOODS_3_473,11613,4.18
CA_1,FOODS_3_473,11614,4.18
CA_1,FOODS_3_473,11615,4.18
CA_1,FOODS_3_473,11616,4.18
CA_1,FOODS_3_473,11617,4.18
CA_1,FOODS_3_473,11618,4.18
CA_1,FOODS_3_473,11619,4.18
CA_1,FOODS_3_473,11620,4.18
CA_1,FOODS_3_473,11621,4.18
CA_1,FOODS_3_491,11101,1.25
CA_1,FOODS_3_491,11102,1.25
CA_1,FOODS_3_491,11103,1.25
CA_1,FOODS_3_491,11104,1.25
CA_1,FOODS_3_491,11105,1.25
CA_1,FOODS_3_491,11106,1.25
CA_1,FOODS_3_491,11107,1.25
CA_1,FOODS_3_491,11108,1.25
CA_1,FOODS_3_491,11109,1.25
CA_1,FOODS_3_491,11110,1.25
CA_1,FOODS_3_491,11111,1.25
CA_1,FOODS_3_491,11112,1.25
CA_1,FOODS_3_491,11113,1.25
CA_1,FOODS_3_491,11114,1.25
CA_1,FOODS_3_491,11115,1.25
CA_1,FOODS_3_491,11116,1.25
CA_1,FOODS_3_491,11117,1.25
CA_1,FOODS_3_491,11118,1.25
CA_1,FOODS_3_491,11119,1.25
CA_1,FOODS_3_491,11120,1.25
CA_1,FOODS_3_491,11121,1.25
CA_1,FOODS_3_491,11122,1.25
CA_1,FOODS_3_491,11123,1.25
CA_1,FOODS_3_491,11124,1.25
CA_1,FOODS_3_491,11125,1.25
CA_1,FOODS_3_491,11126,1.25
CA_1,FOODS_3_491,11127,1.25
CA_1,FOODS_3_491,11128,1.25
CA_1,FOODS_3_491,11129,1.25
CA_1,FOODS_3_491,11130,1.25
CA_1,FOODS_3_491,11131,1.25
CA_1,FOODS_3_491,11132,1.25
CA_1,FOODS_3_491,11133,1.25
CA_1,FOODS_3_491,11134,1.28
CA_1,FOODS_3_491,11135,1.28
CA_1,FOODS_3_491,11136,1.28
CA_1,FOODS_3_491,11137,1.28
CA_1,FOODS_3_491,11138,1.28
CA_1,FOODS_3_491,11139,1.28
CA_1,FOODS_3_491,11140,1.28
CA_1,FOODS_3_491,11141,1.28
CA_1,FOODS_3_491,11142,1.28
CA_1,FOODS_3_491,11143,1.28
CA_1,FOODS_3_491,11144,1.28
CA_1,FOODS_3_491,11145,1.28
CA_1,FOODS_3_491,11146,1.28
CA_1,FOODS_3_491,11147,1.28
CA_1,FOODS_3_491,11148,1.28
CA_1,FOODS_3_491,11149,1.28
CA_1,FOODS_3_491,11150,1.28
CA_1,FOODS_3_491,11151,1.28
CA_1,FOODS_3_491,11152,1.28
CA_1,FOODS_3_491,11201,1.28
CA_1,FOODS_3_491,11202,1.28
CA_1,FOODS_3_491,11203,1.28
CA_1,FOODS_3_491,11204,1.44
CA_1,FOODS_3_491,11205,1.44
CA_1,FOODS_3_491,11206,1.44
CA_1,FOODS_3_491,11207,1.44
CA_1,FOODS_3_491,11208,1.44
CA_1,FOODS_3_491,11209,1.48
CA_1,FOODS_3_491,11210,1.48
CA_1,FOODS_3_491,11211,1.48
CA_1,FOODS_3_491,11212,1.48
CA_1,FOODS_3_491,11213,1.48
CA_1,FOODS_3_491,11214,1.48
CA_1,FOODS_3_491,11215,1.48
CA_1,FOODS_3_491,11216,1.48
CA_1,FOODS_3_491,11217,1.48
CA_1,FOODS_3_491,11218,1.48
CA_1,FOODS_3_491,11219,1.48
CA_1,FOODS_3_491,11220,1.48
CA_1,FOODS_3_491,11221,1.48
CA_1,FOODS_3_491,11222,1.28
CA_1,FOODS_3_491,11223,1.28
CA_1,FOODS_3_491,11224,1.28
CA_1,FOODS_3_491,11225,1.28
CA_1,FOODS_3_491,11226,1.28
CA_1,FOODS_3_491,11227,1.28
CA_1,FOODS_3_491,11228,1.28
CA_1,FOODS_3_491,11229,1.28
CA_1,FOODS_3_491,11230,1.28
CA_1,FOODS_3_491,11231,1.28
CA_1,FOODS_3_491,11232,1.28
CA_1,FOODS_3_491,11233,1.28
CA_1,FOODS_3_491,11234,1.28
CA_1,FOODS_3_491,11235,1.28
CA_1,FOODS_3_491,11236,1.28
CA_1,FOODS_3_491,11237,1.38
CA_1,FOODS_3_491,11238,1.38
CA_1,FOODS_3_491,11239,1.38
CA_1,FOODS_3_491,11240,1.25
CA_1,FOODS_3_491,11241,1.25
CA_1,FOODS_3_491,11242,1.25
CA_1,FOODS_3_491,11243,1.25
CA_1,FOODS_3_491,11244,1.25
CA_1,FOODS_3_491,11245,1.25
CA_1,FOODS_3_491,11246,1.25
CA_1,FOODS_3_491,11247,1.25
CA_1,FOODS_3_491,11248,1.25
CA_1,FOODS_3_491,11249,1.25
CA_1,FOODS_3_491,11250,1.25
CA_1,FOODS_3_491,11251,1.25
CA_1,FOODS_3_491,11252,1.25
CA_1,FOODS_3_491,11301,1.38
CA_1,FOODS_3_491,11302,1.38
CA_1,FOODS_3_491,11303,1.38
CA_1,FOODS_3_491,11304,1.38
CA_1,FOODS_3_491,11305,1.38
CA_1,FOODS_3_491,11306,1.38
CA_1,FOODS_3_491,11307,1.38
CA_1,FOODS_3_491,11308,1.38
CA_1,FOODS_3_491,11309,1.38
CA_1,FOODS_3_491,11310,1.38
CA_1,FOODS_3_491,11311,1.38
CA_1,FOODS_3_491,11312,1.38
CA_1,FOODS_3_491,11313,1.38
CA_1,FOODS_3_491,11314,1.38
CA_1,FOODS_3_491,11315,1.38
CA_1,FOODS_3_491,11316,1.38
CA_1,FOODS_3_491,11317,1.38
CA_1,FOODS_3_491,11318,1.38
CA_1,FOODS_3_491,11319,1.38
CA_1,FOODS_3_491,11320,1.38
CA_1,FOODS_3_491,11321,1.38
CA_1,FOODS_3_491,11322,1.38
CA_1,FOODS_3_491,11323,1.38
CA_1,FOODS_3_491,11324,1.38
CA_1,FOODS_3_491,11325,1.38
CA_1,FOODS_3_491,11326,1.38
CA_1,FOODS_3_491,11327,1.38
CA_1,FOODS_3_491,11328,1.0
CA_1,FOODS_3_491,11329,1.0
CA_1,FOODS_3_491,11330,1.0
CA_1,FOODS_3_491,11331,1.0
CA_1,FOODS_3_491,11332,1.0
CA_1,FOODS_3_491,11333,1.0
CA_1,FOODS_3_491,11334,1.0
CA_1,FOODS_3_491,11335,1.0
CA_1,FOODS_3_491,11336,1.0
CA_1,FOODS_3_491,11337,1.38
CA_1,FOODS_3_491,11338,1.38
CA_1,FOODS_3_491,11339,1.38
CA_1,FOODS_3_491,11340,1.38
CA_1,FOODS_3_491,11341,1.38
CA_1,FOODS_3_491,11342,1.38
CA_1,FOODS_3_491,11343,1.38
CA_1,FOODS_3_491,11344,1.38
CA_1,FOODS_3_491,11345,1.0
CA_1,FOODS_3_491,11346,1.0
CA_1,FOODS_3_491,11347,1.0
CA_1,FOODS_3_491,11348,1.38
CA_1,FOODS_3_491,11349,1.38
CA_1,FOODS_3_491,11350,1.38
CA_1,FOODS_3_491,11351,1.44
CA_1,FOODS_3_491,11352,1.44
CA_1,FOODS_3_491,11353,1.44
CA_1,FOODS_3_491,11401,1.44
CA_1,FOODS_3_491,11402,1.44
CA_1,FOODS_3_491,11403,1.44
CA_1,FOODS_3_491,11404,1.44
CA_1,FOODS_3_491,11405,1.44
CA_1,FOODS_3_491,11406,1.44
CA_1,FOODS_3_491,11407,1.44
CA_1,FOODS_3_491,11408,1.44
CA_1,FOODS_3_491,11409,1.44
CA_1,FOODS_3_491,11410,1.44
CA_1,FOODS_3_491,11411,1.44
CA_1,FOODS_3_491,11412,1.44
CA_1,FOODS_3_491,11413,1.44
CA_1,FOODS_3_491,11414,1.44
CA_1,FOODS_3_491,11415,1.44
CA_1,FOODS_3_491,11416,1.44
CA_1,FOODS_3_491,11417,1.44
CA_1,FOODS_3_491,11418,1.44
CA_1,FOODS_3_491,11419,1.44
CA_1,FOODS_3_491,11420,1.44
CA_1,FOODS_3_491,11421,1.44
CA_1,FOODS_3_491,11422,1.44
CA_1,FOODS_3_491,11423,1.44
CA_1,FOODS_3_491,11424,1.44
CA_1,FOODS_3_491,11425,1.44
CA_1,FOODS_3_491,11426,1.44
CA_1,FOODS_3_491,11427,1.44
CA_1,FOODS_3_491,11428,1.44
CA_1,FOODS_3_491,11429,1.44
CA_1,FOODS_3_491,11430,1.44
CA_1,FOODS_3_491,11431,1.44
CA_1,FOODS_3_491,11432,1.44
CA_1,FOODS_3_491,11433,1.44
CA_1,FOODS_3_491,11434,1.44
CA_1,FOODS_3_491,11435,1.44
CA_1,FOODS_3_491,11436,1.44
CA_1,FOODS_3_491,11437,1.44
CA_1,FOODS_3_491,11438,1.48
CA_1,FOODS_3_491,11439,1.48
CA_1,FOODS_3_491,11440,1.48
CA_1,FOODS_3_491,11441,1.48
CA_1,FOODS_3_491,11442,1.48
CA_1,FOODS_3_491,11443,1.48
CA_1,FOODS_3_491,11444,1.48
CA_1,FOODS_3_491,11445,1.48
CA_1,FOODS_3_491,11446,1.48
CA_1,FOODS_3_491,11447,1.48
CA_1,FOODS_3_491,11448,1.48
CA_1,FOODS_3_491,11449,1.48
CA_1,FOODS_3_491,11450,1.48
CA_1,FOODS_3_491,11451,1.48
CA_1,FOODS_3_491,11452,1.48
CA_1,FOODS_3_491,11501,1.48
CA_1,FOODS_3_491,11502,1.48
CA_1,FOODS_3_491,11503,1.48
CA_1,FOODS_3_491,11504,1.48
CA_1,FOODS_3_491,11505,1.48
CA_1,FOODS_3_491,11506,1.48
CA_1,FOODS_3_491,11507,1.48
CA_1,FOODS_3_491,11508,1.48
CA_1,FOODS_3_491,11509,1.48
CA_1,FOODS_3_491,11510,1.48
CA_1,FOODS_3_491,11511,1.48
CA_1,FOODS_3_491,11512,1.48
CA_1,FOODS_3_491,11513,1.48
CA_1,FOODS_3_491,11514,1.48
CA_1,FOODS_3_491,11515,1.48
CA_1,FOODS_3_491,11516,1.48
CA_1,FOODS_3_491,11517,1.48
CA_1,FOODS_3_491,11518,1.48
CA_1,FOODS_3_491,11519,1.48
CA_1,FOODS_3_491,11520,1.48
CA_1,FOODS_3_491,11521,1.48
CA_1,FOODS_3_491,11522,1.48
CA_1,FOODS_3_491,11523,1.48
CA_1,FOODS_3_491,11524,1.48
CA_1,FOODS_3_491,11525,1.48
CA_1,FOODS_3_491,11526,1.48
CA_1,FOODS_3_491,11527,1.48
CA_1,FOODS_3_491,11528,1.48
CA_1,FOODS_3_491,11529,1.48
CA_1,FOODS_3_491,11530,1.48
CA_1,FOODS_3_491,11531,1.48
CA_1,FOODS_3_491,11532,1.48
CA_1,FOODS_3_491,11533,1.48
CA_1,FOODS_3_491,11534,1.48
CA_1,FOODS_3_491,11535,1.48
CA_1,FOODS_3_491,11536,1.48
CA_1,FOODS_3_491,11537,1.48
CA_1,FOODS_3_491,11538,1.5
CA_1,FOODS_3_491,11539,1.5
CA_1,FOODS_3_491,11540,1.5
CA_1,FOODS_3_491,11541,1.5
CA_1,FOODS_3_491,11542,1.5
CA_1,FOODS_3_491,11543,1.5
CA_1,FOODS_3_491,11544,1.5
CA_1,FOODS_3_491,11545,1.5
CA_1,FOODS_3_491,11546,1.5
CA_1,FOODS_3_491,11547,1.5
CA_1,FOODS_3_491,11548,1.5
CA_1,FOODS_3_491,11549,1.6
CA_1,FOODS_3_491,11550,1.6
CA_1,FOODS_3_491,11551,1.6
CA_1,FOODS_3_491,11552,1.6
CA_1,FOODS_3_491,11601,1.6
CA_1,FOODS_3_491,11602,1.6
CA_1,FOODS_3_491,11603,1.6
CA_1,FOODS_3_491,11604,1.6
CA_1,FOODS_3_491,11605,1.6
CA_1,FOODS_3_491,11606,1.6
CA_1,FOODS_3_491,11607,1.6
CA_1,FOODS_3_491,11608,1.6
CA_1,FOODS_3_491,11609,1.6
CA_1,FOODS_3_491,11610,1.6
CA_1,FOODS_3_491,11611,1.6
CA_1,FOODS_3_491,11612,1.6
CA_1,FOODS_3_491,11613,1.6
CA_1,FOODS_3_491,11614,1.6
CA_1,FOODS_3_491,11615,1.6
CA_1,FOODS_3_491,11616,1.6
CA_1,FOODS_3_491,11617,1.6
CA_1,FOODS_3_491,11618,1.6
CA_1,FOODS_3_491,11619,1.6
CA_1,FOODS_3_491,11620,1.6
CA_1,FOODS_3_491,11621,1.6
CA_1,FOODS_3_499,11318,2.5
CA_1,FOODS_3_499,11319,2.5
CA_1,FOODS_3_499,11320,2.5
CA_1,FOODS_3_499,11321,2.5
CA_1,FOODS_3_499,11322,2.5
CA_1,FOODS_3_499,11323,2.5
CA_1,FOODS_3_499,11324,2.5
CA_1,FOODS_3_499,11325,2.5
CA_1,FOODS_3_499,11326,2.5
CA_1,FOODS_3_499,11327,2.5
CA_1,FOODS_3_499,11328,2.5
CA_1,FOODS_3_499,11329,2.5
CA_1,FOODS_3_499,11330,2.5
CA_1,FOODS_3_499,11331,2.5
CA_1,FOODS_3_499,11332,2.5
CA_1,FOODS_3_499,11333,2.5
CA_1,FOODS_3_499,11334,2.5
CA_1,FOODS_3_499,11335,2.5
CA_1,FOODS_3_499,11336,2.5
CA_1,FOODS_3_499,11337,2.5
CA_1,FOODS_3_499,11338,2.5
CA_1,FOODS_3_499,11339,2.5
CA_1,FOODS_3_499,11340,2.5
CA_1,FOODS_3_499,11341,2.5
CA_1,FOODS_3_499,11342,2.5
CA_1,FOODS_3_499,11343,2.5
CA_1,FOODS_3_499,11344,2.5
CA_1,FOODS_3_499,11345,2.5
CA_1,FOODS_3_499,11346,2.5
CA_1,FOODS_3_499,11347,2.5
CA_1,FOODS_3_499,11348,2.5
CA_1,FOODS_3_499,11349,2.5
CA_1,FOODS_3_499,11350,2.5
CA_1,FOODS_3_499,11351,2.5
CA_1,FOODS_3_499,11352,2.5
CA_1,FOODS_3_499,11353,2.5
CA_1,FOODS_3_499,11401,2.5
CA_1,FOODS_3_499,11402,2.5
CA_1,FOODS_3_499,11403,2.5
CA_1,FOODS_3_499,11404,2.5
CA_1,FOODS_3_499,11405,2.5
CA_1,FOODS_3_499,11406,2.5
CA_1,FOODS_3_499,11407,2.5
CA_1,FOODS_3_499,11408,2.5
CA_1,FOODS_3_499,11409,2.5
CA_1,FOODS_3_499,11410,2.5
CA_1,FOODS_3_499,11411,2.5
CA_1,FOODS_3_499,11412,2.5
CA_1,FOODS_3_499,11413,2.5
CA_1,FOODS_3_499,11414,2.5
CA_1,FOODS_3_499,11415,2.5
CA_1,FOODS_3_499,11416,2.5
CA_1,FOODS_3_499,11417,2.5
CA_1,FOODS_3_499,11418,2.5
CA_1,FOODS_3_499,11419,2.5
CA_1,FOODS_3_499,11420,2.5
CA_1,FOODS_3_499,11421,2.5
CA_1,FOODS_3_499,11422,2.5
CA_1,FOODS_3_499,11423,2.5
CA_1,FOODS_3_499,11424,2.5
CA_1,FOODS_3_499,11425,2.5
CA_1,FOODS_3_499,11426,2.5
CA_1,FOODS_3_499,11427,2.5
CA_1,FOODS_3_499,11428,2.5
CA_1,FOODS_3_499,11429,2.5
CA_1,FOODS_3_499,11430,2.5
CA_1,FOODS_3_499,11431,2.5
CA_1,FOODS_3_499,11432,2.5
CA_1,FOODS_3_499,11433,2.5
CA_1,FOODS_3_499,11434,2.5
CA_1,FOODS_3_499,11435,2.5
CA_1,FOODS_3_499,11436,2.5
CA_1,FOODS_3_499,11437,2.5
CA_1,FOODS_3_499,11438,2.5
CA_1,FOODS_3_499,11439,2.5
CA_1,FOODS_3_499,11440,2.5
CA_1,FOODS_3_499,11441,2.5
CA_1,FOODS_3_499,11442,2.5
CA_1,FOODS_3_499,11443,2.5
CA_1,FOODS_3_499,11444,2.5
CA_1,FOODS_3_499,11445,2.5
CA_1,FOODS_3_499,11446,2.5
CA_1,FOODS_3_499,11447,2.5
CA_1,FOODS_3_499,11448,2.5
CA_1,FOODS_3_499,11449,2.5
CA_1,FOODS_3_499,11450,2.5
CA_1,FOODS_3_499,11451,2.5
CA_1,FOODS_3_499,11452,2.5
CA_1,FOODS_3_499,11501,2.5
CA_1,FOODS_3_499,11502,2.5
CA_1,FOODS_3_499,11503,2.5
CA_1,FOODS_3_499,11504,2.5
CA_1,FOODS_3_499,11505,2.5
CA_1,FOODS_3_499,11506,2.5
CA_1,FOODS_3_499,11507,2.5
CA_1,FOODS_3_499,11508,2.5
CA_1,FOODS_3_499,11509,2.5
CA_1,FOODS_3_499,11510,2.5
CA_1,FOODS_3_499,11511,2.5
CA_1,FOODS_3_499,11512,2.5
CA_1,FOODS_3_499,11513,2.5
CA_1,FOODS_3_499,11514,2.5
CA_1,FOODS_3_499,11515,2.5
CA_1,FOODS_3_499,11516,2.5
CA_1,FOODS_3_499,11517,2.5
CA_1,FOODS_3_499,11518,2.5
CA_1,FOODS_3_499,11519,2.5
CA_1,FOODS_3_499,11520,2.5
CA_1,FOODS_3_499,11521,2.5
CA_1,FOODS_3_499,11522,2.5
CA_1,FOODS_3_499,11523,2.5
CA_1,FOODS_3_499,11524,2.5
CA_1,FOODS_3_499,11525,2.5
CA_1,FOODS_3_499,11526,2.5
CA_1,FOODS_3_499,11527,2.5
CA_1,FOODS_3_499,11528,2.5
CA_1,FOODS_3_499,11529,2.5
CA_1,FOODS_3_499,11530,2.5
CA_1,FOODS_3_499,11531,2.5
CA_1,FOODS_3_499,11532,2.5
CA_1,FOODS_3_499,11533,2.5
CA_1,FOODS_3_499,11534,2.5
CA_1,FOODS_3_499,11535,2.5
CA_1,FOODS_3_499,11536,2.5
CA_1,FOODS_3_499,11537,2.5
CA_1,FOODS_3_499,11538,2.5
CA_1,FOODS_3_499,11539,2.5
CA_1,FOODS_3_499,11540,2.5
CA_1,FOODS_3_499,11541,2.5
CA_1,FOODS_3_499,11542,2.5
CA_1,FOODS_3_499,11543,2.5
CA_1,FOODS_3_499,11544,2.5
CA_1,FOODS_3_499,11545,2.5
CA_1,FOODS_3_499,11546,2.5
CA_1,FOODS_3_499,11547,2.5
CA_1,FOODS_3_499,11548,2.5
CA_1,FOODS_3_499,11549,2.5
CA_1,FOODS_3_499,11550,2.5
CA_1,FOODS_3_499,11551,2.5
CA_1,FOODS_3_499,11552,2.5
CA_1,FOODS_3_499,11601,2.5
CA_1,FOODS_3_499,11602,2.5
CA_1,FOODS_3_499,11603,2.5
CA_1,FOODS_3_499,11604,2.5
CA_1,FOODS_3_499,11605,2.5
CA_1,FOODS_3_499,11606,2.56
CA_1,FOODS_3_499,11607,2.56
CA_1,FOODS_3_499,11608,2.56
CA_1,FOODS_3_499,11609,2.56
CA_1,FOODS_3_499,11610,2.56
CA_1,FOODS_3_499,11611,2.56
CA_1,FOODS_3_499,11612,2.56
CA_1,FOODS_3_499,11613,2.56
CA_1,FOODS_3_499,11614,2.56
CA_1,FOODS_3_499,11615,2.56
CA_1,FOODS_3_499,11616,2.56
CA_1,FOODS_3_499,11617,2.56
CA_1,FOODS_3_499,11618,2.56
CA_1,FOODS_3_499,11619,2.56
CA_1,FOODS_3_499,11620,2.56
CA_1,FOODS_3_499,11621,2.56
CA_1,FOODS_3_501,11101,0.88
CA_1,FOODS_3_501,11102,0.88
CA_1,FOODS_3_501,11103,0.88
CA_1,FOODS_3_501,11104,0.88
CA_1,FOODS_3_501,11105,0.88
CA_1,FOODS_3_501,11106,0.88
CA_1,FOODS_3_501,11107,0.88
CA_1,FOODS_3_501,11108,0.88
CA_1,FOODS_3_501,11109,0.88
CA_1,FOODS_3_501,11110,0.88
CA_1,FOODS_3_501,11111,0.88
CA_1,FOODS_3_501,11112,0.88
CA_1,FOODS_3_501,11113,0.88
CA_1,FOODS_3_501,11114,0.88
CA_1,FOODS_3_501,11115,0.88
CA_1,FOODS_3_501,11116,0.88
CA_1,FOODS_3_501,11117,0.88
CA_1,FOODS_3_501,11118,0.88
CA_1,FOODS_3_501,11119,0.88
CA_1,FOODS_3_501,11120,0.88
CA_1,FOODS_3_501,11121,0.88
CA_1,FOODS_3_501,11122,0.88
CA_1,FOODS_3_501,11123,0.88
CA_1,FOODS_3_501,11124,0.88
CA_1,FOODS_3_501,11125,0.88
CA_1,FOODS_3_501,11126,0.88
CA_1,FOODS_3_501,11127,0.88
CA_1,FOODS_3_501,11128,0.88
CA_1,FOODS_3_501,11129,0.88
CA_1,FOODS_3_501,11130,0.88
CA_1,FOODS_3_501,11131,0.88
CA_1,FOODS_3_501,11132,0.88
CA_1,FOODS_3_501,11133,0.78
CA_1,FOODS_3_501,11134,0.78
CA_1,FOODS_3_501,11135,0.78
CA_1,FOODS_3_501,11136,0.82
CA_1,FOODS_3_501,11137,0.82
CA_1,FOODS_3_501,11138,0.82
CA_1,FOODS_3_501,11139,0.82
CA_1,FOODS_3_501,11140,0.82
CA_1,FOODS_3_501,11141,0.82
CA_1,FOODS_3_501,11142,0.82
CA_1,FOODS_3_501,11143,0.82
CA_1,FOODS_3_501,11144,0.82
CA_1,FOODS_3_501,11145,0.82
CA_1,FOODS_3_501,11146,0.82
CA_1,FOODS_3_501,11147,0.82
CA_1,FOODS_3_501,11148,0.82
CA_1,FOODS_3_501,11149,0.82
CA_1,FOODS_3_501,11150,0.82
CA_1,FOODS_3_501,11151,0.82
CA_1,FOODS_3_501,11152,0.82
CA_1,FOODS_3_501,11201,0.82
CA_1,FOODS_3_501,11202,0.82
CA_1,FOODS_3_501,11203,0.88
CA_1,FOODS_3_501,11204,0.88
CA_1,FOODS_3_501,11205,0.88
CA_1,FOODS_3_501,11206,0.88
CA_1,FOODS_3_501,11207,0.88
CA_1,FOODS_3_501,11208,0.88
CA_1,FOODS_3_501,11209,0.88
CA_1,FOODS_3_501,11210,0.88
CA_1,FOODS_3_501,11211,0.88
CA_1,FOODS_3_501,11212,0.88
CA_1,FOODS_3_501,11213,0.88
CA_1,FOODS_3_501,11214,0.88
CA_1,FOODS_3_501,11215,0.88
CA_1,FOODS_3_501,11216,0.88
CA_1,FOODS_3_501,11217,0.88
CA_1,FOODS_3_501,11218,0.88
CA_1,FOODS_3_501,11219,0.88
CA_1,FOODS_3_501,11220,0.88
CA_1,FOODS_3_501,11221,0.88
CA_1,FOODS_3_501,11222,0.88
CA_1,FOODS_3_501,11223,0.88
CA_1,FOODS_3_501,11224,0.88
CA_1,FOODS_3_501,11225,0.88
CA_1,FOODS_3_501,11226,0.88
CA_1,FOODS_3_501,11227,0.88
CA_1,FOODS_3_501,11228,0.88
CA_1,FOODS_3_501,11229,0.88
CA_1,FOODS_3_501,11230,0.88
CA_1,FOODS_3_501,11231,0.88
CA_1,FOODS_3_501,11232,0.88
CA_1,FOODS_3_501,11233,0.78
CA_1,FOODS_3_501,11234,0.78
CA_1,FOODS_3_501,11235,0.78
CA_1,FOODS_3_501,11236,0.78
CA_1,FOODS_3_501,11237,0.78
CA_1,FOODS_3_501,11238,0.78
CA_1,FOODS_3_501,11239,0.78
CA_1,FOODS_3_501,11240,0.78
CA_1,FOODS_3_501,11241,0.78
CA_1,FOODS_3_501,11242,0.78
CA_1,FOODS_3_501,11243,0.78
CA_1,FOODS_3_501,11244,0.78
CA_1,FOODS_3_501,11245,0.78
CA_1,FOODS_3_501,11246,0.78
CA_1,FOODS_3_501,11247,0.78
CA_1,FOODS_3_501,11248,0.78
CA_1,FOODS_3_501,11249,0.78
CA_1,FOODS_3_501,11250,0.78
CA_1,FOODS_3_501,11251,0.78
CA_1,FOODS_3_501,11252,0.8
CA_1,FOODS_3_501,11301,0.8
CA_1,FOODS_3_501,11302,0.8
CA_1,FOODS_3_501,11303,0.8
CA_1,FOODS_3_501,11304,0.8
CA_1,FOODS_3_501,11305,0.8
CA_1,FOODS_3_501,11306,0.8
CA_1,FOODS_3_501,11307,0.8
CA_1,FOODS_3_501,11308,0.8
CA_1,FOODS_3_501,11309,0.8
CA_1,FOODS_3_501,11310,0.8
CA_1,FOODS_3_501,11311,0.8
CA_1,FOODS_3_501,11312,0.8
CA_1,FOODS_3_501,11313,0.8
CA_1,FOODS_3_501,11314,0.8
CA_1,FOODS_3_501,11315,0.8
CA_1,FOODS_3_501,11316,0.8
CA_1,FOODS_3_501,11317,0.8
CA_1,FOODS_3_501,11318,0.8
CA_1,FOODS_3_501,11319,0.8
CA_1,FOODS_3_501,11320,0.8
CA_1,FOODS_3_501,11321,0.8
CA_1,FOODS_3_501,11322,0.8
CA_1,FOODS_3_501,11323,0.8
CA_1,FOODS_3_501,11324,0.8
CA_1,FOODS_3_501,11325,0.8
CA_1,FOODS_3_501,11326,0.8
CA_1,FOODS_3_501,11327,0.8
CA_1,FOODS_3_501,11328,0.8
CA_1,FOODS_3_501,11329,0.8
CA_1,FOODS_3_501,11330,0.8
CA_1,FOODS_3_501,11331,0.8
CA_1,FOODS_3_501,11332,0.8
CA_1,FOODS_3_501,11333,0.8
CA_1,FOODS_3_501,11334,0.8
CA_1,FOODS_3_501,11335,0.8
CA_1,FOODS_3_501,11336,0.8
CA_1,FOODS_3_501,11337,0.8
CA_1,FOODS_3_501,11338,0.8
CA_1,FOODS_3_501,11339,0.8
CA_1,FOODS_3_501,11340,0.8
CA_1,FOODS_3_501,11341,0.8
CA_1,FOODS_3_501,11342,0.8
CA_1,FOODS_3_501,11343,0.8
CA_1,FOODS_3_501,11344,0.8
CA_1,FOODS_3_501,11345,0.8
CA_1,FOODS_3_501,11346,0.8
CA_1,FOODS_3_501,11347,0.8
CA_1,FOODS_3_501,11348,0.8
CA_1,FOODS_3_501,11349,0.8
CA_1,FOODS_3_501,11350,0.8
CA_1,FOODS_3_501,11351,0.8
CA_1,FOODS_3_501,11352,0.8
CA_1,FOODS_3_501,11353,0.8
CA_1,FOODS_3_501,11401,0.8
CA_1,FOODS_3_501,11402,0.8
CA_1,FOODS_3_501,11403,0.8
CA_1,FOODS_3_501,11404,0.8
CA_1,FOODS_3_501,11405,0.8
CA_1,FOODS_3_501,11406,0.8
CA_1,FOODS_3_501,11407,0.8
CA_1,FOODS_3_501,11408,0.8
CA_1,FOODS_3_501,11409,0.8
CA_1,FOODS_3_501,11410,0.8
CA_1,FOODS_3_501,11411,0.8
CA_1,FOODS_3_501,11412,0.8
CA_1,FOODS_3_501,11413,0.8
CA_1,FOODS_3_501,11414,0.8
CA_1,FOODS_3_501,11415,0.8
CA_1,FOODS_3_501,11416,0.8
CA_1,FOODS_3_501,11417,0.8
CA_1,FOODS_3_501,11418,0.8
CA_1,FOODS_3_501,11419,0.8
CA_1,FOODS_3_501,11420,0.8
CA_1,FOODS_3_501,11421,0.8
CA_1,FOODS_3_501,11422,0.8
CA_1,FOODS_3_501,11423,0.82
CA_1,FOODS_3_501,11424,0.82
CA_1,FOODS_3_501,11425,0.8
CA_1,FOODS_3_501,11426,0.8
CA_1,FOODS_3_501,11427,0.8
CA_1,FOODS_3_501,11428,0.8
CA_1,FOODS_3_501,11429,0.8
CA_1,FOODS_3_501,11430,0.8
CA_1,FOODS_3_501,11431,0.8
CA_1,FOODS_3_501,11432,0.8
CA_1,FOODS_3_501,11433,0.8
CA_1,FOODS_3_501,11434,0.8
CA_1,FOODS_3_501,11435,0.8
CA_1,FOODS_3_501,11436,0.8
CA_1,FOODS_3_501,11437,0.8
CA_1,FOODS_3_501,11438,0.8
CA_1,FOODS_3_501,11439,0.8
CA_1,FOODS_3_501,11440,0.8
CA_1,FOODS_3_501,11441,0.8
CA_1,FOODS_3_501,11442,0.8
CA_1,FOODS_3_501,11443,0.8
CA_1,FOODS_3_501,11444,0.8
CA_1,FOODS_3_501,11445,0.8
CA_1,FOODS_3_501,11446,0.8
CA_1,FOODS_3_501,11447,0.8
CA_1,FOODS_3_501,11448,0.8
CA_1,FOODS_3_501,11449,0.8
CA_1,FOODS_3_501,11450,0.8
CA_1,FOODS_3_501,11451,0.8
CA_1,FOODS_3_501,11452,0.8
CA_1,FOODS_3_501,11501,0.8
CA_1,FOODS_3_501,11502,0.8
CA_1,FOODS_3_501,11503,0.8
CA_1,FOODS_3_501,11504,0.8
CA_1,FOODS_3_501,11505,0.8
CA_1,FOODS_3_501,11506,0.8
CA_1,FOODS_3_501,11507,0.8
CA_1,FOODS_3_501,11508,0.8
CA_1,FOODS_3_501,11509,0.8
CA_1,FOODS_3_501,11510,0.8
CA_1,FOODS_3_501,11511,0.8
CA_1,FOODS_3_501,11512,0.8
CA_1,FOODS_3_501,11513,0.8
CA_1,FOODS_3_501,11514,0.8
CA_1,FOODS_3_501,11515,0.8
CA_1,FOODS_3_501,11516,0.8
CA_1,FOODS_3_501,11517,0.8
CA_1,FOODS_3_501,11518,0.8
CA_1,FOODS_3_501,11519,0.8
CA_1,FOODS_3_501,11520,0.8
CA_1,FOODS_3_501,11521,0.8
CA_1,FOODS_3_501,11522,0.8
CA_1,FOODS_3_501,11523,0.8
CA_1,FOODS_3_501,11524,0.8
CA_1,FOODS_3_501,11525,0.8
CA_1,FOODS_3_501,11526,0.8
CA_1,FOODS_3_501,11527,0.8
CA_1,FOODS_3_501,11528,0.8
CA_1,FOODS_3_501,11529,0.8
CA_1,FOODS_3_501,11530,0.8
CA_1,FOODS_3_501,11531,0.8
CA_1,FOODS_3_501,11532,0.8
CA_1,FOODS_3_501,11533,0.8
CA_1,FOODS_3_501,11534,0.8
CA_1,FOODS_3_501,11535,0.8
CA_1,FOODS_3_501,11536,0.8
CA_1,FOODS_3_501,11537,0.8
CA_1,FOODS_3_501,11538,0.8
CA_1,FOODS_3_501,11539,0.8
CA_1,FOODS_3_501,11540,0.8
CA_1,FOODS_3_501,11541,0.8
CA_1,FOODS_3_501,11542,0.8
CA_1,FOODS_3_501,11543,0.8
CA_1,FOODS_3_501,11544,0.8
CA_1,FOODS_3_501,11545,0.8
CA_1,FOODS_3_501,11546,0.8
CA_1,FOODS_3_501,11547,0.8
CA_1,FOODS_3_501,11548,0.8
CA_1,FOODS_3_501,11549,0.8
CA_1,FOODS_3_501,11550,0.8
CA_1,FOODS_3_501,11551,0.8
CA_1,FOODS_3_501,11552,0.8
CA_1,FOODS_3_501,11601,0.8
CA_1,FOODS_3_501,11602,0.8
CA_1,FOODS_3_501,11603,0.8
CA_1,FOODS_3_501,11604,0.8
CA_1,FOODS_3_501,11605,0.8
CA_1,FOODS_3_501,11606,0.8
CA_1,FOODS_3_501,11607,0.8
CA_1,FOODS_3_501,11608,0.8
CA_1,FOODS_3_501,11609,0.8
CA_1,FOODS_3_501,11610,0.8
CA_1,FOODS_3_501,11611,0.8
CA_1,FOODS_3_501,11612,0.8
CA_1,FOODS_3_501,11613,0.8
CA_1,FOODS_3_501,11614,0.8
CA_1,FOODS_3_501,11615,0.8
CA_1,FOODS_3_501,11616,0.8
CA_1,FOODS_3_501,11617,0.8
CA_1,FOODS_3_501,11618,0.8
CA_1,FOODS_3_501,11619,0.8
CA_1,FOODS_3_501,11620,0.8
CA_1,FOODS_3_501,11621,0.8
CA_1,FOODS_3_541,11101,1.0
CA_1,FOODS_3_541,11102,1.0
CA_1,FOODS_3_541,11103,1.0
CA_1,FOODS_3_541,11104,1.0
CA_1,FOODS_3_541,11105,1.0
CA_1,FOODS_3_541,11106,1.0
CA_1,FOODS_3_541,11107,1.0
CA_1,FOODS_3_541,11108,1.0
CA_1,FOODS_3_541,11109,1.0
CA_1,FOODS_3_541,11110,1.0
CA_1,FOODS_3_541,11111,1.0
CA_1,FOODS_3_541,11112,1.0
CA_1,FOODS_3_541,11113,1.0
CA_1,FOODS_3_541,11114,1.0
CA_1,FOODS_3_541,11115,1.0
CA_1,FOODS_3_541,11116,1.0
CA_1,FOODS_3_541,11117,1.0
CA_1,FOODS_3_541,11118,1.0
CA_1,FOODS_3_541,11119,1.0
CA_1,FOODS_3_541,11120,1.0
CA_1,FOODS_3_541,11121,1.0
CA_1,FOODS_3_541,11122,1.0
CA_1,FOODS_3_541,11123,1.0
CA_1,FOODS_3_541,11124,1.0
CA_1,FOODS_3_541,11125,1.0
CA_1,FOODS_3_541,11126,1.0
CA_1,FOODS_3_541,11127,1.0
CA_1,FOODS_3_541,11128,1.0
CA_1,FOODS_3_541,11129,1.0
CA_1,FOODS_3_541,11130,1.0
CA_1,FOODS_3_541,11131,1.0
CA_1,FOODS_3_541,11132,1.0
CA_1,FOODS_3_541,11133,1.0
CA_1,FOODS_3_541,11134,1.0
CA_1,FOODS_3_541,11135,1.0
CA_1,FOODS_3_541,11136,1.0
CA_1,FOODS_3_541,11137,1.0
CA_1,FOODS_3_541,11138,1.0
CA_1,FOODS_3_541,11139,1.0
CA_1,FOODS_3_541,11140,1.0
CA_1,FOODS_3_541,11141,1.06
CA_1,FOODS_3_541,11142,1.06
CA_1,FOODS_3_541,11143,1.0
CA_1,FOODS_3_541,11144,1.0
CA_1,FOODS_3_541,11145,1.0
CA_1,FOODS_3_541,11146,1.0
CA_1,FOODS_3_541,11147,1.0
CA_1,FOODS_3_541,11148,1.0
CA_1,FOODS_3_541,11149,1.0
CA_1,FOODS_3_541,11150,1.0
CA_1,FOODS_3_541,11151,1.0
CA_1,FOODS_3_541,11152,1.0
CA_1,FOODS_3_541,11201,1.0
CA_1,FOODS_3_541,11202,1.06
CA_1,FOODS_3_541,11203,1.0
CA_1,FOODS_3_541,11204,1.0
CA_1,FOODS_3_541,11205,1.0
CA_1,FOODS_3_541,11206,1.0
CA_1,FOODS_3_541,11207,1.0
CA_1,FOODS_3_541,11208,1.0
CA_1,FOODS_3_541,11209,1.0
CA_1,FOODS_3_541,11210,1.0
CA_1,FOODS_3_541,11211,1.0
CA_1,FOODS_3_541,11212,1.0
CA_1,FOODS_3_541,11213,1.0
CA_1,FOODS_3_541,11214,1.0
CA_1,FOODS_3_541,11215,1.0
CA_1,FOODS_3_541,11216,1.0
CA_1,FOODS_3_541,11217,1.0
CA_1,FOODS_3_541,11218,1.0
CA_1,FOODS_3_541,11219,1.0
CA_1,FOODS_3_541,11220,1.0
CA_1,FOODS_3_541,11221,1.0
CA_1,FOODS_3_541,11222,1.0
CA_1,FOODS_3_541,11223,1.0
CA_1,FOODS_3_541,11224,1.0
CA_1,FOODS_3_541,11225,1.0
CA_1,FOODS_3_541,11226,1.0
CA_1,FOODS_3_541,11227,1.0
CA_1,FOODS_3_541,11228,1.0
CA_1,FOODS_3_541,11229,1.0
CA_1,FOODS_3_541,11230,1.0
CA_1,FOODS_3_541,11231,1.0
CA_1,FOODS_3_541,11232,1.0
CA_1,FOODS_3_541,11233,1.0
CA_1,FOODS_3_541,11234,1.0
CA_1,FOODS_3_541,11235,1.0
CA_1,FOODS_3_541,11236,1.0
CA_1,FOODS_3_541,11237,1.0
CA_1,FOODS_3_541,11238,1.0
CA_1,FOODS_3_541,11239,1.0
CA_1,FOODS_3_541,11240,1.0
CA_1,FOODS_3_541,11241,1.0
CA_1,FOODS_3_541,11242,1.0
CA_1,FOODS_3_541,11243,1.0
CA_1,FOODS_3_541,11244,1.0
CA_1,FOODS_3_541,11245,1.0
CA_1,FOODS_3_541,11246,1.0
CA_1,FOODS_3_541,11247,1.0
CA_1,FOODS_3_541,11248,1.0
CA_1,FOODS_3_541,11249,1.0
CA_1,FOODS_3_541,11250,1.0
CA_1,FOODS_3_541,11251,1.0
CA_1,FOODS_3_541,11252,1.0
CA_1,FOODS_3_541,11301,1.0
CA_1,FOODS_3_541,11302,1.0
CA_1,FOODS_3_541,11303,1.0
CA_1,FOODS_3_541,11304,1.0
CA_1,FOODS_3_541,11305,1.0
CA_1,FOODS_3_541,11306,1.0
CA_1,FOODS_3_541,11307,1.0
CA_1,FOODS_3_541,11308,1.0
CA_1,FOODS_3_541,11309,1.0
CA_1,FOODS_3_541,11310,1.0
CA_1,FOODS_3_541,11311,1.0
CA_1,FOODS_3_541,11312,1.0
CA_1,FOODS_3_541,11313,1.0
CA_1,FOODS_3_541,11314,1.0
CA_1,FOODS_3_541,11315,1.0
CA_1,FOODS_3_541,11316,1.0
CA_1,FOODS_3_541,11317,1.0
CA_1,FOODS_3_541,11318,1.0
CA_1,FOODS_3_541,11319,1.0
CA_1,FOODS_3_541,11320,1.0
CA_1,FOODS_3_541,11321,1.0
CA_1,FOODS_3_541,11322,1.0
CA_1,FOODS_3_541,11323,1.0
CA_1,FOODS_3_541,11324,1.0
CA_1,FOODS_3_541,11325,1.0
CA_1,FOODS_3_541,11326,1.0
CA_1,FOODS_3_541,11327,1.0
CA_1,FOODS_3_541,11328,1.0
CA_1,FOODS_3_541,11329,1.0
CA_1,FOODS_3_541,11330,1.0
CA_1,FOODS_3_541,11331,1.0
CA_1,FOODS_3_541,11332,1.0
CA_1,FOODS_3_541,11333,1.0
CA_1,FOODS_3_541,11334,1.0
CA_1,FOODS_3_541,11335,1.0
CA_1,FOODS_3_541,11336,1.0
CA_1,FOODS_3_541,11337,1.0
CA_1,FOODS_3_541,11338,1.0
CA_1,FOODS_3_541,11339,1.0
CA_1,FOODS_3_541,11340,1.0
CA_1,FOODS_3_541,11341,1.0
CA_1,FOODS_3_541,11342,1.0
CA_1,FOODS_3_541,11343,1.0
CA_1,FOODS_3_541,11344,1.0
CA_1,FOODS_3_541,11345,1.0
CA_1,FOODS_3_541,11346,1.0
CA_1,FOODS_3_541,11347,1.0
CA_1,FOODS_3_541,11348,1.0
CA_1,FOODS_3_541,11349,1.0
CA_1,FOODS_3_541,11350,1.0
CA_1,FOODS_3_541,11351,1.0
CA_1,FOODS_3_541,11352,1.0
CA_1,FOODS_3_541,11353,1.0
CA_1,FOODS_3_541,11401,1.0
CA_1,FOODS_3_541,11402,1.0
CA_1,FOODS_3_541,11403,1.0
CA_1,FOODS_3_541,11404,1.0
CA_1,FOODS_3_541,11405,1.0
CA_1,FOODS_3_541,11406,1.0
CA_1,FOODS_3_541,11407,1.0
CA_1,FOODS_3_541,11408,1.0
CA_1,FOODS_3_541,11409,1.0
CA_1,FOODS_3_541,11410,1.0
CA_1,FOODS_3_541,11411,1.0
CA_1,FOODS_3_541,11412,1.0
CA_1,FOODS_3_541,11413,1.0
CA_1,FOODS_3_541,11414,1.0
CA_1,FOODS_3_541,11415,1.0
CA_1,FOODS_3_541,11416,1.0
CA_1,FOODS_3_541,11417,1.0
CA_1,FOODS_3_541,11418,1.0
CA_1,FOODS_3_541,11419,1.0
CA_1,FOODS_3_541,11420,1.0
CA_1,FOODS_3_541,11421,1.0
CA_1,FOODS_3_541,11422,1.0
CA_1,FOODS_3_541,11423,1.0
CA_1,FOODS_3_541,11424,1.0
CA_1,FOODS_3_541,11425,1.0
CA_1,FOODS_3_541,11426,1.0
CA_1,FOODS_3_541,11427,1.0
CA_1,FOODS_3_541,11428,1.0
CA_1,FOODS_3_541,11429,1.0
CA_1,FOODS_3_541,11430,1.0
CA_1,FOODS_3_541,11431,1.0
CA_1,FOODS_3_541,11432,1.0
CA_1,FOODS_3_541,11433,1.0
CA_1,FOODS_3_541,11434,1.0
CA_1,FOODS_3_541,11435,1.0
CA_1,FOODS_3_541,11436,1.0
CA_1,FOODS_3_541,11437,1.0
CA_1,FOODS_3_541,11438,1.0
CA_1,FOODS_3_541,11439,1.0
CA_1,FOODS_3_541,11440,1.0
CA_1,FOODS_3_541,11441,1.0
CA_1,FOODS_3_541,11442,1.0
CA_1,FOODS_3_541,11443,1.0
CA_1,FOODS_3_541,11444,1.0
CA_1,FOODS_3_541,11445,1.0
CA_1,FOODS_3_541,11446,1.0
CA_1,FOODS_3_541,11447,1.0
CA_1,FOODS_3_541,11448,1.0
CA_1,FOODS_3_541,11449,1.0
CA_1,FOODS_3_541,11450,1.0
CA_1,FOODS_3_541,11451,1.0
CA_1,FOODS_3_541,11452,1.0
CA_1,FOODS_3_541,11501,1.0
CA_1,FOODS_3_541,11502,1.0
CA_1,FOODS_3_541,11503,1.0
CA_1,FOODS_3_541,11504,1.0
CA_1,FOODS_3_541,11505,1.0
CA_1,FOODS_3_541,11506,1.0
CA_1,FOODS_3_541,11507,1.0
CA_1,FOODS_3_541,11508,1.0
CA_1,FOODS_3_541,11509,1.0
CA_1,FOODS_3_541,11510,1.0
CA_1,FOODS_3_541,11511,1.0
CA_1,FOODS_3_541,11512,1.0
CA_1,FOODS_3_541,11513,1.0
CA_1,FOODS_3_541,11514,1.0
CA_1,FOODS_3_541,11515,1.0
CA_1,FOODS_3_541,11516,1.0
CA_1,FOODS_3_541,11517,1.0
CA_1,FOODS_3_541,11518,1.0
CA_1,FOODS_3_541,11519,1.0
CA_1,FOODS_3_541,11520,1.0
CA_1,FOODS_3_541,11521,1.0
CA_1,FOODS_3_541,11522,1.0
CA_1,FOODS_3_541,11523,1.0
CA_1,FOODS_3_541,11524,1.0
CA_1,FOODS_3_541,11525,1.0
CA_1,FOODS_3_541,11526,1.0
CA_1,FOODS_3_541,11527,1.0
CA_1,FOODS_3_541,11528,1.0
CA_1,FOODS_3_541,11529,1.0
CA_1,FOODS_3_541,11530,1.0
CA_1,FOODS_3_541,11531,1.0
CA_1,FOODS_3_541,11532,1.0
CA_1,FOODS_3_541,11533,1.0
CA_1,FOODS_3_541,11534,1.0
CA_1,FOODS_3_541,11535,1.0
CA_1,FOODS_3_541,11536,1.0
CA_1,FOODS_3_541,11537,1.0
CA_1,FOODS_3_541,11538,1.0
CA_1,FOODS_3_541,11539,1.0
CA_1,FOODS_3_541,11540,1.0
CA_1,FOODS_3_541,11541,1.0
CA_1,FOODS_3_541,11542,1.0
CA_1,FOODS_3_541,11543,1.0
CA_1,FOODS_3_541,11544,1.0
CA_1,FOODS_3_541,11545,1.0
CA_1,FOODS_3_541,11546,1.0
CA_1,FOODS_3_541,11547,1.0
CA_1,FOODS_3_541,11548,1.0
CA_1,FOODS_3_541,11549,1.0
CA_1,FOODS_3_541,11550,1.0
CA_1,FOODS_3_541,11551,1.0
CA_1,FOODS_3_541,11552,1.0
CA_1,FOODS_3_541,11601,1.0
CA_1,FOODS_3_541,11602,1.0
CA_1,FOODS_3_541,11603,1.0
CA_1,FOODS_3_541,11604,1.0
CA_1,FOODS_3_541,11605,1.0
CA_1,FOODS_3_541,11606,1.0
CA_1,FOODS_3_541,11607,1.0
CA_1,FOODS_3_541,11608,1.0
CA_1,FOODS_3_541,11609,1.0
CA_1,FOODS_3_541,11610,1.0
CA_1,FOODS_3_541,11611,1.0
CA_1,FOODS_3_541,11612,1.0
CA_1,FOODS_3_541,11613,1.0
CA_1,FOODS_3_541,11614,1.0
CA_1,FOODS_3_541,11615,1.0
CA_1,FOODS_3_541,11616,1.0
CA_1,FOODS_3_541,11617,1.0
CA_1,FOODS_3_541,11618,1.0
CA_1,FOODS_3_541,11619,1.0
CA_1,FOODS_3_541,11620,1.0
CA_1,FOODS_3_541,11621,1.0
CA_1,FOODS_3_555,11101,1.48
CA_1,FOODS_3_555,11102,1.48
CA_1,FOODS_3_555,11103,1.48
CA_1,FOODS_3_555,11104,1.48
CA_1,FOODS_3_555,11105,1.48
CA_1,FOODS_3_555,11106,1.48
CA_1,FOODS_3_555,11107,1.48
CA_1,FOODS_3_555,11108,1.48
CA_1,FOODS_3_555,11109,1.48
CA_1,FOODS_3_555,11110,1.48
CA_1,FOODS_3_555,11111,1.48
CA_1,FOODS_3_555,11112,1.48
CA_1,FOODS_3_555,11113,1.48
CA_1,FOODS_3_555,11114,1.48
CA_1,FOODS_3_555,11115,1.48
CA_1,FOODS_3_555,11116,1.48
CA_1,FOODS_3_555,11117,1.48
CA_1,FOODS_3_555,11118,1.48
CA_1,FOODS_3_555,11119,1.48
CA_1,FOODS_3_555,11120,1.48
CA_1,FOODS_3_555,11121,1.48
CA_1,FOODS_3_555,11122,1.48
CA_1,FOODS_3_555,11123,1.48
CA_1,FOODS_3_555,11124,1.48
CA_1,FOODS_3_555,11125,1.48
CA_1,FOODS_3_555,11126,1.48
CA_1,FOODS_3_555,11127,1.48
CA_1,FOODS_3_555,11128,1.48
CA_1,FOODS_3_555,11129,1.48
CA_1,FOODS_3_555,11130,1.48
CA_1,FOODS_3_555,11131,1.48
CA_1,FOODS_3_555,11132,1.48
CA_1,FOODS_3_555,11133,1.48
CA_1,FOODS_3_555,11134,1.48
CA_1,FOODS_3_555,11135,1.48
CA_1,FOODS_3_555,11136,1.48
CA_1,FOODS_3_555,11137,1.48
CA_1,FOODS_3_555,11138,1.48
CA_1,FOODS_3_555,11139,1.48
CA_1,FOODS_3_555,11140,1.48
CA_1,FOODS_3_555,11141,1.48
CA_1,FOODS_3_555,11142,1.48
CA_1,FOODS_3_555,11143,1.48
CA_1,FOODS_3_555,11144,1.48
CA_1,FOODS_3_555,11145,1.48
CA_1,FOODS_3_555,11146,1.48
CA_1,FOODS_3_555,11147,1.48
CA_1,FOODS_3_555,11148,1.48
CA_1,FOODS_3_555,11149,1.48
CA_1,FOODS_3_555,11150,1.48
CA_1,FOODS_3_555,11151,1.48
CA_1,FOODS_3_555,11152,1.48
CA_1,FOODS_3_555,11201,1.48
CA_1,FOODS_3_555,11202,1.48
CA_1,FOODS_3_555,11203,1.48
CA_1,FOODS_3_555,11204,1.58
CA_1,FOODS_3_555,11205,1.58
CA_1,FOODS_3_555,11206,1.58
CA_1,FOODS_3_555,11207,1.58
CA_1,FOODS_3_555,11208,1.58
CA_1,FOODS_3_555,11209,1.58
CA_1,FOODS_3_555,11210,1.58
CA_1,FOODS_3_555,11211,1.58
CA_1,FOODS_3_555,11212,1.58
CA_1,FOODS_3_555,11213,1.58
CA_1,FOODS_3_555,11214,1.58
CA_1,FOODS_3_555,11215,1.58
CA_1,FOODS_3_555,11216,1.58
CA_1,FOODS_3_555,11217,1.58
CA_1,FOODS_3_555,11218,1.58
CA_1,FOODS_3_555,11219,1.58
CA_1,FOODS_3_555,11220,1.58
CA_1,FOODS_3_555,11221,1.58
CA_1,FOODS_3_555,11222,1.58
CA_1,FOODS_3_555,11223,1.58
CA_1,FOODS_3_555,11224,1.58
CA_1,FOODS_3_555,11225,1.58
CA_1,FOODS_3_555,11226,1.58
CA_1,FOODS_3_555,11227,1.58
CA_1,FOODS_3_555,11228,1.58
CA_1,FOODS_3_555,11229,1.58
CA_1,FOODS_3_555,11230,1.58
CA_1,FOODS_3_555,11231,1.58
CA_1,FOODS_3_555,11232,1.58
CA_1,FOODS_3_555,11233,1.58
CA_1,FOODS_3_555,11234,1.58
CA_1,FOODS_3_555,11235,1.58
CA_1,FOODS_3_555,11236,1.58
CA_1,FOODS_3_555,11237,1.58
CA_1,FOODS_3_555,11238,1.58
CA_1,FOODS_3_555,11239,1.58
CA_1,FOODS_3_555,11240,1.58
CA_1,FOODS_3_555,11241,1.58
CA_1,FOODS_3_555,11242,1.58
CA_1,FOODS_3_555,11243,1.58
CA_1,FOODS_3_555,11244,1.58
CA_1,FOODS_3_555,11245,1.58
CA_1,FOODS_3_555,11246,1.58
CA_1,FOODS_3_555,11247,1.58
CA_1,FOODS_3_555,11248,1.58
CA_1,FOODS_3_555,11249,1.58
CA_1,FOODS_3_555,11250,1.58
CA_1,FOODS_3_555,11251,1.58
CA_1,FOODS_3_555,11252,1.58
CA_1,FOODS_3_555,11301,1.58
CA_1,FOODS_3_555,11302,1.58
CA_1,FOODS_3_555,11303,1.58
CA_1,FOODS_3_555,11304,1.58
CA_1,FOODS_3_555,11305,1.58
CA_1,FOODS_3_555,11306,1.58
CA_1,FOODS_3_555,11307,1.58
CA_1,FOODS_3_555,11308,1.58
CA_1,FOODS_3_555,11309,1.58
CA_1,FOODS_3_555,11310,1.58
CA_1,FOODS_3_555,11311,1.58
CA_1,FOODS_3_555,11312,1.58
CA_1,FOODS_3_555,11313,1.58
CA_1,FOODS_3_555,11314,1.58
CA_1,FOODS_3_555,11315,1.58
CA_1,FOODS_3_555,11316,1.58
CA_1,FOODS_3_555,11317,1.58
CA_1,FOODS_3_555,11318,1.58
CA_1,FOODS_3_555,11319,1.58
CA_1,FOODS_3_555,11320,1.58
CA_1,FOODS_3_555,11321,1.58
CA_1,FOODS_3_555,11322,1.58
CA_1,FOODS_3_555,11323,1.58
CA_1,FOODS_3_555,11324,1.58
CA_1,FOODS_3_555,11325,1.58
CA_1,FOODS_3_555,11326,1.58
CA_1,FOODS_3_555,11327,1.58
CA_1,FOODS_3_555,11328,1.58
CA_1,FOODS_3_555,11329,1.58
CA_1,FOODS_3_555,11330,1.58
CA_1,FOODS_3_555,11331,1.58
CA_1,FOODS_3_555,11332,1.58
CA_1,FOODS_3_555,11333,1.58
CA_1,FOODS_3_555,11334,1.58
CA_1,FOODS_3_555,11335,1.58
CA_1,FOODS_3_555,11336,1.58
CA_1,FOODS_3_555,11337,1.58
CA_1,FOODS_3_555,11338,1.58
CA_1,FOODS_3_555,11339,1.58
CA_1,FOODS_3_555,11340,1.58
CA_1,FOODS_3_555,11341,1.58
CA_1,FOODS_3_555,11342,1.58
CA_1,FOODS_3_555,11343,1.58
CA_1,FOODS_3_555,11344,1.58
CA_1,FOODS_3_555,11345,1.58
CA_1,FOODS_3_555,11346,1.58
CA_1,FOODS_3_555,11347,1.58
CA_1,FOODS_3_555,11348,1.58
CA_1,FOODS_3_555,11349,1.58
CA_1,FOODS_3_555,11350,1.58
CA_1,FOODS_3_555,11351,1.58
CA_1,FOODS_3_555,11352,1.58
CA_1,FOODS_3_555,11353,1.58
CA_1,FOODS_3_555,11401,1.58
CA_1,FOODS_3_555,11402,1.58
CA_1,FOODS_3_555,11403,1.58
CA_1,FOODS_3_555,11404,1.58
CA_1,FOODS_3_555,11405,1.58
CA_1,FOODS_3_555,11406,1.58
CA_1,FOODS_3_555,11407,1.58
CA_1,FOODS_3_555,11408,1.58
CA_1,FOODS_3_555,11409,1.58
CA_1,FOODS_3_555,11410,1.58
CA_1,FOODS_3_555,11411,1.58
CA_1,FOODS_3_555,11412,1.58
CA_1,FOODS_3_555,11413,1.58
CA_1,FOODS_3_555,11414,1.58
CA_1,FOODS_3_555,11415,1.58
CA_1,FOODS_3_555,11416,1.58
CA_1,FOODS_3_555,11417,1.58
CA_1,FOODS_3_555,11418,1.58
CA_1,FOODS_3_555,11419,1.58
CA_1,FOODS_3_555,11420,1.58
CA_1,FOODS_3_555,11421,1.58
CA_1,FOODS_3_555,11422,1.58
CA_1,FOODS_3_555,11423,1.58
CA_1,FOODS_3_555,11424,1.58
CA_1,FOODS_3_555,11425,1.58
CA_1,FOODS_3_555,11426,1.68
CA_1,FOODS_3_555,11427,1.68
CA_1,FOODS_3_555,11428,1.68
CA_1,FOODS_3_555,11429,1.68
CA_1,FOODS_3_555,11430,1.68
CA_1,FOODS_3_555,11431,1.68
CA_1,FOODS_3_555,11432,1.68
CA_1,FOODS_3_555,11433,1.68
CA_1,FOODS_3_555,11434,1.68
CA_1,FOODS_3_555,11435,1.68
CA_1,FOODS_3_555,11436,1.68
CA_1,FOODS_3_555,11437,1.68
CA_1,FOODS_3_555,11438,1.68
CA_1,FOODS_3_555,11439,1.68
CA_1,FOODS_3_555,11440,1.68
CA_1,FOODS_3_555,11441,1.68
CA_1,FOODS_3_555,11442,1.68
CA_1,FOODS_3_555,11443,1.68
CA_1,FOODS_3_555,11444,1.68
CA_1,FOODS_3_555,11445,1.68
CA_1,FOODS_3_555,11446,1.68
CA_1,FOODS_3_555,11447,1.68
CA_1,FOODS_3_555,11448,1.68
CA_1,FOODS_3_555,11449,1.68
CA_1,FOODS_3_555,11450,1.68
CA_1,FOODS_3_555,11451,1.68
CA_1,FOODS_3_555,11452,1.68
CA_1,FOODS_3_555,11501,1.68
CA_1,FOODS_3_555,11502,1.68
CA_1,FOODS_3_555,11503,1.68
CA_1,FOODS_3_555,11504,1.68
CA_1,FOODS_3_555,11505,1.68
CA_1,FOODS_3_555,11506,1.68
CA_1,FOODS_3_555,11507,1.68
CA_1,FOODS_3_555,11508,1.68
CA_1,FOODS_3_555,11509,1.68
CA_1,FOODS_3_555,11510,1.68
CA_1,FOODS_3_555,11511,1.68
CA_1,FOODS_3_555,11512,1.68
CA_1,FOODS_3_555,11513,1.68
CA_1,FOODS_3_555,11514,1.68
CA_1,FOODS_3_555,11515,1.68
CA_1,FOODS_3_555,11516,1.68
CA_1,FOODS_3_555,11517,1.68
CA_1,FOODS_3_555,11518,1.68
CA_1,FOODS_3_555,11519,1.68
CA_1,FOODS_3_555,11520,1.68
CA_1,FOODS_3_555,11521,1.68
CA_1,FOODS_3_555,11522,1.68
CA_1,FOODS_3_555,11523,1.68
CA_1,FOODS_3_555,11524,1.68
CA_1,FOODS_3_555,11525,1.68
CA_1,FOODS_3_555,11526,1.68
CA_1,FOODS_3_555,11527,1.68
CA_1,FOODS_3_555,11528,1.68
CA_1,FOODS_3_555,11529,1.68
CA_1,FOODS_3_555,11530,1.68
CA_1,FOODS_3_555,11531,1.68
CA_1,FOODS_3_555,11532,1.68
CA_1,FOODS_3_555,11533,1.68
CA_1,FOODS_3_555,11534,1.68
CA_1,FOODS_3_555,11535,1.68
CA_1,FOODS_3_555,11536,1.68
CA_1,FOODS_3_555,11537,1.68
CA_1,FOODS_3_555,11538,1.68
CA_1,FOODS_3_555,11539,1.68
CA_1,FOODS_3_555,11540,1.68
CA_1,FOODS_3_555,11541,1.68
CA_1,FOODS_3_555,11542,1.68
CA_1,FOODS_3_555,11543,1.68
CA_1,FOODS_3_555,11544,1.68
CA_1,FOODS_3_555,11545,1.68
CA_1,FOODS_3_555,11546,1.68
CA_1,FOODS_3_555,11547,1.68
CA_1,FOODS_3_555,11548,1.68
CA_1,FOODS_3_555,11549,1.68
CA_1,FOODS_3_555,11550,1.68
CA_1,FOODS_3_555,11551,1.68
CA_1,FOODS_3_555,11552,1.68
CA_1,FOODS_3_555,11601,1.68
CA_1,FOODS_3_555,11602,1.68
CA_1,FOODS_3_555,11603,1.68
CA_1,FOODS_3_555,11604,1.68
CA_1,FOODS_3_555,11605,1.68
CA_1,FOODS_3_555,11606,1.68
CA_1,FOODS_3_555,11607,1.68
CA_1,FOODS_3_555,11608,1.68
CA_1,FOODS_3_555,11609,1.68
CA_1,FOODS_3_555,11610,1.68
CA_1,FOODS_3_555,11611,1.68
CA_1,FOODS_3_555,11612,1.68
CA_1,FOODS_3_555,11613,1.68
CA_1,FOODS_3_555,11614,1.68
CA_1,FOODS_3_555,11615,1.68
CA_1,FOODS_3_555,11616,1.68
CA_1,FOODS_3_555,11617,1.68
CA_1,FOODS_3_555,11618,1.68
CA_1,FOODS_3_555,11619,1.68
CA_1,FOODS_3_555,11620,1.68
CA_1,FOODS_3_555,11621,1.68
CA_1,FOODS_3_586,11101,1.48
CA_1,FOODS_3_586,11102,1.48
CA_1,FOODS_3_586,11103,1.48
CA_1,FOODS_3_586,11104,1.48
CA_1,FOODS_3_586,11105,1.48
CA_1,FOODS_3_586,11106,1.48
CA_1,FOODS_3_586,11107,1.48
CA_1,FOODS_3_586,11108,1.48
CA_1,FOODS_3_586,11109,1.48
CA_1,FOODS_3_586,11110,1.48
CA_1,FOODS_3_586,11111,1.48
CA_1,FOODS_3_586,11112,1.48
CA_1,FOODS_3_586,11113,1.48
CA_1,FOODS_3_586,11114,1.48
CA_1,FOODS_3_586,11115,1.48
CA_1,FOODS_3_586,11116,1.48
CA_1,FOODS_3_586,11117,1.48
CA_1,FOODS_3_586,11118,1.48
CA_1,FOODS_3_586,11119,1.48
CA_1,FOODS_3_586,11120,1.48
CA_1,FOODS_3_586,11121,1.48
CA_1,FOODS_3_586,11122,1.48
CA_1,FOODS_3_586,11123,1.48
CA_1,FOODS_3_586,11124,1.48
CA_1,FOODS_3_586,11125,1.48
CA_1,FOODS_3_586,11126,1.48
CA_1,FOODS_3_586,11127,1.48
CA_1,FOODS_3_586,11128,1.48
CA_1,FOODS_3_586,11129,1.48
CA_1,FOODS_3_586,11130,1.48
CA_1,FOODS_3_586,11131,1.48
CA_1,FOODS_3_586,11132,1.48
CA_1,FOODS_3_586,11133,1.48
CA_1,FOODS_3_586,11134,1.48
CA_1,FOODS_3_586,11135,1.48
CA_1,FOODS_3_586,11136,1.48
CA_1,FOODS_3_586,11137,1.48
CA_1,FOODS_3_586,11138,1.48
CA_1,FOODS_3_586,11139,1.48
CA_1,FOODS_3_586,11140,1.48
CA_1,FOODS_3_586,11141,1.48
CA_1,FOODS_3_586,11142,1.48
CA_1,FOODS_3_586,11143,1.48
CA_1,FOODS_3_586,11144,1.48
CA_1,FOODS_3_586,11145,1.48
CA_1,FOODS_3_586,11146,1.48
CA_1,FOODS_3_586,11147,1.48
CA_1,FOODS_3_586,11148,1.48
CA_1,FOODS_3_586,11149,1.48
CA_1,FOODS_3_586,11150,1.48
CA_1,FOODS_3_586,11151,1.48
CA_1,FOODS_3_586,11152,1.48
CA_1,FOODS_3_586,11201,1.48
CA_1,FOODS_3_586,11202,1.48
CA_1,FOODS_3_586,11203,1.48
CA_1,FOODS_3_586,11204,1.58
CA_1,FOODS_3_586,11205,1.58
CA_1,FOODS_3_586,11206,1.58
CA_1,FOODS_3_586,11207,1.58
CA_1,FOODS_3_586,11208,1.58
CA_1,FOODS_3_586,11209,1.58
CA_1,FOODS_3_586,11210,1.58
CA_1,FOODS_3_586,11211,1.58
CA_1,FOODS_3_586,11212,1.58
CA_1,FOODS_3_586,11213,1.58
CA_1,FOODS_3_586,11214,1.58
CA_1,FOODS_3_586,11215,1.58
CA_1,FOODS_3_586,11216,1.58
CA_1,FOODS_3_586,11217,1.58
CA_1,FOODS_3_586,11218,1.58
CA_1,FOODS_3_586,11219,1.58
CA_1,FOODS_3_586,11220,1.58
CA_1,FOODS_3_586,11221,1.58
CA_1,FOODS_3_586,11222,1.58
CA_1,FOODS_3_586,11223,1.58
CA_1,FOODS_3_586,11224,1.58
CA_1,FOODS_3_586,11225,1.58
CA_1,FOODS_3_586,11226,1.58
CA_1,FOODS_3_586,11227,1.58
CA_1,FOODS_3_586,11228,1.58
CA_1,FOODS_3_586,11229,1.58
CA_1,FOODS_3_586,11230,1.58
CA_1,FOODS_3_586,11231,1.58
CA_1,FOODS_3_586,11232,1.58
CA_1,FOODS_3_586,11233,1.58
CA_1,FOODS_3_586,11234,1.58
CA_1,FOODS_3_586,11235,1.58
CA_1,FOODS_3_586,11236,1.58
CA_1,FOODS_3_586,11237,1.58
CA_1,FOODS_3_586,11238,1.58
CA_1,FOODS_3_586,11239,1.58
CA_1,FOODS_3_586,11240,1.58
CA_1,FOODS_3_586,11241,1.58
CA_1,FOODS_3_586,11242,1.58
CA_1,FOODS_3_586,11243,1.58
CA_1,FOODS_3_586,11244,1.58
CA_1,FOODS_3_586,11245,1.58
CA_1,FOODS_3_586,11246,1.58
CA_1,FOODS_3_586,11247,1.58
CA_1,FOODS_3_586,11248,1.58
CA_1,FOODS_3_586,11249,1.58
CA_1,FOODS_3_586,11250,1.58
CA_1,FOODS_3_586,11251,1.58
CA_1,FOODS_3_586,11252,1.58
CA_1,FOODS_3_586,11301,1.58
CA_1,FOODS_3_586,11302,1.58
CA_1,FOODS_3_586,11303,1.58
CA_1,FOODS_3_586,11304,1.58
CA_1,FOODS_3_586,11305,1.58
CA_1,FOODS_3_586,11306,1.58
CA_1,FOODS_3_586,11307,1.58
CA_1,FOODS_3_586,11308,1.58
CA_1,FOODS_3_586,11309,1.58
CA_1,FOODS_3_586,11310,1.58
CA_1,FOODS_3_586,11311,1.58
CA_1,FOODS_3_586,11312,1.58
CA_1,FOODS_3_586,11313,1.58
CA_1,FOODS_3_586,11314,1.58
CA_1,FOODS_3_586,11315,1.58
CA_1,FOODS_3_586,11316,1.58
CA_1,FOODS_3_586,11317,1.58
CA_1,FOODS_3_586,11318,1.58
CA_1,FOODS_3_586,11319,1.58
CA_1,FOODS_3_586,11320,1.58
CA_1,FOODS_3_586,11321,1.58
CA_1,FOODS_3_586,11322,1.58
CA_1,FOODS_3_586,11323,1.58
CA_1,FOODS_3_586,11324,1.58
CA_1,FOODS_3_586,11325,1.58
CA_1,FOODS_3_586,11326,1.58
CA_1,FOODS_3_586,11327,1.58
CA_1,FOODS_3_586,11328,1.58
CA_1,FOODS_3_586,11329,1.58
CA_1,FOODS_3_586,11330,1.58
CA_1,FOODS_3_586,11331,1.58
CA_1,FOODS_3_586,11332,1.58
CA_1,FOODS_3_586,11333,1.58
CA_1,FOODS_3_586,11334,1.58
CA_1,FOODS_3_586,11335,1.58
CA_1,FOODS_3_586,11336,1.58
CA_1,FOODS_3_586,11337,1.58
CA_1,FOODS_3_586,11338,1.58
CA_1,FOODS_3_586,11339,1.58
CA_1,FOODS_3_586,11340,1.58
CA_1,FOODS_3_586,11341,1.58
CA_1,FOODS_3_586,11342,1.58
CA_1,FOODS_3_586,11343,1.58
CA_1,FOODS_3_586,11344,1.58
CA_1,FOODS_3_586,11345,1.58
CA_1,FOODS_3_586,11346,1.58
CA_1,FOODS_3_586,11347,1.58
CA_1,FOODS_3_586,11348,1.58
CA_1,FOODS_3_586,11349,1.58
CA_1,FOODS_3_586,11350,1.58
CA_1,FOODS_3_586,11351,1.58
CA_1,FOODS_3_586,11352,1.58
CA_1,FOODS_3_586,11353,1.58
CA_1,FOODS_3_586,11401,1.58
CA_1,FOODS_3_586,11402,1.58
CA_1,FOODS_3_586,11403,1.58
CA_1,FOODS_3_586,11404,1.58
CA_1,FOODS_3_586,11405,1.58
CA_1,FOODS_3_586,11406,1.58
CA_1,FOODS_3_586,11407,1.58
CA_1,FOODS_3_586,11408,1.58
CA_1,FOODS_3_586,11409,1.58
CA_1,FOODS_3_586,11410,1.58
CA_1,FOODS_3_586,11411,1.58
CA_1,FOODS_3_586,11412,1.58
CA_1,FOODS_3_586,11413,1.58
CA_1,FOODS_3_586,11414,1.58
CA_1,FOODS_3_586,11415,1.58
CA_1,FOODS_3_586,11416,1.58
CA_1,FOODS_3_586,11417,1.58
CA_1,FOODS_3_586,11418,1.58
CA_1,FOODS_3_586,11419,1.58
CA_1,FOODS_3_586,11420,1.58
CA_1,FOODS_3_586,11421,1.58
CA_1,FOODS_3_586,11422,1.58
CA_1,FOODS_3_586,11423,1.58
CA_1,FOODS_3_586,11424,1.58
CA_1,FOODS_3_586,11425,1.58
CA_1,FOODS_3_586,11426,1.68
CA_1,FOODS_3_586,11427,1.68
CA_1,FOODS_3_586,11428,1.68
CA_1,FOODS_3_586,11429,1.68
CA_1,FOODS_3_586,11430,1.68
CA_1,FOODS_3_586,11431,1.68
CA_1,FOODS_3_586,11432,1.68
CA_1,FOODS_3_586,11433,1.68
CA_1,FOODS_3_586,11434,1.68
CA_1,FOODS_3_586,11435,1.68
CA_1,FOODS_3_586,11436,1.68
CA_1,FOODS_3_586,11437,1.68
CA_1,FOODS_3_586,11438,1.68
CA_1,FOODS_3_586,11439,1.68
CA_1,FOODS_3_586,11440,1.68
CA_1,FOODS_3_586,11441,1.68
CA_1,FOODS_3_586,11442,1.68
CA_1,FOODS_3_586,11443,1.68
CA_1,FOODS_3_586,11444,1.68
CA_1,FOODS_3_586,11445,1.68
CA_1,FOODS_3_586,11446,1.68
CA_1,FOODS_3_586,11447,1.68
CA_1,FOODS_3_586,11448,1.68
CA_1,FOODS_3_586,11449,1.68
CA_1,FOODS_3_586,11450,1.68
CA_1,FOODS_3_586,11451,1.68
CA_1,FOODS_3_586,11452,1.68
CA_1,FOODS_3_586,11501,1.68
CA_1,FOODS_3_586,11502,1.68
CA_1,FOODS_3_586,11503,1.68
CA_1,FOODS_3_586,11504,1.68
CA_1,FOODS_3_586,11505,1.68
CA_1,FOODS_3_586,11506,1.68
CA_1,FOODS_3_586,11507,1.68
CA_1,FOODS_3_586,11508,1.68
CA_1,FOODS_3_586,11509,1.68
CA_1,FOODS_3_586,11510,1.68
CA_1,FOODS_3_586,11511,1.68
CA_1,FOODS_3_586,11512,1.68
CA_1,FOODS_3_586,11513,1.68
CA_1,FOODS_3_586,11514,1.68
CA_1,FOODS_3_586,11515,1.68
CA_1,FOODS_3_586,11516,1.68
CA_1,FOODS_3_586,11517,1.68
CA_1,FOODS_3_586,11518,1.68
CA_1,FOODS_3_586,11519,1.68
CA_1,FOODS_3_586,11520,1.68
CA_1,FOODS_3_586,11521,1.68
CA_1,FOODS_3_586,11522,1.68
CA_1,FOODS_3_586,11523,1.68
CA_1,FOODS_3_586,11524,1.68
CA_1,FOODS_3_586,11525,1.68
CA_1,FOODS_3_586,11526,1.68
CA_1,FOODS_3_586,11527,1.68
CA_1,FOODS_3_586,11528,1.68
CA_1,FOODS_3_586,11529,1.68
CA_1,FOODS_3_586,11530,1.68
CA_1,FOODS_3_586,11531,1.68
CA_1,FOODS_3_586,11532,1.68
CA_1,FOODS_3_586,11533,1.68
CA_1,FOODS_3_586,11534,1.68
CA_1,FOODS_3_586,11535,1.68
CA_1,FOODS_3_586,11536,1.68
CA_1,FOODS_3_586,11537,1.68
CA_1,FOODS_3_586,11538,1.68
CA_1,FOODS_3_586,11539,1.68
CA_1,FOODS_3_586,11540,1.68
CA_1,FOODS_3_586,11541,1.68
CA_1,FOODS_3_586,11542,1.68
CA_1,FOODS_3_586,11543,1.68
CA_1,FOODS_3_586,11544,1.68
CA_1,FOODS_3_586,11545,1.68
CA_1,FOODS_3_586,11546,1.68
CA_1,FOODS_3_586,11547,1.68
CA_1,FOODS_3_586,11548,1.68
CA_1,FOODS_3_586,11549,1.68
CA_1,FOODS_3_586,11550,1.68
CA_1,FOODS_3_586,11551,1.68
CA_1,FOODS_3_586,11552,1.68
CA_1,FOODS_3_586,11601,1.68
CA_1,FOODS_3_586,11602,1.68
CA_1,FOODS_3_586,11603,1.68
CA_1,FOODS_3_586,11604,1.68
CA_1,FOODS_3_586,11605,1.68
CA_1,FOODS_3_586,11606,1.68
CA_1,FOODS_3_586,11607,1.68
CA_1,FOODS_3_586,11608,1.68
CA_1,FOODS_3_586,11609,1.68
CA_1,FOODS_3_586,11610,1.68
CA_1,FOODS_3_586,11611,1.68
CA_1,FOODS_3_586,11612,1.68
CA_1,FOODS_3_586,11613,1.68
CA_1,FOODS_3_586,11614,1.68
CA_1,FOODS_3_586,11615,1.68
CA_1,FOODS_3_586,11616,1.68
CA_1,FOODS_3_586,11617,1.68
CA_1,FOODS_3_586,11618,1.68
CA_1,FOODS_3_586,11619,1.68
CA_1,FOODS_3_586,11620,1.68
CA_1,FOODS_3_586,11621,1.68
CA_1,FOODS_3_587,11101,2.28
CA_1,FOODS_3_587,11102,2.48
CA_1,FOODS_3_587,11103,2.48
CA_1,FOODS_3_587,11104,2.48
CA_1,FOODS_3_587,11105,2.48
CA_1,FOODS_3_587,11106,2.48
CA_1,FOODS_3_587,11107,2.48
CA_1,FOODS_3_587,11108,2.48
CA_1,FOODS_3_587,11109,2.48
CA_1,FOODS_3_587,11110,2.48
CA_1,FOODS_3_587,11111,2.48
CA_1,FOODS_3_587,11112,2.48
CA_1,FOODS_3_587,11113,2.48
CA_1,FOODS_3_587,11114,2.48
CA_1,FOODS_3_587,11115,2.48
CA_1,FOODS_3_587,11116,2.48
CA_1,FOODS_3_587,11117,2.48
CA_1,FOODS_3_587,11118,2.48
CA_1,FOODS_3_587,11119,2.48
CA_1,FOODS_3_587,11120,2.48
CA_1,FOODS_3_587,11121,2.48
CA_1,FOODS_3_587,11122,2.48
CA_1,FOODS_3_587,11123,2.48
CA_1,FOODS_3_587,11124,2.48
CA_1,FOODS_3_587,11125,2.48
CA_1,FOODS_3_587,11126,2.48
CA_1,FOODS_3_587,11127,2.48
CA_1,FOODS_3_587,11128,2.48
CA_1,FOODS_3_587,11129,2.48
CA_1,FOODS_3_587,11130,2.48
CA_1,FOODS_3_587,11131,2.48
CA_1,FOODS_3_587,11132,2.48
CA_1,FOODS_3_587,11133,2.48
CA_1,FOODS_3_587,11134,2.48
CA_1,FOODS_3_587,11135,2.48
CA_1,FOODS_3_587,11136,2.48
CA_1,FOODS_3_587,11137,2.48
CA_1,FOODS_3_587,11138,2.48
CA_1,FOODS_3_587,11139,2.48
CA_1,FOODS_3_587,11140,2.48
CA_1,FOODS_3_587,11141,2.48
CA_1,FOODS_3_587,11142,2.48
CA_1,FOODS_3_587,11143,2.48
CA_1,FOODS_3_587,11144,2.48
CA_1,FOODS_3_587,11145,2.48
CA_1,FOODS_3_587,11146,2.48
CA_1,FOODS_3_587,11147,2.68
CA_1,FOODS_3_587,11148,2.68
CA_1,FOODS_3_587,11149,2.68
CA_1,FOODS_3_587,11150,2.68
CA_1,FOODS_3_587,11151,2.68
CA_1,FOODS_3_587,11152,2.68
CA_1,FOODS_3_587,11201,2.68
CA_1,FOODS_3_587,11202,2.68
CA_1,FOODS_3_587,11203,2.68
CA_1,FOODS_3_587,11204,2.68
CA_1,FOODS_3_587,11205,2.68
CA_1,FOODS_3_587,11206,2.68
CA_1,FOODS_3_587,11207,2.68
CA_1,FOODS_3_587,11208,2.68
CA_1,FOODS_3_587,11209,2.68
CA_1,FOODS_3_587,11210,2.68
CA_1,FOODS_3_587,11211,2.68
CA_1,FOODS_3_587,11212,2.68
CA_1,FOODS_3_587,11213,2.68
CA_1,FOODS_3_587,11214,2.68
CA_1,FOODS_3_587,11215,2.68
CA_1,FOODS_3_587,11216,2.68
CA_1,FOODS_3_587,11217,2.68
CA_1,FOODS_3_587,11218,2.68
CA_1,FOODS_3_587,11219,2.68
CA_1,FOODS_3_587,11220,2.68
CA_1,FOODS_3_587,11221,2.68
CA_1,FOODS_3_587,11222,2.68
CA_1,FOODS_3_587,11223,2.68
CA_1,FOODS_3_587,11224,2.68
CA_1,FOODS_3_587,11225,2.68
CA_1,FOODS_3_587,11226,2.68
CA_1,FOODS_3_587,11227,2.68
CA_1,FOODS_3_587,11228,2.68
CA_1,FOODS_3_587,11229,2.68
CA_1,FOODS_3_587,11230,2.68
CA_1,FOODS_3_587,11231,2.68
CA_1,FOODS_3_587,11232,2.68
CA_1,FOODS_3_587,11233,2.68
CA_1,FOODS_3_587,11234,2.68
CA_1,FOODS_3_587,11235,2.68
CA_1,FOODS_3_587,11236,2.68
CA_1,FOODS_3_587,11237,2.68
CA_1,FOODS_3_587,11238,2.68
CA_1,FOODS_3_587,11239,2.68
CA_1,FOODS_3_587,11240,2.68
CA_1,FOODS_3_587,11241,2.68
CA_1,FOODS_3_587,11242,2.68
CA_1,FOODS_3_587,11243,2.68
CA_1,FOODS_3_587,11244,2.68
CA_1,FOODS_3_587,11245,2.68
CA_1,FOODS_3_587,11246,2.68
CA_1,FOODS_3_587,11247,2.68
CA_1,FOODS_3_587,11248,2.68
CA_1,FOODS_3_587,11249,2.68
CA_1,FOODS_3_587,11250,2.68
CA_1,FOODS_3_587,11251,2.68
CA_1,FOODS_3_587,11252,2.68
CA_1,FOODS_3_587,11301,2.68
CA_1,FOODS_3_587,11302,2.68
CA_1,FOODS_3_587,11303,2.68
CA_1,FOODS_3_587,11304,2.68
CA_1,FOODS_3_587,11305,2.68
CA_1,FOODS_3_587,11306,2.68
CA_1,FOODS_3_587,11307,2.68
CA_1,FOODS_3_587,11308,2.68
CA_1,FOODS_3_587,11309,2.68
CA_1,FOODS_3_587,11310,2.68
CA_1,FOODS_3_587,11311,2.68
CA_1,FOODS_3_587,11312,2.68
CA_1,FOODS_3_587,11313,2.68
CA_1,FOODS_3_587,11314,2.68
CA_1,FOODS_3_587,11315,2.68
CA_1,FOODS_3_587,11316,2.68
CA_1,FOODS_3_587,11317,2.68
CA_1,FOODS_3_587,11318,2.68
CA_1,FOODS_3_587,11319,2.68
CA_1,FOODS_3_587,11320,2.68
CA_1,FOODS_3_587,11321,2.68
CA_1,FOODS_3_587,11322,2.68
CA_1,FOODS_3_587,11323,2.68
CA_1,FOODS_3_587,11324,2.68
CA_1,FOODS_3_587,11325,2.68
CA_1,FOODS_3_587,11326,2.68
CA_1,FOODS_3_587,11327,2.68
CA_1,FOODS_3_587,11328,2.68
CA_1,FOODS_3_587,11329,2.68
CA_1,FOODS_3_587,11330,2.68
CA_1,FOODS_3_587,11331,2.68
CA_1,FOODS_3_587,11332,2.68
CA_1,FOODS_3_587,11333,2.68
CA_1,FOODS_3_587,11334,2.68
CA_1,FOODS_3_587,11335,2.68
CA_1,FOODS_3_587,11336,2.68
CA_1,FOODS_3_587,11337,2.68
CA_1,FOODS_3_587,11338,2.68
CA_1,FOODS_3_587,11339,2.68
CA_1,FOODS_3_587,11340,2.68
CA_1,FOODS_3_587,11341,2.68
CA_1,FOODS_3_587,11342,2.68
CA_1,FOODS_3_587,11343,2.68
CA_1,FOODS_3_587,11344,2.68
CA_1,FOODS_3_587,11345,2.68
CA_1,FOODS_3_587,11346,2.68
CA_1,FOODS_3_587,11347,2.68
CA_1,FOODS_3_587,11348,2.68
CA_1,FOODS_3_587,11349,2.68
CA_1,FOODS_3_587,11350,2.68
CA_1,FOODS_3_587,11351,2.68
CA_1,FOODS_3_587,11352,2.68
CA_1,FOODS_3_587,11353,2.48
CA_1,FOODS_3_587,11401,2.48
CA_1,FOODS_3_587,11402,2.48
CA_1,FOODS_3_587,11403,2.48
CA_1,FOODS_3_587,11404,2.48
CA_1,FOODS_3_587,11405,2.48
CA_1,FOODS_3_587,11406,2.48
CA_1,FOODS_3_587,11407,2.48
CA_1,FOODS_3_587,11408,2.48
CA_1,FOODS_3_587,11409,2.48
CA_1,FOODS_3_587,11410,2.48
CA_1,FOODS_3_587,11411,2.48
CA_1,FOODS_3_587,11412,2.48
CA_1,FOODS_3_587,11413,2.48
CA_1,FOODS_3_587,11414,2.48
CA_1,FOODS_3_587,11415,2.48
CA_1,FOODS_3_587,11416,2.48
CA_1,FOODS_3_587,11417,2.48
CA_1,FOODS_3_587,11418,2.48
CA_1,FOODS_3_587,11419,2.48
CA_1,FOODS_3_587,11420,2.48
CA_1,FOODS_3_587,11421,2.48
CA_1,FOODS_3_587,11422,2.48
CA_1,FOODS_3_587,11423,2.48
CA_1,FOODS_3_587,11424,2.48
CA_1,FOODS_3_587,11425,2.48
CA_1,FOODS_3_587,11426,2.48
CA_1,FOODS_3_587,11427,2.48
CA_1,FOODS_3_587,11428,2.48
CA_1,FOODS_3_587,11429,2.48
CA_1,FOODS_3_587,11430,2.48
CA_1,FOODS_3_587,11431,2.48
CA_1,FOODS_3_587,11432,2.48
CA_1,FOODS_3_587,11433,2.48
CA_1,FOODS_3_587,11434,2.48
CA_1,FOODS_3_587,11435,2.48
CA_1,FOODS_3_587,11436,2.48
CA_1,FOODS_3_587,11437,2.48
CA_1,FOODS_3_587,11438,2.48
CA_1,FOODS_3_587,11439,2.48
CA_1,FOODS_3_587,11440,2.48
CA_1,FOODS_3_587,11441,2.48
CA_1,FOODS_3_587,11442,2.48
CA_1,FOODS_3_587,11443,2.48
CA_1,FOODS_3_587,11444,2.48
CA_1,FOODS_3_587,11445,2.48
CA_1,FOODS_3_587,11446,2.48
CA_1,FOODS_3_587,11447,2.48
CA_1,FOODS_3_587,11448,2.48
CA_1,FOODS_3_587,11449,2.48
CA_1,FOODS_3_587,11450,2.48
CA_1,FOODS_3_587,11451,2.48
CA_1,FOODS_3_587,11452,2.48
CA_1,FOODS_3_587,11501,2.48
CA_1,FOODS_3_587,11502,2.48
CA_1,FOODS_3_587,11503,2.48
CA_1,FOODS_3_587,11504,2.48
CA_1,FOODS_3_587,11505,2.48
CA_1,FOODS_3_587,11506,2.48
CA_1,FOODS_3_587,11507,2.48
CA_1,FOODS_3_587,11508,2.48
CA_1,FOODS_3_587,11509,2.48
CA_1,FOODS_3_587,11510,2.48
CA_1,FOODS_3_587,11511,2.48
CA_1,FOODS_3_587,11512,2.48
CA_1,FOODS_3_587,11513,2.48
CA_1,FOODS_3_587,11514,2.48
CA_1,FOODS_3_587,11515,2.48
CA_1,FOODS_3_587,11516,2.48
CA_1,FOODS_3_587,11517,2.48
CA_1,FOODS_3_587,11518,2.48
CA_1,FOODS_3_587,11519,2.48
CA_1,FOODS_3_587,11520,2.48
CA_1,FOODS_3_587,11521,2.48
CA_1,FOODS_3_587,11522,2.48
CA_1,FOODS_3_587,11523,2.48
CA_1,FOODS_3_587,11524,2.48
CA_1,FOODS_3_587,11525,2.48
CA_1,FOODS_3_587,11526,2.48
CA_1,FOODS_3_587,11527,2.48
CA_1,FOODS_3_587,11528,2.48
CA_1,FOODS_3_587,11529,2.48
CA_1,FOODS_3_587,11530,2.48
CA_1,FOODS_3_587,11531,2.48
CA_1,FOODS_3_587,11532,2.48
CA_1,FOODS_3_587,11533,2.48
CA_1,FOODS_3_587,11534,2.48
CA_1,FOODS_3_587,11535,2.48
CA_1,FOODS_3_587,11536,2.48
CA_1,FOODS_3_587,11537,2.48
CA_1,FOODS_3_587,11538,2.48
CA_1,FOODS_3_587,11539,2.48
CA_1,FOODS_3_587,11540,2.48
CA_1,FOODS_3_587,11541,2.48
CA_1,FOODS_3_587,11542,2.48
CA_1,FOODS_3_587,11543,2.48
CA_1,FOODS_3_587,11544,2.48
CA_1,FOODS_3_587,11545,2.48
CA_1,FOODS_3_587,11546,2.48
CA_1,FOODS_3_587,11547,2.48
CA_1,FOODS_3_587,11548,2.48
CA_1,FOODS_3_587,11549,2.48
CA_1,FOODS_3_587,11550,2.48
CA_1,FOODS_3_587,11551,2.48
CA_1,FOODS_3_587,11552,2.48
CA_1,FOODS_3_587,11601,2.48
CA_1,FOODS_3_587,11602,2.48
CA_1,FOODS_3_587,11603,2.48
CA_1,FOODS_3_587,11604,2.48
CA_1,FOODS_3_587,11605,2.48
CA_1,FOODS_3_587,11606,2.48
CA_1,FOODS_3_587,11607,2.48
CA_1,FOODS_3_587,11608,2.48
CA_1,FOODS_3_587,11609,2.48
CA_1,FOODS_3_587,11610,2.48
CA_1,FOODS_3_587,11611,2.48
CA_1,FOODS_3_587,11612,2.48
CA_1,FOODS_3_587,11613,2.48
CA_1,FOODS_3_587,11614,2.48
CA_1,FOODS_3_587,11615,2.48
CA_1,FOODS_3_587,11616,2.48
CA_1,FOODS_3_587,11617,2.48
CA_1,FOODS_3_587,11618,2.48
CA_1,FOODS_3_587,11619,2.48
CA_1,FOODS_3_587,11620,2.48
CA_1,FOODS_3_587,11621,2.48
CA_1,FOODS_3_607,11201,2.48
CA_1,FOODS_3_607,11202,2.48
CA_1,FOODS_3_607,11203,2.48
CA_1,FOODS_3_607,11204,2.48
CA_1,FOODS_3_607,11205,2.48
CA_1,FOODS_3_607,11206,2.48
CA_1,FOODS_3_607,11207,2.48
CA_1,FOODS_3_607,11208,2.48
CA_1,FOODS_3_607,11209,2.48
CA_1,FOODS_3_607,11210,2.48
CA_1,FOODS_3_607,11211,2.48
CA_1,FOODS_3_607,11212,2.48
CA_1,FOODS_3_607,11213,2.48
CA_1,FOODS_3_607,11214,2.48
CA_1,FOODS_3_607,11215,2.48
CA_1,FOODS_3_607,11216,2.48
CA_1,FOODS_3_607,11217,2.48
CA_1,FOODS_3_607,11218,2.48
CA_1,FOODS_3_607,11219,2.48
CA_1,FOODS_3_607,11220,2.48
CA_1,FOODS_3_607,11221,2.48
CA_1,FOODS_3_607,11222,2.48
CA_1,FOODS_3_607,11223,2.48
CA_1,FOODS_3_607,11224,2.48
CA_1,FOODS_3_607,11225,2.48
CA_1,FOODS_3_607,11226,2.48
CA_1,FOODS_3_607,11227,2.48
CA_1,FOODS_3_607,11228,2.48
CA_1,FOODS_3_607,11229,2.48
CA_1,FOODS_3_607,11230,2.48
CA_1,FOODS_3_607,11231,2.48
CA_1,FOODS_3_607,11232,2.48
CA_1,FOODS_3_607,11233,2.48
CA_1,FOODS_3_607,11234,2.48
CA_1,FOODS_3_607,11235,2.48
CA_1,FOODS_3_607,11236,2.48
CA_1,FOODS_3_607,11237,2.48
CA_1,FOODS_3_607,11238,2.48
CA_1,FOODS_3_607,11239,2.48
CA_1,FOODS_3_607,11240,2.48
CA_1,FOODS_3_607,11241,2.48
CA_1,FOODS_3_607,11242,2.48
CA_1,FOODS_3_607,11243,2.48
CA_1,FOODS_3_607,11244,2.48
CA_1,FOODS_3_607,11245,2.48
CA_1,FOODS_3_607,11246,2.48
CA_1,FOODS_3_607,11247,2.48
CA_1,FOODS_3_607,11248,2.48
CA_1,FOODS_3_607,11249,2.48
CA_1,FOODS_3_607,11250,2.48
CA_1,FOODS_3_607,11251,2.48
CA_1,FOODS_3_607,11252,2.48
CA_1,FOODS_3_607,11301,2.48
CA_1,FOODS_3_607,11302,2.48
CA_1,FOODS_3_607,11303,2.48
CA_1,FOODS_3_607,11304,2.48
CA_1,FOODS_3_607,11305,2.48
CA_1,FOODS_3_607,11306,2.48
CA_1,FOODS_3_607,11307,2.48
CA_1,FOODS_3_607,11308,2.48
CA_1,FOODS_3_607,11309,2.48
CA_1,FOODS_3_607,11310,2.48
CA_1,FOODS_3_607,11311,2.48
CA_1,FOODS_3_607,11312,2.18
CA_1,FOODS_3_607,11313,2.18
CA_1,FOODS_3_607,11314,2.18
CA_1,FOODS_3_607,11315,2.18
CA_1,FOODS_3_607,11316,2.18
CA_1,FOODS_3_607,11317,2.18
CA_1,FOODS_3_607,11318,2.18
CA_1,FOODS_3_607,11319,2.18
CA_1,FOODS_3_607,11320,2.18
CA_1,FOODS_3_607,11321,2.18
CA_1,FOODS_3_607,11322,2.18
CA_1,FOODS_3_607,11323,2.18
CA_1,FOODS_3_607,11324,2.18
CA_1,FOODS_3_607,11325,2.18
CA_1,FOODS_3_607,11326,2.18
CA_1,FOODS_3_607,11327,2.18
CA_1,FOODS_3_607,11328,2.18
CA_1,FOODS_3_607,11329,2.18
CA_1,FOODS_3_607,11330,2.18
CA_1,FOODS_3_607,11331,1.98
CA_1,FOODS_3_607,11332,1.98
CA_1,FOODS_3_607,11333,1.98
CA_1,FOODS_3_607,11334,1.98
CA_1,FOODS_3_607,11335,1.98
CA_1,FOODS_3_607,11336,1.98
CA_1,FOODS_3_607,11337,1.98
CA_1,FOODS_3_607,11338,1.98
CA_1,FOODS_3_607,11339,1.98
CA_1,FOODS_3_607,11340,1.98
CA_1,FOODS_3_607,11341,1.98
CA_1,FOODS_3_607,11342,1.98
CA_1,FOODS_3_607,11343,1.98
CA_1,FOODS_3_607,11344,1.98
CA_1,FOODS_3_607,11345,1.98
CA_1,FOODS_3_607,11346,1.98
CA_1,FOODS_3_607,11347,1.98
CA_1,FOODS_3_607,11348,1.98
CA_1,FOODS_3_607,11349,1.98
CA_1,FOODS_3_607,11350,1.98
CA_1,FOODS_3_607,11351,1.98
CA_1,FOODS_3_607,11352,1.98
CA_1,FOODS_3_607,11353,1.98
CA_1,FOODS_3_607,11401,1.98
CA_1,FOODS_3_607,11402,1.98
CA_1,FOODS_3_607,11403,1.98
CA_1,FOODS_3_607,11404,1.98
CA_1,FOODS_3_607,11405,1.98
CA_1,FOODS_3_607,11406,1.98
CA_1,FOODS_3_607,11407,1.98
CA_1,FOODS_3_607,11408,1.98
CA_1,FOODS_3_607,11409,1.98
CA_1,FOODS_3_607,11410,1.98
CA_1,FOODS_3_607,11411,1.98
CA_1,FOODS_3_607,11412,1.98
CA_1,FOODS_3_607,11413,1.98
CA_1,FOODS_3_607,11414,1.98
CA_1,FOODS_3_607,11415,1.98
CA_1,FOODS_3_607,11416,1.98
CA_1,FOODS_3_607,11417,1.98
CA_1,FOODS_3_607,11418,1.98
CA_1,FOODS_3_607,11419,1.98
CA_1,FOODS_3_607,11420,1.98
CA_1,FOODS_3_607,11421,1.98
CA_1,FOODS_3_607,11422,1.98
CA_1,FOODS_3_607,11423,1.98
CA_1,FOODS_3_607,11424,1.98
CA_1,FOODS_3_607,11425,1.98
CA_1,FOODS_3_607,11426,1.98
CA_1,FOODS_3_607,11427,1.98
CA_1,FOODS_3_607,11428,1.98
CA_1,FOODS_3_607,11429,1.98
CA_1,FOODS_3_607,11430,1.98
CA_1,FOODS_3_607,11431,1.98
CA_1,FOODS_3_607,11432,1.98
CA_1,FOODS_3_607,11433,1.98
CA_1,FOODS_3_607,11434,1.98
CA_1,FOODS_3_607,11435,1.98
CA_1,FOODS_3_607,11436,1.98
CA_1,FOODS_3_607,11437,1.98
CA_1,FOODS_3_607,11438,1.98
CA_1,FOODS_3_607,11439,1.98
CA_1,FOODS_3_607,11440,1.98
CA_1,FOODS_3_607,11441,1.98
CA_1,FOODS_3_607,11442,1.98
CA_1,FOODS_3_607,11443,1.98
CA_1,FOODS_3_607,11444,1.98
CA_1,FOODS_3_607,11445,1.98
CA_1,FOODS_3_607,11446,1.98
CA_1,FOODS_3_607,11447,1.98
CA_1,FOODS_3_607,11448,1.98
CA_1,FOODS_3_607,11449,1.98
CA_1,FOODS_3_607,11450,1.98
CA_1,FOODS_3_607,11451,1.98
CA_1,FOODS_3_607,11452,1.98
CA_1,FOODS_3_607,11501,1.98
CA_1,FOODS_3_607,11502,1.98
CA_1,FOODS_3_607,11503,1.98
CA_1,FOODS_3_607,11504,1.98
CA_1,FOODS_3_607,11505,1.98
CA_1,FOODS_3_607,11506,1.98
CA_1,FOODS_3_607,11507,1.98
CA_1,FOODS_3_607,11508,1.98
CA_1,FOODS_3_607,11509,1.98
CA_1,FOODS_3_607,11510,1.98
CA_1,FOODS_3_607,11511,1.98
CA_1,FOODS_3_607,11512,1.98
CA_1,FOODS_3_607,11513,1.98
CA_1,FOODS_3_607,11514,1.98
CA_1,FOODS_3_607,11515,2.48
CA_1,FOODS_3_607,11516,2.48
CA_1,FOODS_3_607,11517,2.48
CA_1,FOODS_3_607,11518,2.48
CA_1,FOODS_3_607,11519,2.48
CA_1,FOODS_3_607,11520,2.48
CA_1,FOODS_3_607,11521,2.48
CA_1,FOODS_3_607,11522,2.48
CA_1,FOODS_3_607,11523,2.48
CA_1,FOODS_3_607,11524,2.48
CA_1,FOODS_3_607,11525,2.48
CA_1,FOODS_3_607,11526,2.48
CA_1,FOODS_3_607,11527,2.48
CA_1,FOODS_3_607,11528,2.48
CA_1,FOODS_3_607,11529,2.48
CA_1,FOODS_3_607,11530,2.48
CA_1,FOODS_3_607,11531,2.48
CA_1,FOODS_3_607,11532,2.48
CA_1,FOODS_3_607,11533,2.48
CA_1,FOODS_3_607,11534,2.48
CA_1,FOODS_3_607,11535,2.48
CA_1,FOODS_3_607,11536,2.48
CA_1,FOODS_3_607,11537,2.48
CA_1,FOODS_3_607,11538,2.48
CA_1,FOODS_3_607,11539,2.48
CA_1,FOODS_3_607,11540,2.48
CA_1,FOODS_3_607,11541,2.48
CA_1,FOODS_3_607,11542,2.48
CA_1,FOODS_3_607,11543,2.48
CA_1,FOODS_3_607,11544,2.48
CA_1,FOODS_3_607,11545,2.48
CA_1,FOODS_3_607,11546,2.48
CA_1,FOODS_3_607,11547,2.48
CA_1,FOODS_3_607,11548,2.48
CA_1,FOODS_3_607,11549,2.48
CA_1,FOODS_3_607,11550,2.48
CA_1,FOODS_3_607,11551,2.48
CA_1,FOODS_3_607,11552,2.48
CA_1,FOODS_3_607,11601,2.48
CA_1,FOODS_3_607,11602,2.48
CA_1,FOODS_3_607,11603,2.48
CA_1,FOODS_3_607,11604,2.48
CA_1,FOODS_3_607,11605,2.48
CA_1,FOODS_3_607,11606,2.48
CA_1,FOODS_3_607,11607,2.48
CA_1,FOODS_3_607,11608,2.48
CA_1,FOODS_3_607,11609,2.48
CA_1,FOODS_3_607,11610,2.48
CA_1,FOODS_3_607,11611,2.48
CA_1,FOODS_3_607,11612,2.48
CA_1,FOODS_3_607,11613,2.48
CA_1,FOODS_3_607,11614,2.48
CA_1,FOODS_3_607,11615,2.48
CA_1,FOODS_3_607,11616,2.48
CA_1,FOODS_3_607,11617,2.48
CA_1,FOODS_3_607,11618,2.48
CA_1,FOODS_3_607,11619,2.48
CA_1,FOODS_3_607,11620,2.48
CA_1,FOODS_3_607,11621,2.48
CA_1,FOODS_3_635,11101,1.0
CA_1,FOODS_3_635,11102,1.0
CA_1,FOODS_3_635,11103,1.0
CA_1,FOODS_3_635,11104,1.0
CA_1,FOODS_3_635,11105,1.0
CA_1,FOODS_3_635,11106,1.0
CA_1,FOODS_3_635,11107,1.0
CA_1,FOODS_3_635,11108,1.0
CA_1,FOODS_3_635,11109,1.0
CA_1,FOODS_3_635,11110,1.0
CA_1,FOODS_3_635,11111,1.0
CA_1,FOODS_3_635,11112,1.0
CA_1,FOODS_3_635,11113,1.0
CA_1,FOODS_3_635,11114,1.0
CA_1,FOODS_3_635,11115,1.0
CA_1,FOODS_3_635,11116,1.0
CA_1,FOODS_3_635,11117,1.0
CA_1,FOODS_3_635,11118,1.0
CA_1,FOODS_3_635,11119,1.0
CA_1,FOODS_3_635,11120,1.0
CA_1,FOODS_3_635,11121,1.0
CA_1,FOODS_3_635,11122,1.0
CA_1,FOODS_3_635,11123,1.0
CA_1,FOODS_3_635,11124,1.0
CA_1,FOODS_3_635,11125,1.0
CA_1,FOODS_3_635,11126,1.0
CA_1,FOODS_3_635,11127,1.0
CA_1,FOODS_3_635,11128,1.0
CA_1,FOODS_3_635,11129,1.0
CA_1,FOODS_3_635,11130,1.0
CA_1,FOODS_3_635,11131,1.0
CA_1,FOODS_3_635,11132,1.0
CA_1,FOODS_3_635,11133,1.0
CA_1,FOODS_3_635,11134,1.0
CA_1,FOODS_3_635,11135,1.0
CA_1,FOODS_3_635,11136,1.0
CA_1,FOODS_3_635,11137,1.0
CA_1,FOODS_3_635,11138,1.0
CA_1,FOODS_3_635,11139,1.0
CA_1,FOODS_3_635,11140,1.0
CA_1,FOODS_3_635,11141,1.06
CA_1,FOODS_3_635,11142,1.06
CA_1,FOODS_3_635,11143,1.0
CA_1,FOODS_3_635,11144,1.0
CA_1,FOODS_3_635,11145,1.0
CA_1,FOODS_3_635,11146,1.0
CA_1,FOODS_3_635,11147,1.0
CA_1,FOODS_3_635,11148,1.0
CA_1,FOODS_3_635,11149,1.0
CA_1,FOODS_3_635,11150,1.0
CA_1,FOODS_3_635,11151,1.0
CA_1,FOODS_3_635,11152,1.0
CA_1,FOODS_3_635,11201,1.0
CA_1,FOODS_3_635,11202,1.0
CA_1,FOODS_3_635,11203,1.0
CA_1,FOODS_3_635,11204,1.0
CA_1,FOODS_3_635,11205,1.0
CA_1,FOODS_3_635,11206,1.0
CA_1,FOODS_3_635,11207,1.0
CA_1,FOODS_3_635,11208,1.0
CA_1,FOODS_3_635,11209,1.0
CA_1,FOODS_3_635,11210,1.0
CA_1,FOODS_3_635,11211,1.0
CA_1,FOODS_3_635,11212,1.0
CA_1,FOODS_3_635,11213,1.0
CA_1,FOODS_3_635,11214,1.0
CA_1,FOODS_3_635,11215,1.0
CA_1,FOODS_3_635,11216,1.0
CA_1,FOODS_3_635,11217,1.0
CA_1,FOODS_3_635,11218,1.0
CA_1,FOODS_3_635,11219,1.0
CA_1,FOODS_3_635,11220,1.0
CA_1,FOODS_3_635,11221,1.0
CA_1,FOODS_3_635,11222,1.0
CA_1,FOODS_3_635,11223,1.0
CA_1,FOODS_3_635,11224,1.0
CA_1,FOODS_3_635,11225,1.0
CA_1,FOODS_3_635,11226,1.0
CA_1,FOODS_3_635,11227,1.0
CA_1,FOODS_3_635,11228,1.0
CA_1,FOODS_3_635,11229,1.0
CA_1,FOODS_3_635,11230,1.0
CA_1,FOODS_3_635,11231,1.0
CA_1,FOODS_3_635,11232,1.0
CA_1,FOODS_3_635,11233,1.0
CA_1,FOODS_3_635,11234,1.0
CA_1,FOODS_3_635,11235,1.0
CA_1,FOODS_3_635,11236,1.0
CA_1,FOODS_3_635,11237,1.0
CA_1,FOODS_3_635,11238,1.0
CA_1,FOODS_3_635,11239,1.0
CA_1,FOODS_3_635,11240,1.0
CA_1,FOODS_3_635,11241,1.0
CA_1,FOODS_3_635,11242,1.0
CA_1,FOODS_3_635,11243,1.0
CA_1,FOODS_3_635,11244,1.0
CA_1,FOODS_3_635,11245,1.0
CA_1,FOODS_3_635,11246,1.0
CA_1,FOODS_3_635,11247,1.0
CA_1,FOODS_3_635,11248,1.0
CA_1,FOODS_3_635,11249,1.0
CA_1,FOODS_3_635,11250,1.0
CA_1,FOODS_3_635,11251,1.0
CA_1,FOODS_3_635,11252,1.0
CA_1,FOODS_3_635,11301,1.0
CA_1,FOODS_3_635,11302,1.0
CA_1,FOODS_3_635,11303,1.0
CA_1,FOODS_3_635,11304,1.0
CA_1,FOODS_3_635,11305,1.0
CA_1,FOODS_3_635,11306,1.0
CA_1,FOODS_3_635,11307,1.0
CA_1,FOODS_3_635,11308,1.0
CA_1,FOODS_3_635,11309,1.0
CA_1,FOODS_3_635,11310,1.0
CA_1,FOODS_3_635,11311,1.0
CA_1,FOODS_3_635,11312,1.0
CA_1,FOODS_3_635,11313,1.0
CA_1,FOODS_3_635,11314,1.0
CA_1,FOODS_3_635,11315,1.0
CA_1,FOODS_3_635,11316,1.0
CA_1,FOODS_3_635,11317,1.0
CA_1,FOODS_3_635,11318,1.0
CA_1,FOODS_3_635,11319,1.0
CA_1,FOODS_3_635,11320,1.0
CA_1,FOODS_3_635,11321,1.0
CA_1,FOODS_3_635,11322,1.0
CA_1,FOODS_3_635,11323,1.0
CA_1,FOODS_3_635,11324,1.0
CA_1,FOODS_3_635,11325,1.0
CA_1,FOODS_3_635,11326,1.0
CA_1,FOODS_3_635,11327,1.0
CA_1,FOODS_3_635,11328,1.0
CA_1,FOODS_3_635,11329,1.0
CA_1,FOODS_3_635,11330,1.0
CA_1,FOODS_3_635,11331,1.0
CA_1,FOODS_3_635,11332,1.0
CA_1,FOODS_3_635,11333,1.0
CA_1,FOODS_3_635,11334,1.0
CA_1,FOODS_3_635,11335,1.0
CA_1,FOODS_3_635,11336,1.0
CA_1,FOODS_3_635,11337,1.0
CA_1,FOODS_3_635,11338,1.0
CA_1,FOODS_3_635,11339,1.0
CA_1,FOODS_3_635,11340,1.0
CA_1,FOODS_3_635,11341,1.0
CA_1,FOODS_3_635,11342,1.0
CA_1,FOODS_3_635,11343,1.0
CA_1,FOODS_3_635,11344,1.0
CA_1,FOODS_3_635,11345,1.0
CA_1,FOODS_3_635,11346,1.0
CA_1,FOODS_3_635,11347,1.0
CA_1,FOODS_3_635,11348,1.0
CA_1,FOODS_3_635,11349,1.0
CA_1,FOODS_3_635,11350,1.0
CA_1,FOODS_3_635,11351,1.0
CA_1,FOODS_3_635,11352,1.0
CA_1,FOODS_3_635,11353,1.0
CA_1,FOODS_3_635,11401,1.0
CA_1,FOODS_3_635,11402,1.0
CA_1,FOODS_3_635,11403,1.0
CA_1,FOODS_3_635,11404,1.0
CA_1,FOODS_3_635,11405,1.0
CA_1,FOODS_3_635,11406,1.0
CA_1,FOODS_3_635,11407,1.0
CA_1,FOODS_3_635,11408,1.0
CA_1,FOODS_3_635,11409,1.0
CA_1,FOODS_3_635,11410,1.0
CA_1,FOODS_3_635,11411,1.0
CA_1,FOODS_3_635,11412,1.0
CA_1,FOODS_3_635,11413,1.0
CA_1,FOODS_3_635,11414,1.0
CA_1,FOODS_3_635,11415,1.0
CA_1,FOODS_3_635,11416,1.0
CA_1,FOODS_3_635,11417,1.0
CA_1,FOODS_3_635,11418,1.0
CA_1,FOODS_3_635,11419,1.0
CA_1,FOODS_3_635,11420,1.0
CA_1,FOODS_3_635,11421,1.0
CA_1,FOODS_3_635,11422,1.0
CA_1,FOODS_3_635,11423,1.0
CA_1,FOODS_3_635,11424,1.0
CA_1,FOODS_3_635,11425,1.0
CA_1,FOODS_3_635,11426,1.0
CA_1,FOODS_3_635,11427,1.0
CA_1,FOODS_3_635,11428,1.0
CA_1,FOODS_3_635,11429,1.0
CA_1,FOODS_3_635,11430,1.0
CA_1,FOODS_3_635,11431,1.0
CA_1,FOODS_3_635,11432,1.0
CA_1,FOODS_3_635,11433,1.0
CA_1,FOODS_3_635,11434,1.0
CA_1,FOODS_3_635,11435,1.0
CA_1,FOODS_3_635,11436,1.0
CA_1,FOODS_3_635,11437,1.0
CA_1,FOODS_3_635,11438,1.0
CA_1,FOODS_3_635,11439,1.0
CA_1,FOODS_3_635,11440,1.0
CA_1,FOODS_3_635,11441,1.0
CA_1,FOODS_3_635,11442,1.0
CA_1,FOODS_3_635,11443,1.0
CA_1,FOODS_3_635,11444,1.0
CA_1,FOODS_3_635,11445,1.0
CA_1,FOODS_3_635,11446,1.0
CA_1,FOODS_3_635,11447,1.0
CA_1,FOODS_3_635,11448,1.0
CA_1,FOODS_3_635,11449,1.0
CA_1,FOODS_3_635,11450,1.0
CA_1,FOODS_3_635,11451,1.0
CA_1,FOODS_3_635,11452,1.0
CA_1,FOODS_3_635,11501,1.0
CA_1,FOODS_3_635,11502,1.0
CA_1,FOODS_3_635,11503,1.0
CA_1,FOODS_3_635,11504,1.0
CA_1,FOODS_3_635,11505,1.0
CA_1,FOODS_3_635,11506,1.0
CA_1,FOODS_3_635,11507,1.0
CA_1,FOODS_3_635,11508,1.0
CA_1,FOODS_3_635,11509,1.0
CA_1,FOODS_3_635,11510,1.0
CA_1,FOODS_3_635,11511,1.0
CA_1,FOODS_3_635,11512,1.0
CA_1,FOODS_3_635,11513,1.0
CA_1,FOODS_3_635,11514,1.0
CA_1,FOODS_3_635,11515,1.0
CA_1,FOODS_3_635,11516,1.0
CA_1,FOODS_3_635,11517,1.0
CA_1,FOODS_3_635,11518,1.0
CA_1,FOODS_3_635,11519,1.0
CA_1,FOODS_3_635,11520,1.0
CA_1,FOODS_3_635,11521,1.0
CA_1,FOODS_3_635,11522,1.0
CA_1,FOODS_3_635,11523,1.0
CA_1,FOODS_3_635,11524,1.0
CA_1,FOODS_3_635,11525,1.0
CA_1,FOODS_3_635,11526,1.0
CA_1,FOODS_3_635,11527,1.0
CA_1,FOODS_3_635,11528,1.0
CA_1,FOODS_3_635,11529,1.0
CA_1,FOODS_3_635,11530,1.0
CA_1,FOODS_3_635,11531,1.0
CA_1,FOODS_3_635,11532,1.0
CA_1,FOODS_3_635,11533,1.0
CA_1,FOODS_3_635,11534,1.0
CA_1,FOODS_3_635,11535,1.0
CA_1,FOODS_3_635,11536,1.0
CA_1,FOODS_3_635,11537,1.0
CA_1,FOODS_3_635,11538,1.0
CA_1,FOODS_3_635,11539,1.0
CA_1,FOODS_3_635,11540,1.0
CA_1,FOODS_3_635,11541,1.0
CA_1,FOODS_3_635,11542,1.0
CA_1,FOODS_3_635,11543,1.0
CA_1,FOODS_3_635,11544,1.0
CA_1,FOODS_3_635,11545,1.0
CA_1,FOODS_3_635,11546,1.0
CA_1,FOODS_3_635,11547,1.0
CA_1,FOODS_3_635,11548,1.0
CA_1,FOODS_3_635,11549,1.0
CA_1,FOODS_3_635,11550,1.0
CA_1,FOODS_3_635,11551,1.0
CA_1,FOODS_3_635,11552,1.0
CA_1,FOODS_3_635,11601,1.0
CA_1,FOODS_3_635,11602,1.0
CA_1,FOODS_3_635,11603,1.0
CA_1,FOODS_3_635,11604,1.0
CA_1,FOODS_3_635,11605,1.0
CA_1,FOODS_3_635,11606,1.0
CA_1,FOODS_3_635,11607,1.0
CA_1,FOODS_3_635,11608,1.0
CA_1,FOODS_3_635,11609,1.0
CA_1,FOODS_3_635,11610,1.0
CA_1,FOODS_3_635,11611,1.0
CA_1,FOODS_3_635,11612,1.0
CA_1,FOODS_3_635,11613,1.0
CA_1,FOODS_3_635,11614,1.0
CA_1,FOODS_3_635,11615,1.0
CA_1,FOODS_3_635,11616,1.0
CA_1,FOODS_3_635,11617,1.0
CA_1,FOODS_3_635,11618,1.0
CA_1,FOODS_3_635,11619,1.0
CA_1,FOODS_3_635,11620,1.0
CA_1,FOODS_3_635,11621,1.0
CA_1,FOODS_3_668,11101,1.48
CA_1,FOODS_3_668,11102,1.48
CA_1,FOODS_3_668,11103,1.48
CA_1,FOODS_3_668,11104,1.48
CA_1,FOODS_3_668,11105,1.48
CA_1,FOODS_3_668,11106,1.48
CA_1,FOODS_3_668,11107,1.48
CA_1,FOODS_3_668,11108,1.48
CA_1,FOODS_3_668,11109,1.48
CA_1,FOODS_3_668,11110,1.48
CA_1,FOODS_3_668,11111,1.48
CA_1,FOODS_3_668,11112,1.48
CA_1,FOODS_3_668,11113,1.48
CA_1,FOODS_3_668,11114,1.48
CA_1,FOODS_3_668,11115,1.48
CA_1,FOODS_3_668,11116,1.48
CA_1,FOODS_3_668,11117,1.48
CA_1,FOODS_3_668,11118,1.48
CA_1,FOODS_3_668,11119,1.48
CA_1,FOODS_3_668,11120,1.48
CA_1,FOODS_3_668,11121,1.48
CA_1,FOODS_3_668,11122,1.48
CA_1,FOODS_3_668,11123,1.48
CA_1,FOODS_3_668,11124,1.48
CA_1,FOODS_3_668,11125,1.48
CA_1,FOODS_3_668,11126,1.48
CA_1,FOODS_3_668,11127,1.48
CA_1,FOODS_3_668,11128,1.48
CA_1,FOODS_3_668,11129,1.48
CA_1,FOODS_3_668,11130,1.48
CA_1,FOODS_3_668,11131,1.48
CA_1,FOODS_3_668,11132,1.48
CA_1,FOODS_3_668,11133,1.48
CA_1,FOODS_3_668,11134,1.48
CA_1,FOODS_3_668,11135,1.48
CA_1,FOODS_3_668,11136,1.48
CA_1,FOODS_3_668,11137,1.48
CA_1,FOODS_3_668,11138,1.48
CA_1,FOODS_3_668,11139,1.48
CA_1,FOODS_3_668,11140,1.48
CA_1,FOODS_3_668,11141,1.48
CA_1,FOODS_3_668,11142,1.48
CA_1,FOODS_3_668,11143,1.48
CA_1,FOODS_3_668,11144,1.48
CA_1,FOODS_3_668,11145,1.48
CA_1,FOODS_3_668,11146,1.48
CA_1,FOODS_3_668,11147,1.48
CA_1,FOODS_3_668,11148,1.48
CA_1,FOODS_3_668,11149,1.48
CA_1,FOODS_3_668,11150,1.48
CA_1,FOODS_3_668,11151,1.48
CA_1,FOODS_3_668,11152,1.48
CA_1,FOODS_3_668,11201,1.48
CA_1,FOODS_3_668,11202,1.48
CA_1,FOODS_3_668,11203,1.48
CA_1,FOODS_3_668,11204,1.58
CA_1,FOODS_3_668,11205,1.58
CA_1,FOODS_3_668,11206,1.58
CA_1,FOODS_3_668,11207,1.58
CA_1,FOODS_3_668,11208,1.58
CA_1,FOODS_3_668,11209,1.58
CA_1,FOODS_3_668,11210,1.58
CA_1,FOODS_3_668,11211,1.58
CA_1,FOODS_3_668,11212,1.58
CA_1,FOODS_3_668,11213,1.58
CA_1,FOODS_3_668,11214,1.58
CA_1,FOODS_3_668,11215,1.58
CA_1,FOODS_3_668,11216,1.58
CA_1,FOODS_3_668,11217,1.58
CA_1,FOODS_3_668,11218,1.58
CA_1,FOODS_3_668,11219,1.58
CA_1,FOODS_3_668,11220,1.58
CA_1,FOODS_3_668,11221,1.58
CA_1,FOODS_3_668,11222,1.58
CA_1,FOODS_3_668,11223,1.58
CA_1,FOODS_3_668,11224,1.58
CA_1,FOODS_3_668,11225,1.58
CA_1,FOODS_3_668,11226,1.58
CA_1,FOODS_3_668,11227,1.58
CA_1,FOODS_3_668,11228,1.58
CA_1,FOODS_3_668,11229,1.58
CA_1,FOODS_3_668,11230,1.58
CA_1,FOODS_3_668,11231,1.58
CA_1,FOODS_3_668,11232,1.58
CA_1,FOODS_3_668,11233,1.58
CA_1,FOODS_3_668,11234,1.58
CA_1,FOODS_3_668,11235,1.58
CA_1,FOODS_3_668,11236,1.58
CA_1,FOODS_3_668,11237,1.58
CA_1,FOODS_3_668,11238,1.58
CA_1,FOODS_3_668,11239,1.58
CA_1,FOODS_3_668,11240,1.58
CA_1,FOODS_3_668,11241,1.58
CA_1,FOODS_3_668,11242,1.58
CA_1,FOODS_3_668,11243,1.58
CA_1,FOODS_3_668,11244,1.58
CA_1,FOODS_3_668,11245,1.58
CA_1,FOODS_3_668,11246,1.58
CA_1,FOODS_3_668,11247,1.58
CA_1,FOODS_3_668,11248,1.58
CA_1,FOODS_3_668,11249,1.58
CA_1,FOODS_3_668,11250,1.58
CA_1,FOODS_3_668,11251,1.58
CA_1,FOODS_3_668,11252,1.58
CA_1,FOODS_3_668,11301,1.58
CA_1,FOODS_3_668,11302,1.58
CA_1,FOODS_3_668,11303,1.58
CA_1,FOODS_3_668,11304,1.58
CA_1,FOODS_3_668,11305,1.58
CA_1,FOODS_3_668,11306,1.58
CA_1,FOODS_3_668,11307,1.58
CA_1,FOODS_3_668,11308,1.58
CA_1,FOODS_3_668,11309,1.58
CA_1,FOODS_3_668,11310,1.58
CA_1,FOODS_3_668,11311,1.58
CA_1,FOODS_3_668,11312,1.58
CA_1,FOODS_3_668,11313,1.58
CA_1,FOODS_3_668,11314,1.58
CA_1,FOODS_3_668,11315,1.58
CA_1,FOODS_3_668,11316,1.58
CA_1,FOODS_3_668,11317,1.58
CA_1,FOODS_3_668,11318,1.58
CA_1,FOODS_3_668,11319,1.58
CA_1,FOODS_3_668,11320,1.58
CA_1,FOODS_3_668,11321,1.58
CA_1,FOODS_3_668,11322,1.58
CA_1,FOODS_3_668,11323,1.58
CA_1,FOODS_3_668,11324,1.58
CA_1,FOODS_3_668,11325,1.58
CA_1,FOODS_3_668,11326,1.58
CA_1,FOODS_3_668,11327,1.58
CA_1,FOODS_3_668,11328,1.58
CA_1,FOODS_3_668,11329,1.58
CA_1,FOODS_3_668,11330,1.58
CA_1,FOODS_3_668,11331,1.58
CA_1,FOODS_3_668,11332,1.58
CA_1,FOODS_3_668,11333,1.58
CA_1,FOODS_3_668,11334,1.58
CA_1,FOODS_3_668,11335,1.58
CA_1,FOODS_3_668,11336,1.58
CA_1,FOODS_3_668,11337,1.58
CA_1,FOODS_3_668,11338,1.58
CA_1,FOODS_3_668,11339,1.58
CA_1,FOODS_3_668,11340,1.58
CA_1,FOODS_3_668,11341,1.58
CA_1,FOODS_3_668,11342,1.58
CA_1,FOODS_3_668,11343,1.58
CA_1,FOODS_3_668,11344,1.58
CA_1,FOODS_3_668,11345,1.58
CA_1,FOODS_3_668,11346,1.58
CA_1,FOODS_3_668,11347,1.58
CA_1,FOODS_3_668,11348,1.58
CA_1,FOODS_3_668,11349,1.58
CA_1,FOODS_3_668,11350,1.58
CA_1,FOODS_3_668,11351,1.68
CA_1,FOODS_3_668,11352,1.68
CA_1,FOODS_3_668,11353,1.68
CA_1,FOODS_3_668,11401,1.68
CA_1,FOODS_3_668,11402,1.68
CA_1,FOODS_3_668,11403,1.68
CA_1,FOODS_3_668,11404,1.68
CA_1,FOODS_3_668,11405,1.68
CA_1,FOODS_3_668,11406,1.68
CA_1,FOODS_3_668,11407,1.68
CA_1,FOODS_3_668,11408,1.68
CA_1,FOODS_3_668,11409,1.68
CA_1,FOODS_3_668,11410,1.68
CA_1,FOODS_3_668,11411,1.68
CA_1,FOODS_3_668,11412,1.68
CA_1,FOODS_3_668,11413,1.68
CA_1,FOODS_3_668,11414,1.68
CA_1,FOODS_3_668,11415,1.68
CA_1,FOODS_3_668,11416,1.68
CA_1,FOODS_3_668,11417,1.68
CA_1,FOODS_3_668,11418,1.68
CA_1,FOODS_3_668,11419,1.68
CA_1,FOODS_3_668,11420,1.68
CA_1,FOODS_3_668,11421,1.68
CA_1,FOODS_3_668,11422,1.68
CA_1,FOODS_3_668,11423,1.68
CA_1,FOODS_3_668,11424,1.68
CA_1,FOODS_3_668,11425,1.68
CA_1,FOODS_3_668,11426,1.68
CA_1,FOODS_3_668,11427,1.68
CA_1,FOODS_3_668,11428,1.68
CA_1,FOODS_3_668,11429,1.68
CA_1,FOODS_3_668,11430,1.68
CA_1,FOODS_3_668,11431,1.68
CA_1,FOODS_3_668,11432,1.68
CA_1,FOODS_3_668,11433,1.68
CA_1,FOODS_3_668,11434,1.68
CA_1,FOODS_3_668,11435,1.68
CA_1,FOODS_3_668,11436,1.68
CA_1,FOODS_3_668,11437,1.68
CA_1,FOODS_3_668,11438,1.68
CA_1,FOODS_3_668,11439,1.68
CA_1,FOODS_3_668,11440,1.68
CA_1,FOODS_3_668,11441,1.68
CA_1,FOODS_3_668,11442,1.68
CA_1,FOODS_3_668,11443,1.68
CA_1,FOODS_3_668,11444,1.68
CA_1,FOODS_3_668,11445,1.68
CA_1,FOODS_3_668,11446,1.68
CA_1,FOODS_3_668,11447,1.68
CA_1,FOODS_3_668,11448,1.68
CA_1,FOODS_3_668,11449,1.68
CA_1,FOODS_3_668,11450,1.68
CA_1,FOODS_3_668,11451,1.68
CA_1,FOODS_3_668,11452,1.68
CA_1,FOODS_3_668,11501,1.68
CA_1,FOODS_3_668,11502,1.68
CA_1,FOODS_3_668,11503,1.68
CA_1,FOODS_3_668,11504,1.68
CA_1,FOODS_3_668,11505,1.68
CA_1,FOODS_3_668,11506,1.68
CA_1,FOODS_3_668,11507,1.68
CA_1,FOODS_3_668,11508,1.68
CA_1,FOODS_3_668,11509,1.68
CA_1,FOODS_3_668,11510,1.68
CA_1,FOODS_3_668,11511,1.68
CA_1,FOODS_3_668,11512,1.68
CA_1,FOODS_3_668,11513,1.68
CA_1,FOODS_3_668,11514,1.68
CA_1,FOODS_3_668,11515,1.68
CA_1,FOODS_3_668,11516,1.68
CA_1,FOODS_3_668,11517,1.68
CA_1,FOODS_3_668,11518,1.68
CA_1,FOODS_3_668,11519,1.68
CA_1,FOODS_3_668,11520,1.68
CA_1,FOODS_3_668,11521,1.68
CA_1,FOODS_3_668,11522,1.68
CA_1,FOODS_3_668,11523,1.68
CA_1,FOODS_3_668,11524,1.68
CA_1,FOODS_3_668,11525,1.68
CA_1,FOODS_3_668,11526,1.68
CA_1,FOODS_3_668,11527,1.68
CA_1,FOODS_3_668,11528,1.68
CA_1,FOODS_3_668,11529,1.68
CA_1,FOODS_3_668,11530,1.68
CA_1,FOODS_3_668,11531,1.68
CA_1,FOODS_3_668,11532,1.68
CA_1,FOODS_3_668,11533,1.68
CA_1,FOODS_3_668,11534,1.68
CA_1,FOODS_3_668,11535,1.68
CA_1,FOODS_3_668,11536,1.68
CA_1,FOODS_3_668,11537,1.68
CA_1,FOODS_3_668,11538,1.68
CA_1,FOODS_3_668,11539,1.68
CA_1,FOODS_3_668,11540,1.68
CA_1,FOODS_3_668,11541,1.68
CA_1,FOODS_3_668,11542,1.68
CA_1,FOODS_3_668,11543,1.68
CA_1,FOODS_3_668,11544,1.68
CA_1,FOODS_3_668,11545,1.68
CA_1,FOODS_3_668,11546,1.68
CA_1,FOODS_3_668,11547,1.68
CA_1,FOODS_3_668,11548,1.68
CA_1,FOODS_3_668,11549,1.68
CA_1,FOODS_3_668,11550,1.68
CA_1,FOODS_3_668,11551,1.68
CA_1,FOODS_3_668,11552,1.68
CA_1,FOODS_3_668,11601,1.68
CA_1,FOODS_3_668,11602,1.68
CA_1,FOODS_3_668,11603,1.68
CA_1,FOODS_3_668,11604,1.68
CA_1,FOODS_3_668,11605,1.68
CA_1,FOODS_3_668,11606,1.68
CA_1,FOODS_3_668,11607,1.68
CA_1,FOODS_3_668,11608,1.68
CA_1,FOODS_3_668,11609,1.68
CA_1,FOODS_3_668,11610,1.68
CA_1,FOODS_3_668,11611,1.68
CA_1,FOODS_3_668,11612,1.68
CA_1,FOODS_3_668,11613,1.68
CA_1,FOODS_3_668,11614,1.68
CA_1,FOODS_3_668,11615,1.68
CA_1,FOODS_3_668,11616,1.68
CA_1,FOODS_3_668,11617,1.68
CA_1,FOODS_3_668,11618,1.68
CA_1,FOODS_3_668,11619,1.68
CA_1,FOODS_3_668,11620,1.68
CA_1,FOODS_3_668,11621,1.68
CA_1,FOODS_3_681,11101,1.25
CA_1,FOODS_3_681,11102,1.25
CA_1,FOODS_3_681,11103,1.25
CA_1,FOODS_3_681,11104,1.25
CA_1,FOODS_3_681,11105,1.25
CA_1,FOODS_3_681,11106,1.25
CA_1,FOODS_3_681,11107,1.25
CA_1,FOODS_3_681,11108,1.25
CA_1,FOODS_3_681,11109,1.25
CA_1,FOODS_3_681,11110,1.25
CA_1,FOODS_3_681,11111,1.25
CA_1,FOODS_3_681,11112,1.25
CA_1,FOODS_3_681,11113,1.25
CA_1,FOODS_3_681,11114,1.25
CA_1,FOODS_3_681,11115,1.25
CA_1,FOODS_3_681,11116,1.25
CA_1,FOODS_3_681,11117,1.25
CA_1,FOODS_3_681,11118,1.25
CA_1,FOODS_3_681,11119,1.25
CA_1,FOODS_3_681,11120,1.25
CA_1,FOODS_3_681,11121,1.25
CA_1,FOODS_3_681,11122,1.25
CA_1,FOODS_3_681,11123,1.25
CA_1,FOODS_3_681,11124,1.25
CA_1,FOODS_3_681,11125,1.25
CA_1,FOODS_3_681,11126,1.25
CA_1,FOODS_3_681,11127,1.25
CA_1,FOODS_3_681,11128,1.25
CA_1,FOODS_3_681,11129,1.25
CA_1,FOODS_3_681,11130,1.25
CA_1,FOODS_3_681,11131,1.25
CA_1,FOODS_3_681,11132,1.25
CA_1,FOODS_3_681,11133,1.25
CA_1,FOODS_3_681,11134,1.25
CA_1,FOODS_3_681,11135,1.25
CA_1,FOODS_3_681,11136,1.25
CA_1,FOODS_3_681,11137,1.25
CA_1,FOODS_3_681,11138,1.28
CA_1,FOODS_3_681,11139,1.28
CA_1,FOODS_3_681,11140,1.28
CA_1,FOODS_3_681,11141,1.28
CA_1,FOODS_3_681,11142,1.28
CA_1,FOODS_3_681,11143,1.28
CA_1,FOODS_3_681,11144,1.28
CA_1,FOODS_3_681,11145,1.28
CA_1,FOODS_3_681,11146,1.28
CA_1,FOODS_3_681,11147,1.28
CA_1,FOODS_3_681,11148,1.28
CA_1,FOODS_3_681,11149,1.28
CA_1,FOODS_3_681,11150,1.28
CA_1,FOODS_3_681,11151,1.28
CA_1,FOODS_3_681,11152,1.28
CA_1,FOODS_3_681,11201,1.28
CA_1,FOODS_3_681,11202,1.28
CA_1,FOODS_3_681,11203,1.28
CA_1,FOODS_3_681,11204,1.44
CA_1,FOODS_3_681,11205,1.44
CA_1,FOODS_3_681,11206,1.44
CA_1,FOODS_3_681,11207,1.44
CA_1,FOODS_3_681,11208,1.44
CA_1,FOODS_3_681,11209,1.48
CA_1,FOODS_3_681,11210,1.48
CA_1,FOODS_3_681,11211,1.0
CA_1,FOODS_3_681,11212,1.0
CA_1,FOODS_3_681,11213,1.0
CA_1,FOODS_3_681,11214,1.0
CA_1,FOODS_3_681,11215,1.0
CA_1,FOODS_3_681,11216,1.0
CA_1,FOODS_3_681,11217,1.0
CA_1,FOODS_3_681,11218,1.0
CA_1,FOODS_3_681,11219,1.0
CA_1,FOODS_3_681,11220,1.0
CA_1,FOODS_3_681,11221,1.0
CA_1,FOODS_3_681,11222,1.0
CA_1,FOODS_3_681,11223,1.0
CA_1,FOODS_3_681,11224,1.0
CA_1,FOODS_3_681,11225,1.0
CA_1,FOODS_3_681,11226,1.0
CA_1,FOODS_3_681,11227,1.0
CA_1,FOODS_3_681,11228,1.0
CA_1,FOODS_3_681,11229,1.0
CA_1,FOODS_3_681,11230,1.0
CA_1,FOODS_3_681,11231,1.0
CA_1,FOODS_3_681,11232,1.0
CA_1,FOODS_3_681,11233,1.0
CA_1,FOODS_3_681,11234,1.0
CA_1,FOODS_3_681,11235,1.0
CA_1,FOODS_3_681,11236,1.25
CA_1,FOODS_3_681,11237,1.25
CA_1,FOODS_3_681,11238,1.25
CA_1,FOODS_3_681,11239,1.25
CA_1,FOODS_3_681,11240,1.25
CA_1,FOODS_3_681,11241,1.25
CA_1,FOODS_3_681,11242,1.25
CA_1,FOODS_3_681,11243,1.25
CA_1,FOODS_3_681,11244,1.25
CA_1,FOODS_3_681,11245,1.25
CA_1,FOODS_3_681,11246,1.25
CA_1,FOODS_3_681,11247,1.25
CA_1,FOODS_3_681,11248,1.25
CA_1,FOODS_3_681,11249,1.25
CA_1,FOODS_3_681,11250,1.25
CA_1,FOODS_3_681,11251,1.25
CA_1,FOODS_3_681,11252,1.25
CA_1,FOODS_3_681,11301,1.25
CA_1,FOODS_3_681,11302,1.25
CA_1,FOODS_3_681,11303,1.25
CA_1,FOODS_3_681,11304,1.25
CA_1,FOODS_3_681,11305,1.25
CA_1,FOODS_3_681,11306,1.25
CA_1,FOODS_3_681,11307,1.25
CA_1,FOODS_3_681,11308,1.0
CA_1,FOODS_3_681,11309,1.0
CA_1,FOODS_3_681,11310,1.0
CA_1,FOODS_3_681,11311,1.0
CA_1,FOODS_3_681,11312,1.0
CA_1,FOODS_3_681,11313,1.0
CA_1,FOODS_3_681,11314,1.0
CA_1,FOODS_3_681,11315,1.0
CA_1,FOODS_3_681,11316,1.0
CA_1,FOODS_3_681,11317,1.0
CA_1,FOODS_3_681,11318,1.0
CA_1,FOODS_3_681,11319,1.0
CA_1,FOODS_3_681,11320,1.0
CA_1,FOODS_3_681,11321,1.0
CA_1,FOODS_3_681,11322,1.0
CA_1,FOODS_3_681,11323,1.0
CA_1,FOODS_3_681,11324,1.0
CA_1,FOODS_3_681,11325,1.0
CA_1,FOODS_3_681,11326,1.0
CA_1,FOODS_3_681,11327,1.0
CA_1,FOODS_3_681,11328,1.0
CA_1,FOODS_3_681,11329,1.0
CA_1,FOODS_3_681,11330,1.0
CA_1,FOODS_3_681,11331,1.0
CA_1,FOODS_3_681,11332,1.0
CA_1,FOODS_3_681,11333,1.0
CA_1,FOODS_3_681,11334,1.0
CA_1,FOODS_3_681,11335,1.0
CA_1,FOODS_3_681,11336,1.0
CA_1,FOODS_3_681,11337,1.0
CA_1,FOODS_3_681,11338,1.0
CA_1,FOODS_3_681,11339,1.0
CA_1,FOODS_3_681,11340,1.0
CA_1,FOODS_3_681,11341,1.0
CA_1,FOODS_3_681,11342,1.0
CA_1,FOODS_3_681,11343,1.0
CA_1,FOODS_3_681,11344,1.0
CA_1,FOODS_3_681,11345,1.0
CA_1,FOODS_3_681,11346,1.0
CA_1,FOODS_3_681,11347,1.0
CA_1,FOODS_3_681,11348,1.0
CA_1,FOODS_3_681,11349,1.25
CA_1,FOODS_3_681,11350,1.25
CA_1,FOODS_3_681,11351,1.25
CA_1,FOODS_3_681,11352,1.25
CA_1,FOODS_3_681,11353,1.25
CA_1,FOODS_3_681,11401,1.25
CA_1,FOODS_3_681,11402,1.25
CA_1,FOODS_3_681,11403,1.25
CA_1,FOODS_3_681,11404,1.25
CA_1,FOODS_3_681,11405,1.25
CA_1,FOODS_3_681,11406,1.0
CA_1,FOODS_3_681,11407,1.0
CA_1,FOODS_3_681,11408,1.0
CA_1,FOODS_3_681,11409,1.0
CA_1,FOODS_3_681,11410,1.0
CA_1,FOODS_3_681,11411,1.0
CA_1,FOODS_3_681,11412,1.0
CA_1,FOODS_3_681,11413,1.0
CA_1,FOODS_3_681,11414,1.0
CA_1,FOODS_3_681,11415,1.0
CA_1,FOODS_3_681,11416,1.0
CA_1,FOODS_3_681,11417,1.0
CA_1,FOODS_3_681,11418,1.0
CA_1,FOODS_3_681,11419,1.0
CA_1,FOODS_3_681,11420,1.0
CA_1,FOODS_3_681,11421,1.0
CA_1,FOODS_3_681,11422,1.0
CA_1,FOODS_3_681,11423,1.0
CA_1,FOODS_3_681,11424,1.0
CA_1,FOODS_3_681,11425,1.0
CA_1,FOODS_3_681,11426,1.0
CA_1,FOODS_3_681,11427,1.0
CA_1,FOODS_3_681,11428,1.0
CA_1,FOODS_3_681,11429,1.0
CA_1,FOODS_3_681,11430,1.0
CA_1,FOODS_3_681,11431,1.0
CA_1,FOODS_3_681,11432,1.0
CA_1,FOODS_3_681,11433,1.0
CA_1,FOODS_3_681,11434,1.0
CA_1,FOODS_3_681,11435,1.0
CA_1,FOODS_3_681,11436,1.0
CA_1,FOODS_3_681,11437,1.0
CA_1,FOODS_3_681,11438,1.0
CA_1,FOODS_3_681,11439,1.0
CA_1,FOODS_3_681,11440,1.0
CA_1,FOODS_3_681,11441,1.0
CA_1,FOODS_3_681,11442,1.0
CA_1,FOODS_3_681,11443,1.0
CA_1,FOODS_3_681,11444,1.0
CA_1,FOODS_3_681,11445,1.0
CA_1,FOODS_3_681,11446,1.0
CA_1,FOODS_3_681,11447,1.0
CA_1,FOODS_3_681,11448,1.0
CA_1,FOODS_3_681,11449,1.0
CA_1,FOODS_3_681,11450,1.0
CA_1,FOODS_3_681,11451,1.0
CA_1,FOODS_3_681,11452,1.0
CA_1,FOODS_3_681,11501,1.0
CA_1,FOODS_3_681,11502,1.0
CA_1,FOODS_3_681,11503,1.0
CA_1,FOODS_3_681,11504,1.0
CA_1,FOODS_3_681,11505,1.0
CA_1,FOODS_3_681,11506,1.0
CA_1,FOODS_3_681,11507,1.0
CA_1,FOODS_3_681,11508,1.0
CA_1,FOODS_3_681,11509,1.0
CA_1,FOODS_3_681,11510,1.0
CA_1,FOODS_3_681,11511,1.0
CA_1,FOODS_3_681,11512,1.0
CA_1,FOODS_3_681,11513,1.0
CA_1,FOODS_3_681,11514,1.0
CA_1,FOODS_3_681,11515,1.0
CA_1,FOODS_3_681,11516,1.0
CA_1,FOODS_3_681,11517,1.0
CA_1,FOODS_3_681,11518,1.0
CA_1,FOODS_3_681,11519,1.0
CA_1,FOODS_3_681,11520,1.25
CA_1,FOODS_3_681,11521,1.25
CA_1,FOODS_3_681,11522,1.25
CA_1,FOODS_3_681,11523,1.25
CA_1,FOODS_3_681,11524,1.25
CA_1,FOODS_3_681,11525,1.25
CA_1,FOODS_3_681,11526,1.25
CA_1,FOODS_3_681,11527,1.25
CA_1,FOODS_3_681,11528,1.25
CA_1,FOODS_3_681,11529,1.25
CA_1,FOODS_3_681,11530,1.25
CA_1,FOODS_3_681,11531,1.25
CA_1,FOODS_3_681,11532,1.25
CA_1,FOODS_3_681,11533,1.0
CA_1,FOODS_3_681,11534,1.0
CA_1,FOODS_3_681,11535,1.0
CA_1,FOODS_3_681,11536,1.0
CA_1,FOODS_3_681,11537,1.0
CA_1,FOODS_3_681,11538,1.0
CA_1,FOODS_3_681,11539,1.0
CA_1,FOODS_3_681,11540,1.0
CA_1,FOODS_3_681,11541,1.0
CA_1,FOODS_3_681,11542,1.0
CA_1,FOODS_3_681,11543,1.0
CA_1,FOODS_3_681,11544,1.0
CA_1,FOODS_3_681,11545,1.0
CA_1,FOODS_3_681,11546,1.0
CA_1,FOODS_3_681,11547,1.0
CA_1,FOODS_3_681,11548,1.0
CA_1,FOODS_3_681,11549,1.0
CA_1,FOODS_3_681,11550,1.0
CA_1,FOODS_3_681,11551,1.0
CA_1,FOODS_3_681,11552,1.0
CA_1,FOODS_3_681,11601,1.0
CA_1,FOODS_3_681,11602,1.0
CA_1,FOODS_3_681,11603,1.0
CA_1,FOODS_3_681,11604,1.0
CA_1,FOODS_3_681,11605,1.0
CA_1,FOODS_3_681,11606,1.0
CA_1,FOODS_3_681,11607,1.0
CA_1,FOODS_3_681,11608,1.0
CA_1,FOODS_3_681,11609,1.0
CA_1,FOODS_3_681,11610,1.0
CA_1,FOODS_3_681,11611,1.0
CA_1,FOODS_3_681,11612,1.0
CA_1,FOODS_3_681,11613,1.0
CA_1,FOODS_3_681,11614,1.0
CA_1,FOODS_3_681,11615,1.0
CA_1,FOODS_3_681,11616,1.0
CA_1,FOODS_3_681,11617,1.0
CA_1,FOODS_3_681,11618,1.0
CA_1,FOODS_3_681,11619,1.0
CA_1,FOODS_3_681,11620,1.0
CA_1,FOODS_3_681,11621,1.0
CA_1,FOODS_3_694,11101,1.48
CA_1,FOODS_3_694,11102,1.48
CA_1,FOODS_3_694,11103,1.48
CA_1,FOODS_3_694,11104,1.48
CA_1,FOODS_3_694,11105,1.48
CA_1,FOODS_3_694,11106,1.48
CA_1,FOODS_3_694,11107,1.48
CA_1,FOODS_3_694,11108,1.48
CA_1,FOODS_3_694,11109,1.48
CA_1,FOODS_3_694,11110,1.48
CA_1,FOODS_3_694,11111,1.48
CA_1,FOODS_3_694,11112,1.48
CA_1,FOODS_3_694,11113,1.48
CA_1,FOODS_3_694,11114,1.48
CA_1,FOODS_3_694,11115,1.48
CA_1,FOODS_3_694,11116,1.48
CA_1,FOODS_3_694,11117,1.48
CA_1,FOODS_3_694,11118,1.48
CA_1,FOODS_3_694,11119,1.48
CA_1,FOODS_3_694,11120,1.48
CA_1,FOODS_3_694,11121,1.48
CA_1,FOODS_3_694,11122,1.48
CA_1,FOODS_3_694,11123,1.48
CA_1,FOODS_3_694,11124,1.48
CA_1,FOODS_3_694,11125,1.48
CA_1,FOODS_3_694,11126,1.48
CA_1,FOODS_3_694,11127,1.48
CA_1,FOODS_3_694,11128,1.48
CA_1,FOODS_3_694,11129,1.48
CA_1,FOODS_3_694,11130,1.48
CA_1,FOODS_3_694,11131,1.48
CA_1,FOODS_3_694,11132,1.48
CA_1,FOODS_3_694,11133,1.48
CA_1,FOODS_3_694,11134,1.48
CA_1,FOODS_3_694,11135,1.48
CA_1,FOODS_3_694,11136,1.48
CA_1,FOODS_3_694,11137,1.48
CA_1,FOODS_3_694,11138,1.48
CA_1,FOODS_3_694,11139,1.48
CA_1,FOODS_3_694,11140,1.48
CA_1,FOODS_3_694,11141,1.48
CA_1,FOODS_3_694,11142,1.48
CA_1,FOODS_3_694,11143,1.48
CA_1,FOODS_3_694,11144,1.48
CA_1,FOODS_3_694,11145,1.48
CA_1,FOODS_3_694,11146,1.48
CA_1,FOODS_3_694,11147,1.48
CA_1,FOODS_3_694,11148,1.48
CA_1,FOODS_3_694,11149,1.48
CA_1,FOODS_3_694,11150,1.48
CA_1,FOODS_3_694,11151,1.48
CA_1,FOODS_3_694,11152,1.48
CA_1,FOODS_3_694,11201,1.48
CA_1,FOODS_3_694,11202,1.48
CA_1,FOODS_3_694,11203,1.48
CA_1,FOODS_3_694,11204,1.58
CA_1,FOODS_3_694,11205,1.58
CA_1,FOODS_3_694,11206,1.58
CA_1,FOODS_3_694,11207,1.58
CA_1,FOODS_3_694,11208,1.58
CA_1,FOODS_3_694,11209,1.58
CA_1,FOODS_3_694,11210,1.58
CA_1,FOODS_3_694,11211,1.58
CA_1,FOODS_3_694,11212,1.58
CA_1,FOODS_3_694,11213,1.58
CA_1,FOODS_3_694,11214,1.58
CA_1,FOODS_3_694,11215,1.58
CA_1,FOODS_3_694,11216,1.58
CA_1,FOODS_3_694,11217,1.58
CA_1,FOODS_3_694,11218,1.58
CA_1,FOODS_3_694,11219,1.58
CA_1,FOODS_3_694,11220,1.58
CA_1,FOODS_3_694,11221,1.58
CA_1,FOODS_3_694,11222,1.58
CA_1,FOODS_3_694,11223,1.58
CA_1,FOODS_3_694,11224,1.58
CA_1,FOODS_3_694,11225,1.58
CA_1,FOODS_3_694,11226,1.58
CA_1,FOODS_3_694,11227,1.58
CA_1,FOODS_3_694,11228,1.58
CA_1,FOODS_3_694,11229,1.58
CA_1,FOODS_3_694,11230,1.58
CA_1,FOODS_3_694,11231,1.58
CA_1,FOODS_3_694,11232,1.58
CA_1,FOODS_3_694,11233,1.58
CA_1,FOODS_3_694,11234,1.58
CA_1,FOODS_3_694,11235,1.58
CA_1,FOODS_3_694,11236,1.58
CA_1,FOODS_3_694,11237,1.58
CA_1,FOODS_3_694,11238,1.58
CA_1,FOODS_3_694,11239,1.58
CA_1,FOODS_3_694,11240,1.58
CA_1,FOODS_3_694,11241,1.58
CA_1,FOODS_3_694,11242,1.58
CA_1,FOODS_3_694,11243,1.58
CA_1,FOODS_3_694,11244,1.58
CA_1,FOODS_3_694,11245,1.58
CA_1,FOODS_3_694,11246,1.58
CA_1,FOODS_3_694,11247,1.58
CA_1,FOODS_3_694,11248,1.58
CA_1,FOODS_3_694,11249,1.58
CA_1,FOODS_3_694,11250,1.58
CA_1,FOODS_3_694,11251,1.58
CA_1,FOODS_3_694,11252,1.58
CA_1,FOODS_3_694,11301,1.58
CA_1,FOODS_3_694,11302,1.58
CA_1,FOODS_3_694,11303,1.58
CA_1,FOODS_3_694,11304,1.58
CA_1,FOODS_3_694,11305,1.58
CA_1,FOODS_3_694,11306,1.58
CA_1,FOODS_3_694,11307,1.58
CA_1,FOODS_3_694,11308,1.58
CA_1,FOODS_3_694,11309,1.58
CA_1,FOODS_3_694,11310,1.58
CA_1,FOODS_3_694,11311,1.58
CA_1,FOODS_3_694,11312,1.58
CA_1,FOODS_3_694,11313,1.58
CA_1,FOODS_3_694,11314,1.58
CA_1,FOODS_3_694,11315,1.58
CA_1,FOODS_3_694,11316,1.58
CA_1,FOODS_3_694,11317,1.58
CA_1,FOODS_3_694,11318,1.58
CA_1,FOODS_3_694,11319,1.58
CA_1,FOODS_3_694,11320,1.58
CA_1,FOODS_3_694,11321,1.58
CA_1,FOODS_3_694,11322,1.58
CA_1,FOODS_3_694,11323,1.58
CA_1,FOODS_3_694,11324,1.58
CA_1,FOODS_3_694,11325,1.58
CA_1,FOODS_3_694,11326,1.58
CA_1,FOODS_3_694,11327,1.58
CA_1,FOODS_3_694,11328,1.58
CA_1,FOODS_3_694,11329,1.58
CA_1,FOODS_3_694,11330,1.58
CA_1,FOODS_3_694,11331,1.58
CA_1,FOODS_3_694,11332,1.58
CA_1,FOODS_3_694,11333,1.58
CA_1,FOODS_3_694,11334,1.58
CA_1,FOODS_3_694,11335,1.58
CA_1,FOODS_3_694,11336,1.58
CA_1,FOODS_3_694,11337,1.58
CA_1,FOODS_3_694,11338,1.58
CA_1,FOODS_3_694,11339,1.58
CA_1,FOODS_3_694,11340,1.58
CA_1,FOODS_3_694,11341,1.58
CA_1,FOODS_3_694,11342,1.58
CA_1,FOODS_3_694,11343,1.58
CA_1,FOODS_3_694,11344,1.58
CA_1,FOODS_3_694,11345,1.58
CA_1,FOODS_3_694,11346,1.58
CA_1,FOODS_3_694,11347,1.58
CA_1,FOODS_3_694,11348,1.58
CA_1,FOODS_3_694,11349,1.58
CA_1,FOODS_3_694,11350,1.58
CA_1,FOODS_3_694,11351,1.68
CA_1,FOODS_3_694,11352,1.68
CA_1,FOODS_3_694,11353,1.68
CA_1,FOODS_3_694,11401,1.68
CA_1,FOODS_3_694,11402,1.68
CA_1,FOODS_3_694,11403,1.68
CA_1,FOODS_3_694,11404,1.68
CA_1,FOODS_3_694,11405,1.68
CA_1,FOODS_3_694,11406,1.68
CA_1,FOODS_3_694,11407,1.68
CA_1,FOODS_3_694,11408,1.68
CA_1,FOODS_3_694,11409,1.68
CA_1,FOODS_3_694,11410,1.68
CA_1,FOODS_3_694,11411,1.68
CA_1,FOODS_3_694,11412,1.68
CA_1,FOODS_3_694,11413,1.68
CA_1,FOODS_3_694,11414,1.68
CA_1,FOODS_3_694,11415,1.68
CA_1,FOODS_3_694,11416,1.68
CA_1,FOODS_3_694,11417,1.68
CA_1,FOODS_3_694,11418,1.68
CA_1,FOODS_3_694,11419,1.68
CA_1,FOODS_3_694,11420,1.68
CA_1,FOODS_3_694,11421,1.68
CA_1,FOODS_3_694,11422,1.68
CA_1,FOODS_3_694,11423,1.68
CA_1,FOODS_3_694,11424,1.68
CA_1,FOODS_3_694,11425,1.68
CA_1,FOODS_3_694,11426,1.68
CA_1,FOODS_3_694,11427,1.68
CA_1,FOODS_3_694,11428,1.68
CA_1,FOODS_3_694,11429,1.68
CA_1,FOODS_3_694,11430,1.68
CA_1,FOODS_3_694,11431,1.68
CA_1,FOODS_3_694,11432,1.68
CA_1,FOODS_3_694,11433,1.68
CA_1,FOODS_3_694,11434,1.68
CA_1,FOODS_3_694,11435,1.68
CA_1,FOODS_3_694,11436,1.68
CA_1,FOODS_3_694,11437,1.68
CA_1,FOODS_3_694,11438,1.68
CA_1,FOODS_3_694,11439,1.68
CA_1,FOODS_3_694,11440,1.68
CA_1,FOODS_3_694,11441,1.68
CA_1,FOODS_3_694,11442,1.68
CA_1,FOODS_3_694,11443,1.68
CA_1,FOODS_3_694,11444,1.68
CA_1,FOODS_3_694,11445,1.68
CA_1,FOODS_3_694,11446,1.68
CA_1,FOODS_3_694,11447,1.68
CA_1,FOODS_3_694,11448,1.68
CA_1,FOODS_3_694,11449,1.68
CA_1,FOODS_3_694,11450,1.68
CA_1,FOODS_3_694,11451,1.68
CA_1,FOODS_3_694,11452,1.68
CA_1,FOODS_3_694,11501,1.68
CA_1,FOODS_3_694,11502,1.68
CA_1,FOODS_3_694,11503,1.68
CA_1,FOODS_3_694,11504,1.68
CA_1,FOODS_3_694,11505,1.68
CA_1,FOODS_3_694,11506,1.68
CA_1,FOODS_3_694,11507,1.68
CA_1,FOODS_3_694,11508,1.68
CA_1,FOODS_3_694,11509,1.68
CA_1,FOODS_3_694,11510,1.68
CA_1,FOODS_3_694,11511,1.68
CA_1,FOODS_3_694,11512,1.68
CA_1,FOODS_3_694,11513,1.68
CA_1,FOODS_3_694,11514,1.68
CA_1,FOODS_3_694,11515,1.68
CA_1,FOODS_3_694,11516,1.68
CA_1,FOODS_3_694,11517,1.68
CA_1,FOODS_3_694,11518,1.68
CA_1,FOODS_3_694,11519,1.68
CA_1,FOODS_3_694,11520,1.68
CA_1,FOODS_3_694,11521,1.68
CA_1,FOODS_3_694,11522,1.68
CA_1,FOODS_3_694,11523,1.68
CA_1,FOODS_3_694,11524,1.68
CA_1,FOODS_3_694,11525,1.68
CA_1,FOODS_3_694,11526,1.68
CA_1,FOODS_3_694,11527,1.68
CA_1,FOODS_3_694,11528,1.68
CA_1,FOODS_3_694,11529,1.68
CA_1,FOODS_3_694,11530,1.68
CA_1,FOODS_3_694,11531,1.68
CA_1,FOODS_3_694,11532,1.68
CA_1,FOODS_3_694,11533,1.68
CA_1,FOODS_3_694,11534,1.68
CA_1,FOODS_3_694,11535,1.68
CA_1,FOODS_3_694,11536,1.68
CA_1,FOODS_3_694,11537,1.68
CA_1,FOODS_3_694,11538,1.68
CA_1,FOODS_3_694,11539,1.68
CA_1,FOODS_3_694,11540,1.68
CA_1,FOODS_3_694,11541,1.68
CA_1,FOODS_3_694,11542,1.68
CA_1,FOODS_3_694,11543,1.68
CA_1,FOODS_3_694,11544,1.68
CA_1,FOODS_3_694,11545,1.68
CA_1,FOODS_3_694,11546,1.68
CA_1,FOODS_3_694,11547,1.68
CA_1,FOODS_3_694,11548,1.68
CA_1,FOODS_3_694,11549,1.68
CA_1,FOODS_3_694,11550,1.68
CA_1,FOODS_3_694,11551,1.68
CA_1,FOODS_3_694,11552,1.68
CA_1,FOODS_3_694,11601,1.68
CA_1,FOODS_3_694,11602,1.68
CA_1,FOODS_3_694,11603,1.68
CA_1,FOODS_3_694,11604,1.68
CA_1,FOODS_3_694,11605,1.68
CA_1,FOODS_3_694,11606,1.68
CA_1,FOODS_3_694,11607,1.68
CA_1,FOODS_3_694,11608,1.68
CA_1,FOODS_3_694,11609,1.68
CA_1,FOODS_3_694,11610,1.68
CA_1,FOODS_3_694,11611,1.68
CA_1,FOODS_3_694,11612,1.68
CA_1,FOODS_3_694,11613,1.68
CA_1,FOODS_3_694,11614,1.68
CA_1,FOODS_3_694,11615,1.68
CA_1,FOODS_3_694,11616,1.68
CA_1,FOODS_3_694,11617,1.68
CA_1,FOODS_3_694,11618,1.68
CA_1,FOODS_3_694,11619,1.68
CA_1,FOODS_3_694,11620,1.68
CA_1,FOODS_3_694,11621,1.68
CA_1,FOODS_3_697,11101,3.18
CA_1,FOODS_3_697,11102,3.18
CA_1,FOODS_3_697,11103,3.18
CA_1,FOODS_3_697,11104,3.18
CA_1,FOODS_3_697,11105,3.18
CA_1,FOODS_3_697,11106,3.58
CA_1,FOODS_3_697,11107,3.58
CA_1,FOODS_3_697,11108,3.58
CA_1,FOODS_3_697,11109,3.58
CA_1,FOODS_3_697,11110,3.58
CA_1,FOODS_3_697,11111,3.58
CA_1,FOODS_3_697,11112,3.58
CA_1,FOODS_3_697,11113,3.58
CA_1,FOODS_3_697,11114,3.58
CA_1,FOODS_3_697,11115,3.58
CA_1,FOODS_3_697,11116,3.58
CA_1,FOODS_3_697,11117,3.58
CA_1,FOODS_3_697,11118,3.58
CA_1,FOODS_3_697,11119,3.58
CA_1,FOODS_3_697,11120,3.58
CA_1,FOODS_3_697,11121,3.58
CA_1,FOODS_3_697,11122,3.58
CA_1,FOODS_3_697,11123,3.58
CA_1,FOODS_3_697,11124,3.58
CA_1,FOODS_3_697,11125,3.58
CA_1,FOODS_3_697,11126,3.58
CA_1,FOODS_3_697,11127,3.58
CA_1,FOODS_3_697,11128,3.58
CA_1,FOODS_3_697,11129,2.98
CA_1,FOODS_3_697,11130,2.98
CA_1,FOODS_3_697,11131,2.98
CA_1,FOODS_3_697,11132,2.98
CA_1,FOODS_3_697,11133,2.98
CA_1,FOODS_3_697,11134,2.98
CA_1,FOODS_3_697,11135,2.98
CA_1,FOODS_3_697,11136,2.98
CA_1,FOODS_3_697,11137,2.98
CA_1,FOODS_3_697,11138,2.98
CA_1,FOODS_3_697,11139,2.98
CA_1,FOODS_3_697,11140,2.98
CA_1,FOODS_3_697,11141,2.98
CA_1,FOODS_3_697,11142,2.98
CA_1,FOODS_3_697,11143,2.98
CA_1,FOODS_3_697,11144,2.98
CA_1,FOODS_3_697,11145,2.98
CA_1,FOODS_3_697,11146,2.98
CA_1,FOODS_3_697,11147,2.98
CA_1,FOODS_3_697,11148,2.98
CA_1,FOODS_3_697,11149,2.98
CA_1,FOODS_3_697,11150,2.98
CA_1,FOODS_3_697,11151,2.98
CA_1,FOODS_3_697,11152,2.98
CA_1,FOODS_3_697,11201,2.98
CA_1,FOODS_3_697,11202,2.98
CA_1,FOODS_3_697,11203,2.98
CA_1,FOODS_3_697,11204,2.98
CA_1,FOODS_3_697,11205,2.98
CA_1,FOODS_3_697,11206,2.98
CA_1,FOODS_3_697,11207,2.98
CA_1,FOODS_3_697,11208,2.98
CA_1,FOODS_3_697,11209,2.98
CA_1,FOODS_3_697,11210,2.98
CA_1,FOODS_3_697,11211,2.98
CA_1,FOODS_3_697,11212,2.98
CA_1,FOODS_3_697,11213,2.98
CA_1,FOODS_3_697,11214,2.98
CA_1,FOODS_3_697,11215,2.98
CA_1,FOODS_3_697,11216,2.98
CA_1,FOODS_3_697,11217,2.98
CA_1,FOODS_3_697,11218,2.98
CA_1,FOODS_3_697,11219,2.98
CA_1,FOODS_3_697,11220,2.98
CA_1,FOODS_3_697,11221,2.98
CA_1,FOODS_3_697,11222,2.98
CA_1,FOODS_3_697,11223,2.98
CA_1,FOODS_3_697,11224,2.98
CA_1,FOODS_3_697,11225,2.98
CA_1,FOODS_3_697,11226,2.98
CA_1,FOODS_3_697,11227,2.98
CA_1,FOODS_3_697,11228,2.98
CA_1,FOODS_3_697,11229,2.98
CA_1,FOODS_3_697,11230,2.98
CA_1,FOODS_3_697,11231,2.98
CA_1,FOODS_3_697,11232,2.98
CA_1,FOODS_3_697,11233,2.98
CA_1,FOODS_3_697,11234,2.98
CA_1,FOODS_3_697,11235,2.98
CA_1,FOODS_3_697,11236,2.98
CA_1,FOODS_3_697,11237,2.98
CA_1,FOODS_3_697,11238,2.98
CA_1,FOODS_3_697,11239,2.98
CA_1,FOODS_3_697,11240,2.98
CA_1,FOODS_3_697,11241,2.98
CA_1,FOODS_3_697,11242,2.98
CA_1,FOODS_3_697,11243,2.98
CA_1,FOODS_3_697,11244,2.98
CA_1,FOODS_3_697,11245,2.98
CA_1,FOODS_3_697,11246,2.98
CA_1,FOODS_3_697,11247,2.98
CA_1,FOODS_3_697,11248,2.98
CA_1,FOODS_3_697,11249,2.98
CA_1,FOODS_3_697,11250,2.98
CA_1,FOODS_3_697,11251,2.98
CA_1,FOODS_3_697,11252,2.98
CA_1,FOODS_3_697,11301,2.98
CA_1,FOODS_3_697,11302,2.98
CA_1,FOODS_3_697,11303,2.98
CA_1,FOODS_3_697,11304,2.98
CA_1,FOODS_3_697,11305,2.98
CA_1,FOODS_3_697,11306,2.98
CA_1,FOODS_3_697,11307,2.98
CA_1,FOODS_3_697,11308,2.98
CA_1,FOODS_3_697,11309,2.98
CA_1,FOODS_3_697,11310,2.98
CA_1,FOODS_3_697,11311,2.98
CA_1,FOODS_3_697,11312,2.98
CA_1,FOODS_3_697,11313,2.98
CA_1,FOODS_3_697,11314,2.98
CA_1,FOODS_3_697,11315,2.98
CA_1,FOODS_3_697,11316,2.98
CA_1,FOODS_3_697,11317,2.98
CA_1,FOODS_3_697,11318,2.98
CA_1,FOODS_3_697,11319,2.98
CA_1,FOODS_3_697,11320,2.98
CA_1,FOODS_3_697,11321,2.98
CA_1,FOODS_3_697,11322,2.98
CA_1,FOODS_3_697,11323,2.98
CA_1,FOODS_3_697,11324,2.98
CA_1,FOODS_3_697,11325,2.98
CA_1,FOODS_3_697,11326,2.98
CA_1,FOODS_3_697,11327,2.98
CA_1,FOODS_3_697,11328,2.98
CA_1,FOODS_3_697,11329,2.98
CA_1,FOODS_3_697,11330,2.98
CA_1,FOODS_3_697,11331,2.98
CA_1,FOODS_3_697,11332,2.98
CA_1,FOODS_3_697,11333,2.98
CA_1,FOODS_3_697,11334,2.98
CA_1,FOODS_3_697,11335,2.98
CA_1,FOODS_3_697,11336,2.98
CA_1,FOODS_3_697,11337,2.98
CA_1,FOODS_3_697,11338,2.98
CA_1,FOODS_3_697,11339,2.98
CA_1,FOODS_3_697,11340,2.98
CA_1,FOODS_3_697,11341,2.98
CA_1,FOODS_3_697,11342,2.98
CA_1,FOODS_3_697,11343,2.98
CA_1,FOODS_3_697,11344,2.98
CA_1,FOODS_3_697,11345,2.98
CA_1,FOODS_3_697,11346,2.98
CA_1,FOODS_3_697,11347,2.98
CA_1,FOODS_3_697,11348,2.98
CA_1,FOODS_3_697,11349,2.98
CA_1,FOODS_3_697,11350,2.98
CA_1,FOODS_3_697,11351,2.98
CA_1,FOODS_3_697,11352,2.98
CA_1,FOODS_3_697,11353,2.98
CA_1,FOODS_3_697,11401,2.98
CA_1,FOODS_3_697,11402,2.98
CA_1,FOODS_3_697,11403,2.98
CA_1,FOODS_3_697,11404,2.98
CA_1,FOODS_3_697,11405,2.98
CA_1,FOODS_3_697,11406,2.98
CA_1,FOODS_3_697,11407,2.98
CA_1,FOODS_3_697,11408,2.98
CA_1,FOODS_3_697,11409,3.0
CA_1,FOODS_3_697,11410,3.0
CA_1,FOODS_3_697,11411,3.0
CA_1,FOODS_3_697,11412,3.0
CA_1,FOODS_3_697,11413,3.0
CA_1,FOODS_3_697,11414,3.0
CA_1,FOODS_3_697,11415,3.0
CA_1,FOODS_3_697,11416,3.0
CA_1,FOODS_3_697,11417,3.0
CA_1,FOODS_3_697,11418,3.0
CA_1,FOODS_3_697,11419,3.0
CA_1,FOODS_3_697,11420,3.0
CA_1,FOODS_3_697,11421,3.0
CA_1,FOODS_3_697,11422,3.0
CA_1,FOODS_3_697,11423,3.0
CA_1,FOODS_3_697,11424,3.0
CA_1,FOODS_3_697,11425,3.0
CA_1,FOODS_3_697,11426,3.0
CA_1,FOODS_3_697,11427,3.0
CA_1,FOODS_3_697,11428,3.0
CA_1,FOODS_3_697,11429,3.0
CA_1,FOODS_3_697,11430,3.0
CA_1,FOODS_3_697,11431,3.0
CA_1,FOODS_3_697,11432,3.0
CA_1,FOODS_3_697,11433,3.0
CA_1,FOODS_3_697,11434,3.0
CA_1,FOODS_3_697,11435,3.0
CA_1,FOODS_3_697,11436,3.0
CA_1,FOODS_3_697,11437,3.0
CA_1,FOODS_3_697,11438,3.0
CA_1,FOODS_3_697,11439,3.0
CA_1,FOODS_3_697,11440,3.0
CA_1,FOODS_3_697,11441,3.0
CA_1,FOODS_3_697,11442,3.0
CA_1,FOODS_3_697,11443,3.0
CA_1,FOODS_3_697,11444,3.0
CA_1,FOODS_3_697,11445,3.0
CA_1,FOODS_3_697,11446,3.0
CA_1,FOODS_3_697,11447,3.0
CA_1,FOODS_3_697,11448,3.0
CA_1,FOODS_3_697,11449,3.0
CA_1,FOODS_3_697,11450,3.0
CA_1,FOODS_3_697,11451,3.0
CA_1,FOODS_3_697,11452,3.0
CA_1,FOODS_3_697,11501,3.0
CA_1,FOODS_3_697,11502,3.0
CA_1,FOODS_3_697,11503,3.0
CA_1,FOODS_3_697,11504,3.0
CA_1,FOODS_3_697,11505,3.0
CA_1,FOODS_3_697,11506,3.0
CA_1,FOODS_3_697,11507,3.0
CA_1,FOODS_3_697,11508,3.0
CA_1,FOODS_3_697,11509,3.0
CA_1,FOODS_3_697,11510,3.0
CA_1,FOODS_3_697,11511,3.0
CA_1,FOODS_3_697,11512,3.0
CA_1,FOODS_3_697,11513,3.0
CA_1,FOODS_3_697,11514,3.0
CA_1,FOODS_3_697,11515,3.0
CA_1,FOODS_3_697,11516,3.0
CA_1,FOODS_3_697,11517,3.0
CA_1,FOODS_3_697,11518,3.0
CA_1,FOODS_3_697,11519,3.0
CA_1,FOODS_3_697,11520,3.0
CA_1,FOODS_3_697,11521,3.0
CA_1,FOODS_3_697,11522,3.0
CA_1,FOODS_3_697,11523,3.0
CA_1,FOODS_3_697,11524,3.0
CA_1,FOODS_3_697,11525,3.0
CA_1,FOODS_3_697,11526,3.0
CA_1,FOODS_3_697,11527,3.0
CA_1,FOODS_3_697,11528,3.0
CA_1,FOODS_3_697,11529,3.0
CA_1,FOODS_3_697,11530,3.0
CA_1,FOODS_3_697,11531,3.0
CA_1,FOODS_3_697,11532,3.0
CA_1,FOODS_3_697,11533,3.0
CA_1,FOODS_3_697,11534,3.0
CA_1,FOODS_3_697,11535,3.0
CA_1,FOODS_3_697,11536,3.0
CA_1,FOODS_3_697,11537,3.0
CA_1,FOODS_3_697,11538,3.0
CA_1,FOODS_3_697,11539,3.0
CA_1,FOODS_3_697,11540,3.0
CA_1,FOODS_3_697,11541,3.0
CA_1,FOODS_3_697,11542,3.0
CA_1,FOODS_3_697,11543,3.0
CA_1,FOODS_3_697,11544,3.0
CA_1,FOODS_3_697,11545,3.0
CA_1,FOODS_3_697,11546,3.0
CA_1,FOODS_3_697,11547,3.0
CA_1,FOODS_3_697,11548,3.0
CA_1,FOODS_3_697,11549,3.0
CA_1,FOODS_3_697,11550,3.0
CA_1,FOODS_3_697,11551,3.0
CA_1,FOODS_3_697,11552,3.0
CA_1,FOODS_3_697,11601,3.0
CA_1,FOODS_3_697,11602,3.0
CA_1,FOODS_3_697,11603,3.0
CA_1,FOODS_3_697,11604,3.0
CA_1,FOODS_3_697,11605,3.0
CA_1,FOODS_3_697,11606,3.0
CA_1,FOODS_3_697,11607,3.0
CA_1,FOODS_3_697,11608,3.0
CA_1,FOODS_3_697,11609,3.0
CA_1,FOODS_3_697,11610,3.0
CA_1,FOODS_3_697,11611,3.0
CA_1,FOODS_3_697,11612,3.0
CA_1,FOODS_3_697,11613,3.0
CA_1,FOODS_3_697,11614,3.0
CA_1,FOODS_3_697,11615,3.0
CA_1,FOODS_3_697,11616,3.0
CA_1,FOODS_3_697,11617,3.0
CA_1,FOODS_3_697,11618,3.0
CA_1,FOODS_3_697,11619,3.0
CA_1,FOODS_3_697,11620,3.0
CA_1,FOODS_3_697,11621,3.0
CA_1,FOODS_3_702,11101,3.28
CA_1,FOODS_3_702,11102,3.28
CA_1,FOODS_3_702,11103,3.28
CA_1,FOODS_3_702,11104,3.28
CA_1,FOODS_3_702,11105,3.28
CA_1,FOODS_3_702,11106,3.28
CA_1,FOODS_3_702,11107,3.28
CA_1,FOODS_3_702,11108,3.28
CA_1,FOODS_3_702,11109,3.28
CA_1,FOODS_3_702,11110,3.28
CA_1,FOODS_3_702,11111,3.28
CA_1,FOODS_3_702,11112,3.28
CA_1,FOODS_3_702,11113,3.28
CA_1,FOODS_3_702,11114,2.98
CA_1,FOODS_3_702,11115,2.98
CA_1,FOODS_3_702,11116,2.98
CA_1,FOODS_3_702,11117,2.98
CA_1,FOODS_3_702,11118,2.98
CA_1,FOODS_3_702,11119,2.98
CA_1,FOODS_3_702,11120,2.98
CA_1,FOODS_3_702,11121,2.98
CA_1,FOODS_3_702,11122,2.98
CA_1,FOODS_3_702,11123,2.98
CA_1,FOODS_3_702,11124,2.98
CA_1,FOODS_3_702,11125,2.98
CA_1,FOODS_3_702,11126,2.98
CA_1,FOODS_3_702,11127,2.98
CA_1,FOODS_3_702,11128,2.98
CA_1,FOODS_3_702,11129,2.98
CA_1,FOODS_3_702,11130,2.98
CA_1,FOODS_3_702,11131,2.98
CA_1,FOODS_3_702,11132,2.98
CA_1,FOODS_3_702,11133,2.98
CA_1,FOODS_3_702,11134,2.98
CA_1,FOODS_3_702,11135,2.98
CA_1,FOODS_3_702,11136,2.98
CA_1,FOODS_3_702,11137,2.98
CA_1,FOODS_3_702,11138,2.98
CA_1,FOODS_3_702,11139,2.98
CA_1,FOODS_3_702,11140,2.98
CA_1,FOODS_3_702,11141,2.98
CA_1,FOODS_3_702,11142,2.98
CA_1,FOODS_3_702,11143,2.98
CA_1,FOODS_3_702,11144,2.98
CA_1,FOODS_3_702,11145,2.98
CA_1,FOODS_3_702,11146,2.98
CA_1,FOODS_3_702,11147,2.98
CA_1,FOODS_3_702,11148,2.98
CA_1,FOODS_3_702,11149,2.98
CA_1,FOODS_3_702,11150,2.98
CA_1,FOODS_3_702,11151,2.98
CA_1,FOODS_3_702,11152,2.98
CA_1,FOODS_3_702,11201,2.98
CA_1,FOODS_3_702,11202,2.98
CA_1,FOODS_3_702,11203,2.98
CA_1,FOODS_3_702,11204,2.98
CA_1,FOODS_3_702,11205,2.98
CA_1,FOODS_3_702,11206,2.98
CA_1,FOODS_3_702,11207,2.98
CA_1,FOODS_3_702,11208,2.98
CA_1,FOODS_3_702,11209,2.98
CA_1,FOODS_3_702,11210,2.98
CA_1,FOODS_3_702,11211,2.98
CA_1,FOODS_3_702,11212,2.98
CA_1,FOODS_3_702,11213,2.98
CA_1,FOODS_3_702,11214,2.98
CA_1,FOODS_3_702,11215,2.98
CA_1,FOODS_3_702,11216,2.98
CA_1,FOODS_3_702,11217,2.98
CA_1,FOODS_3_702,11218,2.98
CA_1,FOODS_3_702,11219,2.98
CA_1,FOODS_3_702,11220,2.98
CA_1,FOODS_3_702,11221,2.98
CA_1,FOODS_3_702,11222,2.98
CA_1,FOODS_3_702,11223,2.98
CA_1,FOODS_3_702,11224,2.98
CA_1,FOODS_3_702,11225,2.98
CA_1,FOODS_3_702,11226,2.98
CA_1,FOODS_3_702,11227,2.98
CA_1,FOODS_3_702,11228,2.98
CA_1,FOODS_3_702,11229,2.98
CA_1,FOODS_3_702,11230,2.98
CA_1,FOODS_3_702,11231,2.98
CA_1,FOODS_3_702,11232,2.98
CA_1,FOODS_3_702,11233,2.98
CA_1,FOODS_3_702,11234,2.98
CA_1,FOODS_3_702,11235,2.98
CA_1,FOODS_3_702,11236,2.98
CA_1,FOODS_3_702,11237,2.98
CA_1,FOODS_3_702,11238,2.98
CA_1,FOODS_3_702,11239,2.98
CA_1,FOODS_3_702,11240,2.98
CA_1,FOODS_3_702,11241,2.98
CA_1,FOODS_3_702,11242,2.98
CA_1,FOODS_3_702,11243,2.98
CA_1,FOODS_3_702,11244,2.98
CA_1,FOODS_3_702,11245,2.98
CA_1,FOODS_3_702,11246,2.98
CA_1,FOODS_3_702,11247,2.98
CA_1,FOODS_3_702,11248,2.98
CA_1,FOODS_3_702,11249,2.98
CA_1,FOODS_3_702,11250,2.98
CA_1,FOODS_3_702,11251,2.98
CA_1,FOODS_3_702,11252,2.98
CA_1,FOODS_3_702,11301,2.98
CA_1,FOODS_3_702,11302,2.98
CA_1,FOODS_3_702,11303,2.98
CA_1,FOODS_3_702,11304,2.98
CA_1,FOODS_3_702,11305,2.98
CA_1,FOODS_3_702,11306,2.98
CA_1,FOODS_3_702,11307,2.98
CA_1,FOODS_3_702,11308,2.98
CA_1,FOODS_3_702,11309,2.98
CA_1,FOODS_3_702,11310,2.98
CA_1,FOODS_3_702,11311,2.98
CA_1,FOODS_3_702,11312,2.98
CA_1,FOODS_3_702,11313,2.98
CA_1,FOODS_3_702,11314,2.98
CA_1,FOODS_3_702,11315,2.98
CA_1,FOODS_3_702,11316,2.98
CA_1,FOODS_3_702,11317,2.98
CA_1,FOODS_3_702,11318,2.98
CA_1,FOODS_3_702,11319,2.98
CA_1,FOODS_3_702,11320,2.98
CA_1,FOODS_3_702,11321,2.98
CA_1,FOODS_3_702,11322,2.98
CA_1,FOODS_3_702,11323,2.98
CA_1,FOODS_3_702,11324,2.98
CA_1,FOODS_3_702,11325,2.98
CA_1,FOODS_3_702,11326,2.98
CA_1,FOODS_3_702,11327,2.98
CA_1,FOODS_3_702,11328,2.98
CA_1,FOODS_3_702,11329,2.98
CA_1,FOODS_3_702,11330,2.98
CA_1,FOODS_3_702,11331,2.98
CA_1,FOODS_3_702,11332,2.98
CA_1,FOODS_3_702,11333,2.98
CA_1,FOODS_3_702,11334,2.98
CA_1,FOODS_3_702,11335,2.98
CA_1,FOODS_3_702,11336,2.98
CA_1,FOODS_3_702,11337,2.98
CA_1,FOODS_3_702,11338,2.98
CA_1,FOODS_3_702,11339,2.98
CA_1,FOODS_3_702,11340,2.98
CA_1,FOODS_3_702,11341,2.98
CA_1,FOODS_3_702,11342,2.98
CA_1,FOODS_3_702,11343,2.98
CA_1,FOODS_3_702,11344,2.98
CA_1,FOODS_3_702,11345,2.98
CA_1,FOODS_3_702,11346,2.98
CA_1,FOODS_3_702,11347,2.98
CA_1,FOODS_3_702,11348,2.98
CA_1,FOODS_3_702,11349,2.98
CA_1,FOODS_3_702,11350,2.98
CA_1,FOODS_3_702,11351,2.98
CA_1,FOODS_3_702,11352,2.98
CA_1,FOODS_3_702,11353,2.98
CA_1,FOODS_3_702,11401,2.98
CA_1,FOODS_3_702,11402,2.98
CA_1,FOODS_3_702,11403,2.98
CA_1,FOODS_3_702,11404,2.98
CA_1,FOODS_3_702,11405,2.98
CA_1,FOODS_3_702,11406,2.98
CA_1,FOODS_3_702,11407,2.98
CA_1,FOODS_3_702,11408,2.98
CA_1,FOODS_3_702,11409,2.98
CA_1,FOODS_3_702,11410,2.98
CA_1,FOODS_3_702,11411,2.98
CA_1,FOODS_3_702,11412,2.98
CA_1,FOODS_3_702,11413,2.98
CA_1,FOODS_3_702,11414,2.98
CA_1,FOODS_3_702,11415,2.98
CA_1,FOODS_3_702,11416,2.98
CA_1,FOODS_3_702,11417,2.98
CA_1,FOODS_3_702,11418,2.98
CA_1,FOODS_3_702,11419,2.98
CA_1,FOODS_3_702,11420,2.98
CA_1,FOODS_3_702,11421,2.98
CA_1,FOODS_3_702,11422,2.98
CA_1,FOODS_3_702,11423,2.98
CA_1,FOODS_3_702,11424,2.98
CA_1,FOODS_3_702,11425,2.98
CA_1,FOODS_3_702,11426,2.98
CA_1,FOODS_3_702,11427,2.98
CA_1,FOODS_3_702,11428,2.98
CA_1,FOODS_3_702,11429,2.98
CA_1,FOODS_3_702,11430,2.98
CA_1,FOODS_3_702,11431,2.98
CA_1,FOODS_3_702,11432,2.98
CA_1,FOODS_3_702,11433,2.98
CA_1,FOODS_3_702,11434,2.98
CA_1,FOODS_3_702,11435,2.98
CA_1,FOODS_3_702,11436,2.98
CA_1,FOODS_3_702,11437,2.98
CA_1,FOODS_3_702,11438,2.98
CA_1,FOODS_3_702,11439,2.98
CA_1,FOODS_3_702,11440,2.98
CA_1,FOODS_3_702,11441,2.98
CA_1,FOODS_3_702,11442,2.98
CA_1,FOODS_3_702,11443,2.98
CA_1,FOODS_3_702,11444,2.98
CA_1,FOODS_3_702,11445,2.98
CA_1,FOODS_3_702,11446,2.98
CA_1,FOODS_3_702,11447,2.98
CA_1,FOODS_3_702,11448,2.98
CA_1,FOODS_3_702,11449,2.98
CA_1,FOODS_3_702,11450,2.98
CA_1,FOODS_3_702,11451,2.98
CA_1,FOODS_3_702,11452,2.98
CA_1,FOODS_3_702,11501,2.98
CA_1,FOODS_3_702,11502,2.98
CA_1,FOODS_3_702,11503,2.98
CA_1,FOODS_3_702,11504,2.98
CA_1,FOODS_3_702,11505,2.98
CA_1,FOODS_3_702,11506,2.98
CA_1,FOODS_3_702,11507,2.98
CA_1,FOODS_3_702,11508,2.98
CA_1,FOODS_3_702,11509,2.98
CA_1,FOODS_3_702,11510,2.98
CA_1,FOODS_3_702,11511,2.98
CA_1,FOODS_3_702,11512,2.98
CA_1,FOODS_3_702,11513,2.98
CA_1,FOODS_3_702,11514,2.98
CA_1,FOODS_3_702,11515,2.98
CA_1,FOODS_3_702,11516,2.98
CA_1,FOODS_3_702,11517,2.98
CA_1,FOODS_3_702,11518,2.98
CA_1,FOODS_3_702,11519,2.98
CA_1,FOODS_3_702,11520,2.98
CA_1,FOODS_3_702,11521,2.98
CA_1,FOODS_3_702,11522,2.98
CA_1,FOODS_3_702,11523,2.98
CA_1,FOODS_3_702,11524,2.98
CA_1,FOODS_3_702,11525,2.98
CA_1,FOODS_3_702,11526,2.98
CA_1,FOODS_3_702,11527,2.98
CA_1,FOODS_3_702,11528,2.98
CA_1,FOODS_3_702,11529,2.98
CA_1,FOODS_3_702,11530,2.98
CA_1,FOODS_3_702,11531,2.98
CA_1,FOODS_3_702,11532,2.98
CA_1,FOODS_3_702,11533,2.98
CA_1,FOODS_3_702,11534,2.98
CA_1,FOODS_3_702,11535,2.98
CA_1,FOODS_3_702,11536,2.98
CA_1,FOODS_3_702,11537,2.98
CA_1,FOODS_3_702,11538,2.98
CA_1,FOODS_3_702,11539,2.98
CA_1,FOODS_3_702,11540,2.98
CA_1,FOODS_3_702,11541,2.98
CA_1,FOODS_3_702,11542,2.98
CA_1,FOODS_3_702,11543,2.98
CA_1,FOODS_3_702,11544,2.98
CA_1,FOODS_3_702,11545,2.98
CA_1,FOODS_3_702,11546,2.98
CA_1,FOODS_3_702,11547,2.98
CA_1,FOODS_3_702,11548,2.98
CA_1,FOODS_3_702,11549,2.98
CA_1,FOODS_3_702,11550,2.98
CA_1,FOODS_3_702,11551,2.98
CA_1,FOODS_3_702,11552,2.98
CA_1,FOODS_3_702,11601,2.98
CA_1,FOODS_3_702,11602,2.98
CA_1,FOODS_3_702,11603,2.98
CA_1,FOODS_3_702,11604,2.98
CA_1,FOODS_3_702,11605,2.98
CA_1,FOODS_3_702,11606,2.98
CA_1,FOODS_3_702,11607,3.0
CA_1,FOODS_3_702,11608,3.0
CA_1,FOODS_3_702,11609,3.0
CA_1,FOODS_3_702,11610,3.0
CA_1,FOODS_3_702,11611,3.0
CA_1,FOODS_3_702,11612,3.0
CA_1,FOODS_3_702,11613,3.0
CA_1,FOODS_3_702,11614,3.0
CA_1,FOODS_3_702,11615,3.0
CA_1,FOODS_3_702,11616,3.0
CA_1,FOODS_3_702,11617,3.0
CA_1,FOODS_3_702,11618,3.0
CA_1,FOODS_3_702,11619,3.0
CA_1,FOODS_3_702,11620,3.0
CA_1,FOODS_3_702,11621,3.0
CA_1,FOODS_3_711,11101,0.2
CA_1,FOODS_3_711,11102,0.2
CA_1,FOODS_3_711,11103,0.2
CA_1,FOODS_3_711,11104,0.2
CA_1,FOODS_3_711,11105,0.2
CA_1,FOODS_3_711,11106,0.2
CA_1,FOODS_3_711,11107,0.2
CA_1,FOODS_3_711,11108,0.2
CA_1,FOODS_3_711,11109,0.2
CA_1,FOODS_3_711,11110,0.2
CA_1,FOODS_3_711,11111,0.2
CA_1,FOODS_3_711,11112,0.2
CA_1,FOODS_3_711,11113,0.2
CA_1,FOODS_3_711,11114,0.2
CA_1,FOODS_3_711,11115,0.2
CA_1,FOODS_3_711,11116,0.2
CA_1,FOODS_3_711,11117,0.2
CA_1,FOODS_3_711,11118,0.2
CA_1,FOODS_3_711,11119,0.2
CA_1,FOODS_3_711,11120,0.2
CA_1,FOODS_3_711,11121,0.2
CA_1,FOODS_3_711,11122,0.2
CA_1,FOODS_3_711,11123,0.2
CA_1,FOODS_3_711,11124,0.2
CA_1,FOODS_3_711,11125,0.2
CA_1,FOODS_3_711,11126,0.2
CA_1,FOODS_3_711,11127,0.2
CA_1,FOODS_3_711,11128,0.2
CA_1,FOODS_3_711,11129,0.2
CA_1,FOODS_3_711,11130,0.2
CA_1,FOODS_3_711,11131,0.2
CA_1,FOODS_3_711,11132,0.2
CA_1,FOODS_3_711,11133,0.2
CA_1,FOODS_3_711,11134,0.2
CA_1,FOODS_3_711,11135,0.2
CA_1,FOODS_3_711,11136,0.2
CA_1,FOODS_3_711,11137,0.2
CA_1,FOODS_3_711,11138,0.2
CA_1,FOODS_3_711,11139,0.2
CA_1,FOODS_3_711,11140,0.2
CA_1,FOODS_3_711,11141,0.2
CA_1,FOODS_3_711,11142,0.2
CA_1,FOODS_3_711,11143,0.2
CA_1,FOODS_3_711,11144,0.2
CA_1,FOODS_3_711,11145,0.2
CA_1,FOODS_3_711,11146,0.2
CA_1,FOODS_3_711,11147,0.2
CA_1,FOODS_3_711,11148,0.2
CA_1,FOODS_3_711,11149,0.2
CA_1,FOODS_3_711,11150,0.2
CA_1,FOODS_3_711,11151,0.2
CA_1,FOODS_3_711,11152,0.2
CA_1,FOODS_3_711,11201,0.2
CA_1,FOODS_3_711,11202,0.2
CA_1,FOODS_3_711,11203,0.2
CA_1,FOODS_3_711,11204,0.2
CA_1,FOODS_3_711,11205,0.2
CA_1,FOODS_3_711,11206,0.2
CA_1,FOODS_3_711,11207,0.2
CA_1,FOODS_3_711,11208,0.2
CA_1,FOODS_3_711,11209,0.2
CA_1,FOODS_3_711,11210,0.2
CA_1,FOODS_3_711,11211,0.2
CA_1,FOODS_3_711,11212,0.2
CA_1,FOODS_3_711,11213,0.2
CA_1,FOODS_3_711,11214,0.2
CA_1,FOODS_3_711,11215,0.2
CA_1,FOODS_3_711,11216,0.2
CA_1,FOODS_3_711,11217,0.2
CA_1,FOODS_3_711,11218,0.2
CA_1,FOODS_3_711,11219,0.2
CA_1,FOODS_3_711,11220,0.2
CA_1,FOODS_3_711,11221,0.2
CA_1,FOODS_3_711,11222,0.2
CA_1,FOODS_3_711,11223,0.2
CA_1,FOODS_3_711,11224,0.2
CA_1,FOODS_3_711,11225,0.2
CA_1,FOODS_3_711,11226,0.2
CA_1,FOODS_3_711,11227,0.2
CA_1,FOODS_3_711,11228,0.2
CA_1,FOODS_3_711,11229,0.2
CA_1,FOODS_3_711,11230,0.2
CA_1,FOODS_3_711,11231,0.2
CA_1,FOODS_3_711,11232,0.2
CA_1,FOODS_3_711,11233,0.2
CA_1,FOODS_3_711,11234,0.2
CA_1,FOODS_3_711,11235,0.2
CA_1,FOODS_3_711,11236,0.2
CA_1,FOODS_3_711,11237,0.2
CA_1,FOODS_3_711,11238,0.2
CA_1,FOODS_3_711,11239,0.2
CA_1,FOODS_3_711,11240,0.2
CA_1,FOODS_3_711,11241,0.2
CA_1,FOODS_3_711,11242,0.2
CA_1,FOODS_3_711,11243,0.2
CA_1,FOODS_3_711,11244,0.2
CA_1,FOODS_3_711,11245,0.2
CA_1,FOODS_3_711,11246,0.2
CA_1,FOODS_3_711,11247,0.2
CA_1,FOODS_3_711,11248,0.2
CA_1,FOODS_3_711,11249,0.2
CA_1,FOODS_3_711,11250,0.2
CA_1,FOODS_3_711,11251,0.2
CA_1,FOODS_3_711,11252,0.2
CA_1,FOODS_3_711,11301,0.2
CA_1,FOODS_3_711,11302,0.2
CA_1,FOODS_3_711,11303,0.2
CA_1,FOODS_3_711,11304,0.2
CA_1,FOODS_3_711,11305,0.2
CA_1,FOODS_3_711,11306,0.2
CA_1,FOODS_3_711,11307,0.2
CA_1,FOODS_3_711,11308,0.2
CA_1,FOODS_3_711,11309,0.2
CA_1,FOODS_3_711,11310,0.2
CA_1,FOODS_3_711,11311,0.2
CA_1,FOODS_3_711,11312,0.2
CA_1,FOODS_3_711,11313,0.2
CA_1,FOODS_3_711,11314,0.2
CA_1,FOODS_3_711,11315,0.2
CA_1,FOODS_3_711,11316,0.2
CA_1,FOODS_3_711,11317,0.2
CA_1,FOODS_3_711,11318,0.2
CA_1,FOODS_3_711,11319,0.2
CA_1,FOODS_3_711,11320,0.2
CA_1,FOODS_3_711,11321,0.2
CA_1,FOODS_3_711,11322,0.2
CA_1,FOODS_3_711,11323,0.2
CA_1,FOODS_3_711,11324,0.2
CA_1,FOODS_3_711,11325,0.2
CA_1,FOODS_3_711,11326,0.2
CA_1,FOODS_3_711,11327,0.2
CA_1,FOODS_3_711,11328,0.2
CA_1,FOODS_3_711,11329,0.2
CA_1,FOODS_3_711,11330,0.2
CA_1,FOODS_3_711,11331,0.2
CA_1,FOODS_3_711,11332,0.2
CA_1,FOODS_3_711,11333,0.2
CA_1,FOODS_3_711,11334,0.2
CA_1,FOODS_3_711,11335,0.2
CA_1,FOODS_3_711,11336,0.2
CA_1,FOODS_3_711,11337,0.2
CA_1,FOODS_3_711,11338,0.2
CA_1,FOODS_3_711,11339,0.2
CA_1,FOODS_3_711,11340,0.2
CA_1,FOODS_3_711,11341,0.2
CA_1,FOODS_3_711,11342,0.2
CA_1,FOODS_3_711,11343,0.2
CA_1,FOODS_3_711,11344,0.2
CA_1,FOODS_3_711,11345,0.2
CA_1,FOODS_3_711,11346,0.2
CA_1,FOODS_3_711,11347,0.2
CA_1,FOODS_3_711,11348,0.2
CA_1,FOODS_3_711,11349,0.2
CA_1,FOODS_3_711,11350,0.2
CA_1,FOODS_3_711,11351,0.2
CA_1,FOODS_3_711,11352,0.2
CA_1,FOODS_3_711,11353,0.2
CA_1,FOODS_3_711,11401,0.2
CA_1,FOODS_3_711,11402,0.2
CA_1,FOODS_3_711,11403,0.2
CA_1,FOODS_3_711,11404,0.2
CA_1,FOODS_3_711,11405,0.2
CA_1,FOODS_3_711,11406,0.2
CA_1,FOODS_3_711,11407,0.2
CA_1,FOODS_3_711,11408,0.2
CA_1,FOODS_3_711,11409,0.2
CA_1,FOODS_3_711,11410,0.2
CA_1,FOODS_3_711,11411,0.2
CA_1,FOODS_3_711,11412,0.2
CA_1,FOODS_3_711,11413,0.2
CA_1,FOODS_3_711,11414,0.2
CA_1,FOODS_3_711,11415,0.2
CA_1,FOODS_3_711,11416,0.2
CA_1,FOODS_3_711,11417,0.2
CA_1,FOODS_3_711,11418,0.2
CA_1,FOODS_3_711,11419,0.2
CA_1,FOODS_3_711,11420,0.2
CA_1,FOODS_3_711,11421,0.2
CA_1,FOODS_3_711,11422,0.2
CA_1,FOODS_3_711,11423,0.2
CA_1,FOODS_3_711,11424,0.2
CA_1,FOODS_3_711,11425,0.2
CA_1,FOODS_3_711,11426,0.2
CA_1,FOODS_3_711,11427,0.2
CA_1,FOODS_3_711,11428,0.2
CA_1,FOODS_3_711,11429,0.2
CA_1,FOODS_3_711,11430,0.2
CA_1,FOODS_3_711,11431,0.2
CA_1,FOODS_3_711,11432,0.2
CA_1,FOODS_3_711,11433,0.2
CA_1,FOODS_3_711,11434,0.2
CA_1,FOODS_3_711,11435,0.2
CA_1,FOODS_3_711,11436,0.2
CA_1,FOODS_3_711,11437,0.2
CA_1,FOODS_3_711,11438,0.2
CA_1,FOODS_3_711,11439,0.2
CA_1,FOODS_3_711,11440,0.2
CA_1,FOODS_3_711,11441,0.2
CA_1,FOODS_3_711,11442,0.2
CA_1,FOODS_3_711,11443,0.2
CA_1,FOODS_3_711,11444,0.2
CA_1,FOODS_3_711,11445,0.2
CA_1,FOODS_3_711,11446,0.2
CA_1,FOODS_3_711,11447,0.2
CA_1,FOODS_3_711,11448,0.2
CA_1,FOODS_3_711,11449,0.2
CA_1,FOODS_3_711,11450,0.2
CA_1,FOODS_3_711,11451,0.2
CA_1,FOODS_3_711,11452,0.2
CA_1,FOODS_3_711,11501,0.2
CA_1,FOODS_3_711,11502,0.2
CA_1,FOODS_3_711,11503,0.2
CA_1,FOODS_3_711,11504,0.2
CA_1,FOODS_3_711,11505,0.2
CA_1,FOODS_3_711,11506,0.2
CA_1,FOODS_3_711,11507,0.2
CA_1,FOODS_3_711,11508,0.2
CA_1,FOODS_3_711,11509,0.2
CA_1,FOODS_3_711,11510,0.2
CA_1,FOODS_3_711,11511,0.2
CA_1,FOODS_3_711,11512,0.2
CA_1,FOODS_3_711,11513,0.2
CA_1,FOODS_3_711,11514,0.2
CA_1,FOODS_3_711,11515,0.2
CA_1,FOODS_3_711,11516,0.2
CA_1,FOODS_3_711,11517,0.2
CA_1,FOODS_3_711,11518,0.2
CA_1,FOODS_3_711,11519,0.2
CA_1,FOODS_3_711,11520,0.2
CA_1,FOODS_3_711,11521,0.2
CA_1,FOODS_3_711,11522,0.2
CA_1,FOODS_3_711,11523,0.2
CA_1,FOODS_3_711,11524,0.2
CA_1,FOODS_3_711,11525,0.2
CA_1,FOODS_3_711,11526,0.2
CA_1,FOODS_3_711,11527,0.2
CA_1,FOODS_3_711,11528,0.2
CA_1,FOODS_3_711,11529,0.2
CA_1,FOODS_3_711,11530,0.2
CA_1,FOODS_3_711,11531,0.2
CA_1,FOODS_3_711,11532,0.2
CA_1,FOODS_3_711,11533,0.2
CA_1,FOODS_3_711,11534,0.2
CA_1,FOODS_3_711,11535,0.2
CA_1,FOODS_3_711,11536,0.2
CA_1,FOODS_3_711,11537,0.2
CA_1,FOODS_3_711,11538,0.2
CA_1,FOODS_3_711,11539,0.2
CA_1,FOODS_3_711,11540,0.2
CA_1,FOODS_3_711,11541,0.2
CA_1,FOODS_3_711,11542,0.2
CA_1,FOODS_3_711,11543,0.2
CA_1,FOODS_3_711,11544,0.2
CA_1,FOODS_3_711,11545,0.2
CA_1,FOODS_3_711,11546,0.2
CA_1,FOODS_3_711,11547,0.2
CA_1,FOODS_3_711,11548,0.2
CA_1,FOODS_3_711,11549,0.2
CA_1,FOODS_3_711,11550,0.2
CA_1,FOODS_3_711,11551,0.2
CA_1,FOODS_3_711,11552,0.2
CA_1,FOODS_3_711,11601,0.2
CA_1,FOODS_3_711,11602,0.2
CA_1,FOODS_3_711,11603,0.2
CA_1,FOODS_3_711,11604,0.2
CA_1,FOODS_3_711,11605,0.2
CA_1,FOODS_3_711,11606,0.25
CA_1,FOODS_3_711,11607,0.25
CA_1,FOODS_3_711,11608,0.25
CA_1,FOODS_3_711,11609,0.25
CA_1,FOODS_3_711,11610,0.25
CA_1,FOODS_3_711,11611,0.25
CA_1,FOODS_3_711,11612,0.25
CA_1,FOODS_3_711,11613,0.25
CA_1,FOODS_3_711,11614,0.25
CA_1,FOODS_3_711,11615,0.25
CA_1,FOODS_3_711,11616,0.25
CA_1,FOODS_3_711,11617,0.25
CA_1,FOODS_3_711,11618,0.25
CA_1,FOODS_3_711,11619,0.25
CA_1,FOODS_3_711,11620,0.25
CA_1,FOODS_3_711,11621,0.25
CA_1,FOODS_3_714,11101,1.48
CA_1,FOODS_3_714,11102,1.48
CA_1,FOODS_3_714,11103,1.48
CA_1,FOODS_3_714,11104,1.48
CA_1,FOODS_3_714,11105,1.48
CA_1,FOODS_3_714,11106,1.48
CA_1,FOODS_3_714,11107,1.48
CA_1,FOODS_3_714,11108,1.48
CA_1,FOODS_3_714,11109,1.48
CA_1,FOODS_3_714,11110,1.48
CA_1,FOODS_3_714,11111,1.48
CA_1,FOODS_3_714,11112,1.48
CA_1,FOODS_3_714,11113,1.48
CA_1,FOODS_3_714,11114,1.48
CA_1,FOODS_3_714,11115,1.48
CA_1,FOODS_3_714,11116,1.48
CA_1,FOODS_3_714,11117,1.48
CA_1,FOODS_3_714,11118,1.48
CA_1,FOODS_3_714,11119,1.48
CA_1,FOODS_3_714,11120,1.48
CA_1,FOODS_3_714,11121,1.48
CA_1,FOODS_3_714,11122,1.48
CA_1,FOODS_3_714,11123,1.48
CA_1,FOODS_3_714,11124,1.48
CA_1,FOODS_3_714,11125,1.48
CA_1,FOODS_3_714,11126,1.48
CA_1,FOODS_3_714,11127,1.48
CA_1,FOODS_3_714,11128,1.48
CA_1,FOODS_3_714,11129,1.48
CA_1,FOODS_3_714,11130,1.48
CA_1,FOODS_3_714,11131,1.48
CA_1,FOODS_3_714,11132,1.48
CA_1,FOODS_3_714,11133,1.48
CA_1,FOODS_3_714,11134,1.48
CA_1,FOODS_3_714,11135,1.48
CA_1,FOODS_3_714,11136,1.48
CA_1,FOODS_3_714,11137,1.48
CA_1,FOODS_3_714,11138,1.48
CA_1,FOODS_3_714,11139,1.48
CA_1,FOODS_3_714,11140,1.48
CA_1,FOODS_3_714,11141,1.48
CA_1,FOODS_3_714,11142,1.48
CA_1,FOODS_3_714,11143,1.48
CA_1,FOODS_3_714,11144,1.48
CA_1,FOODS_3_714,11145,1.48
CA_1,FOODS_3_714,11146,1.48
CA_1,FOODS_3_714,11147,1.48
CA_1,FOODS_3_714,11148,1.48
CA_1,FOODS_3_714,11149,1.48
CA_1,FOODS_3_714,11150,1.48
CA_1,FOODS_3_714,11151,1.48
CA_1,FOODS_3_714,11152,1.48
CA_1,FOODS_3_714,11201,1.48
CA_1,FOODS_3_714,11202,1.48
CA_1,FOODS_3_714,11203,1.48
CA_1,FOODS_3_714,11204,1.48
CA_1,FOODS_3_714,11205,1.48
CA_1,FOODS_3_714,11206,1.48
CA_1,FOODS_3_714,11207,1.48
CA_1,FOODS_3_714,11208,1.48
CA_1,FOODS_3_714,11209,1.48
CA_1,FOODS_3_714,11210,1.48
CA_1,FOODS_3_714,11211,1.48
CA_1,FOODS_3_714,11212,1.48
CA_1,FOODS_3_714,11213,1.48
CA_1,FOODS_3_714,11214,1.48
CA_1,FOODS_3_714,11215,1.48
CA_1,FOODS_3_714,11216,1.48
CA_1,FOODS_3_714,11217,1.48
CA_1,FOODS_3_714,11218,1.48
CA_1,FOODS_3_714,11219,1.48
CA_1,FOODS_3_714,11220,1.48
CA_1,FOODS_3_714,11221,1.48
CA_1,FOODS_3_714,11222,1.48
CA_1,FOODS_3_714,11223,1.48
CA_1,FOODS_3_714,11224,1.48
CA_1,FOODS_3_714,11225,1.48
CA_1,FOODS_3_714,11226,1.48
CA_1,FOODS_3_714,11227,1.48
CA_1,FOODS_3_714,11228,1.48
CA_1,FOODS_3_714,11229,1.48
CA_1,FOODS_3_714,11230,1.48
CA_1,FOODS_3_714,11231,1.48
CA_1,FOODS_3_714,11232,1.48
CA_1,FOODS_3_714,11233,1.48
CA_1,FOODS_3_714,11234,1.48
CA_1,FOODS_3_714,11235,1.48
CA_1,FOODS_3_714,11236,1.48
CA_1,FOODS_3_714,11237,1.48
CA_1,FOODS_3_714,11238,1.48
CA_1,FOODS_3_714,11239,1.48
CA_1,FOODS_3_714,11240,1.48
CA_1,FOODS_3_714,11241,1.48
CA_1,FOODS_3_714,11242,1.48
CA_1,FOODS_3_714,11243,1.48
CA_1,FOODS_3_714,11244,1.48
CA_1,FOODS_3_714,11245,1.48
CA_1,FOODS_3_714,11246,1.48
CA_1,FOODS_3_714,11247,1.48
CA_1,FOODS_3_714,11248,1.48
CA_1,FOODS_3_714,11249,1.48
CA_1,FOODS_3_714,11250,1.48
CA_1,FOODS_3_714,11251,1.48
CA_1,FOODS_3_714,11252,1.48
CA_1,FOODS_3_714,11301,1.48
CA_1,FOODS_3_714,11302,1.48
CA_1,FOODS_3_714,11303,1.48
CA_1,FOODS_3_714,11304,1.48
CA_1,FOODS_3_714,11305,1.48
CA_1,FOODS_3_714,11306,1.48
CA_1,FOODS_3_714,11307,1.48
CA_1,FOODS_3_714,11308,1.48
CA_1,FOODS_3_714,11309,1.48
CA_1,FOODS_3_714,11310,1.48
CA_1,FOODS_3_714,11311,1.48
CA_1,FOODS_3_714,11312,1.48
CA_1,FOODS_3_714,11313,1.48
CA_1,FOODS_3_714,11314,1.48
CA_1,FOODS_3_714,11315,1.48
CA_1,FOODS_3_714,11316,1.48
CA_1,FOODS_3_714,11317,1.48
CA_1,FOODS_3_714,11318,1.48
CA_1,FOODS_3_714,11319,1.48
CA_1,FOODS_3_714,11320,1.48
CA_1,FOODS_3_714,11321,1.48
CA_1,FOODS_3_714,11322,1.48
CA_1,FOODS_3_714,11323,1.48
CA_1,FOODS_3_714,11324,1.48
CA_1,FOODS_3_714,11325,1.48
CA_1,FOODS_3_714,11326,1.48
CA_1,FOODS_3_714,11327,1.48
CA_1,FOODS_3_714,11328,1.48
CA_1,FOODS_3_714,11329,1.48
CA_1,FOODS_3_714,11330,1.48
CA_1,FOODS_3_714,11331,1.48
CA_1,FOODS_3_714,11332,1.48
CA_1,FOODS_3_714,11333,1.48
CA_1,FOODS_3_714,11334,1.48
CA_1,FOODS_3_714,11335,1.48
CA_1,FOODS_3_714,11336,1.48
CA_1,FOODS_3_714,11337,1.48
CA_1,FOODS_3_714,11338,1.48
CA_1,FOODS_3_714,11339,1.48
CA_1,FOODS_3_714,11340,1.48
CA_1,FOODS_3_714,11341,1.48
CA_1,FOODS_3_714,11342,1.48
CA_1,FOODS_3_714,11343,1.48
CA_1,FOODS_3_714,11344,1.48
CA_1,FOODS_3_714,11345,1.48
CA_1,FOODS_3_714,11346,1.48
CA_1,FOODS_3_714,11347,1.48
CA_1,FOODS_3_714,11348,1.48
CA_1,FOODS_3_714,11349,1.48
CA_1,FOODS_3_714,11350,1.48
CA_1,FOODS_3_714,11351,1.48
CA_1,FOODS_3_714,11352,1.48
CA_1,FOODS_3_714,11353,1.48
CA_1,FOODS_3_714,11401,1.48
CA_1,FOODS_3_714,11402,1.58
CA_1,FOODS_3_714,11403,1.58
CA_1,FOODS_3_714,11404,1.58
CA_1,FOODS_3_714,11405,1.58
CA_1,FOODS_3_714,11406,1.58
CA_1,FOODS_3_714,11407,1.58
CA_1,FOODS_3_714,11408,1.58
CA_1,FOODS_3_714,11409,1.58
CA_1,FOODS_3_714,11410,1.58
CA_1,FOODS_3_714,11411,1.58
CA_1,FOODS_3_714,11412,1.58
CA_1,FOODS_3_714,11413,1.58
CA_1,FOODS_3_714,11414,1.58
CA_1,FOODS_3_714,11415,1.58
CA_1,FOODS_3_714,11416,1.58
CA_1,FOODS_3_714,11417,1.58
CA_1,FOODS_3_714,11418,1.58
CA_1,FOODS_3_714,11419,1.58
CA_1,FOODS_3_714,11420,1.58
CA_1,FOODS_3_714,11421,1.58
CA_1,FOODS_3_714,11422,1.58
CA_1,FOODS_3_714,11423,1.58
CA_1,FOODS_3_714,11424,1.58
CA_1,FOODS_3_714,11425,1.58
CA_1,FOODS_3_714,11426,1.58
CA_1,FOODS_3_714,11427,1.58
CA_1,FOODS_3_714,11428,1.58
CA_1,FOODS_3_714,11429,1.58
CA_1,FOODS_3_714,11430,1.58
CA_1,FOODS_3_714,11431,1.58
CA_1,FOODS_3_714,11432,1.58
CA_1,FOODS_3_714,11433,1.58
CA_1,FOODS_3_714,11434,1.58
CA_1,FOODS_3_714,11435,1.58
CA_1,FOODS_3_714,11436,1.58
CA_1,FOODS_3_714,11437,1.58
CA_1,FOODS_3_714,11438,1.58
CA_1,FOODS_3_714,11439,1.58
CA_1,FOODS_3_714,11440,1.58
CA_1,FOODS_3_714,11441,1.58
CA_1,FOODS_3_714,11442,1.58
CA_1,FOODS_3_714,11443,1.58
CA_1,FOODS_3_714,11444,1.58
CA_1,FOODS_3_714,11445,1.58
CA_1,FOODS_3_714,11446,1.58
CA_1,FOODS_3_714,11447,1.58
CA_1,FOODS_3_714,11448,1.58
CA_1,FOODS_3_714,11449,1.58
CA_1,FOODS_3_714,11450,1.58
CA_1,FOODS_3_714,11451,1.58
CA_1,FOODS_3_714,11452,1.58
CA_1,FOODS_3_714,11501,1.58
CA_1,FOODS_3_714,11502,1.58
CA_1,FOODS_3_714,11503,1.58
CA_1,FOODS_3_714,11504,1.58
CA_1,FOODS_3_714,11505,1.58
CA_1,FOODS_3_714,11506,1.58
CA_1,FOODS_3_714,11507,1.58
CA_1,FOODS_3_714,11508,1.58
CA_1,FOODS_3_714,11509,1.58
CA_1,FOODS_3_714,11510,1.58
CA_1,FOODS_3_714,11511,1.58
CA_1,FOODS_3_714,11512,1.58
CA_1,FOODS_3_714,11513,1.58
CA_1,FOODS_3_714,11514,1.58
CA_1,FOODS_3_714,11515,1.58
CA_1,FOODS_3_714,11516,1.58
CA_1,FOODS_3_714,11517,1.58
CA_1,FOODS_3_714,11518,1.58
CA_1,FOODS_3_714,11519,1.58
CA_1,FOODS_3_714,11520,1.58
CA_1,FOODS_3_714,11521,1.58
CA_1,FOODS_3_714,11522,1.58
CA_1,FOODS_3_714,11523,1.58
CA_1,FOODS_3_714,11524,1.58
CA_1,FOODS_3_714,11525,1.58
CA_1,FOODS_3_714,11526,1.58
CA_1,FOODS_3_714,11527,1.58
CA_1,FOODS_3_714,11528,1.58
CA_1,FOODS_3_714,11529,1.58
CA_1,FOODS_3_714,11530,1.58
CA_1,FOODS_3_714,11531,1.58
CA_1,FOODS_3_714,11532,1.58
CA_1,FOODS_3_714,11533,1.58
CA_1,FOODS_3_714,11534,1.58
CA_1,FOODS_3_714,11535,1.58
CA_1,FOODS_3_714,11536,1.58
CA_1,FOODS_3_714,11537,1.58
CA_1,FOODS_3_714,11538,1.58
CA_1,FOODS_3_714,11539,1.58
CA_1,FOODS_3_714,11540,1.58
CA_1,FOODS_3_714,11541,1.58
CA_1,FOODS_3_714,11542,1.58
CA_1,FOODS_3_714,11543,1.58
CA_1,FOODS_3_714,11544,1.58
CA_1,FOODS_3_714,11545,1.58
CA_1,FOODS_3_714,11546,1.58
CA_1,FOODS_3_714,11547,1.58
CA_1,FOODS_3_714,11548,1.58
CA_1,FOODS_3_714,11549,1.58
CA_1,FOODS_3_714,11550,1.58
CA_1,FOODS_3_714,11551,1.58
CA_1,FOODS_3_714,11552,1.58
CA_1,FOODS_3_714,11601,1.58
CA_1,FOODS_3_714,11602,1.58
CA_1,FOODS_3_714,11603,1.58
CA_1,FOODS_3_714,11604,1.58
CA_1,FOODS_3_714,11605,1.58
CA_1,FOODS_3_714,11606,1.58
CA_1,FOODS_3_714,11607,1.58
CA_1,FOODS_3_714,11608,1.58
CA_1,FOODS_3_714,11609,1.58
CA_1,FOODS_3_714,11610,1.58
CA_1,FOODS_3_714,11611,1.58
CA_1,FOODS_3_714,11612,1.58
CA_1,FOODS_3_714,11613,1.58
CA_1,FOODS_3_714,11614,1.58
CA_1,FOODS_3_714,11615,1.58
CA_1,FOODS_3_714,11616,1.58
CA_1,FOODS_3_714,11617,1.58
CA_1,FOODS_3_714,11618,1.58
CA_1,FOODS_3_714,11619,1.58
CA_1,FOODS_3_714,11620,1.58
CA_1,FOODS_3_714,11621,1.58
CA_1,FOODS_3_723,11101,1.25
CA_1,FOODS_3_723,11102,1.25
CA_1,FOODS_3_723,11103,1.25
CA_1,FOODS_3_723,11104,1.25
CA_1,FOODS_3_723,11105,1.25
CA_1,FOODS_3_723,11106,1.25
CA_1,FOODS_3_723,11107,1.25
CA_1,FOODS_3_723,11108,1.25
CA_1,FOODS_3_723,11109,1.25
CA_1,FOODS_3_723,11110,1.25
CA_1,FOODS_3_723,11111,1.25
CA_1,FOODS_3_723,11112,1.25
CA_1,FOODS_3_723,11113,1.25
CA_1,FOODS_3_723,11114,1.25
CA_1,FOODS_3_723,11115,1.25
CA_1,FOODS_3_723,11116,1.25
CA_1,FOODS_3_723,11117,1.25
CA_1,FOODS_3_723,11118,1.25
CA_1,FOODS_3_723,11119,1.25
CA_1,FOODS_3_723,11120,1.25
CA_1,FOODS_3_723,11121,1.25
CA_1,FOODS_3_723,11122,1.25
CA_1,FOODS_3_723,11123,1.25
CA_1,FOODS_3_723,11124,1.25
CA_1,FOODS_3_723,11125,1.25
CA_1,FOODS_3_723,11126,1.25
CA_1,FOODS_3_723,11127,1.25
CA_1,FOODS_3_723,11128,1.25
CA_1,FOODS_3_723,11129,1.25
CA_1,FOODS_3_723,11130,1.25
CA_1,FOODS_3_723,11131,1.25
CA_1,FOODS_3_723,11132,1.25
CA_1,FOODS_3_723,11133,1.25
CA_1,FOODS_3_723,11134,1.28
CA_1,FOODS_3_723,11135,1.28
CA_1,FOODS_3_723,11136,1.28
CA_1,FOODS_3_723,11137,1.28
CA_1,FOODS_3_723,11138,1.28
CA_1,FOODS_3_723,11139,1.28
CA_1,FOODS_3_723,11140,1.28
CA_1,FOODS_3_723,11141,1.28
CA_1,FOODS_3_723,11142,1.28
CA_1,FOODS_3_723,11143,1.28
CA_1,FOODS_3_723,11144,1.28
CA_1,FOODS_3_723,11145,1.28
CA_1,FOODS_3_723,11146,1.28
CA_1,FOODS_3_723,11147,1.28
CA_1,FOODS_3_723,11148,1.28
CA_1,FOODS_3_723,11149,1.28
CA_1,FOODS_3_723,11150,1.28
CA_1,FOODS_3_723,11151,1.28
CA_1,FOODS_3_723,11152,1.28
CA_1,FOODS_3_723,11201,1.28
CA_1,FOODS_3_723,11202,1.28
CA_1,FOODS_3_723,11203,1.28
CA_1,FOODS_3_723,11204,1.44
CA_1,FOODS_3_723,11205,1.44
CA_1,FOODS_3_723,11206,1.44
CA_1,FOODS_3_723,11207,1.44
CA_1,FOODS_3_723,11208,1.44
CA_1,FOODS_3_723,11209,1.48
CA_1,FOODS_3_723,11210,1.48
CA_1,FOODS_3_723,11211,1.48
CA_1,FOODS_3_723,11212,1.48
CA_1,FOODS_3_723,11213,1.48
CA_1,FOODS_3_723,11214,1.48
CA_1,FOODS_3_723,11215,1.48
CA_1,FOODS_3_723,11216,1.48
CA_1,FOODS_3_723,11217,1.48
CA_1,FOODS_3_723,11218,1.48
CA_1,FOODS_3_723,11219,1.48
CA_1,FOODS_3_723,11220,1.48
CA_1,FOODS_3_723,11221,1.48
CA_1,FOODS_3_723,11222,1.28
CA_1,FOODS_3_723,11223,1.28
CA_1,FOODS_3_723,11224,1.28
CA_1,FOODS_3_723,11225,1.28
CA_1,FOODS_3_723,11226,1.28
CA_1,FOODS_3_723,11227,1.28
CA_1,FOODS_3_723,11228,1.28
CA_1,FOODS_3_723,11229,1.28
CA_1,FOODS_3_723,11230,1.28
CA_1,FOODS_3_723,11231,1.28
CA_1,FOODS_3_723,11232,1.28
CA_1,FOODS_3_723,11233,1.28
CA_1,FOODS_3_723,11234,1.28
CA_1,FOODS_3_723,11235,1.28
CA_1,FOODS_3_723,11236,1.28
CA_1,FOODS_3_723,11237,1.38
CA_1,FOODS_3_723,11238,1.38
CA_1,FOODS_3_723,11239,1.25
CA_1,FOODS_3_723,11240,1.25
CA_1,FOODS_3_723,11241,1.25
CA_1,FOODS_3_723,11242,1.25
CA_1,FOODS_3_723,11243,1.25
CA_1,FOODS_3_723,11244,1.25
CA_1,FOODS_3_723,11245,1.25
CA_1,FOODS_3_723,11246,1.25
CA_1,FOODS_3_723,11247,1.25
CA_1,FOODS_3_723,11248,1.25
CA_1,FOODS_3_723,11249,1.25
CA_1,FOODS_3_723,11250,1.25
CA_1,FOODS_3_723,11251,1.25
CA_1,FOODS_3_723,11252,1.25
CA_1,FOODS_3_723,11301,1.38
CA_1,FOODS_3_723,11302,1.38
CA_1,FOODS_3_723,11303,1.38
CA_1,FOODS_3_723,11304,1.38
CA_1,FOODS_3_723,11305,1.38
CA_1,FOODS_3_723,11306,1.38
CA_1,FOODS_3_723,11307,1.38
CA_1,FOODS_3_723,11308,1.38
CA_1,FOODS_3_723,11309,1.38
CA_1,FOODS_3_723,11310,1.38
CA_1,FOODS_3_723,11311,1.38
CA_1,FOODS_3_723,11312,1.38
CA_1,FOODS_3_723,11313,1.38
CA_1,FOODS_3_723,11314,1.38
CA_1,FOODS_3_723,11315,1.38
CA_1,FOODS_3_723,11316,1.38
CA_1,FOODS_3_723,11317,1.38
CA_1,FOODS_3_723,11318,1.38
CA_1,FOODS_3_723,11319,1.38
CA_1,FOODS_3_723,11320,1.38
CA_1,FOODS_3_723,11321,1.38
CA_1,FOODS_3_723,11322,1.38
CA_1,FOODS_3_723,11323,1.38
CA_1,FOODS_3_723,11324,1.38
CA_1,FOODS_3_723,11325,1.38
CA_1,FOODS_3_723,11326,1.38
CA_1,FOODS_3_723,11327,1.38
CA_1,FOODS_3_723,11328,1.38
CA_1,FOODS_3_723,11329,1.38
CA_1,FOODS_3_723,11330,1.0
CA_1,FOODS_3_723,11331,1.0
CA_1,FOODS_3_723,11332,1.0
CA_1,FOODS_3_723,11333,1.0
CA_1,FOODS_3_723,11334,1.0
CA_1,FOODS_3_723,11335,1.0
CA_1,FOODS_3_723,11336,1.0
CA_1,FOODS_3_723,11337,1.38
CA_1,FOODS_3_723,11338,1.38
CA_1,FOODS_3_723,11339,1.38
CA_1,FOODS_3_723,11340,1.38
CA_1,FOODS_3_723,11341,1.38
CA_1,FOODS_3_723,11342,1.0
CA_1,FOODS_3_723,11343,1.0
CA_1,FOODS_3_723,11344,1.0
CA_1,FOODS_3_723,11345,1.0
CA_1,FOODS_3_723,11346,1.0
CA_1,FOODS_3_723,11347,1.0
CA_1,FOODS_3_723,11348,1.38
CA_1,FOODS_3_723,11349,1.38
CA_1,FOODS_3_723,11350,1.38
CA_1,FOODS_3_723,11351,1.44
CA_1,FOODS_3_723,11352,1.44
CA_1,FOODS_3_723,11353,1.44
CA_1,FOODS_3_723,11401,1.44
CA_1,FOODS_3_723,11402,1.44
CA_1,FOODS_3_723,11403,1.44
CA_1,FOODS_3_723,11404,1.44
CA_1,FOODS_3_723,11405,1.44
CA_1,FOODS_3_723,11406,1.44
CA_1,FOODS_3_723,11407,1.44
CA_1,FOODS_3_723,11408,1.44
CA_1,FOODS_3_723,11409,1.44
CA_1,FOODS_3_723,11410,1.44
CA_1,FOODS_3_723,11411,1.44
CA_1,FOODS_3_723,11412,1.44
CA_1,FOODS_3_723,11413,1.44
CA_1,FOODS_3_723,11414,1.44
CA_1,FOODS_3_723,11415,1.44
CA_1,FOODS_3_723,11416,1.44
CA_1,FOODS_3_723,11417,1.44
CA_1,FOODS_3_723,11418,1.44
CA_1,FOODS_3_723,11419,1.44
CA_1,FOODS_3_723,11420,1.44
CA_1,FOODS_3_723,11421,1.44
CA_1,FOODS_3_723,11422,1.44
CA_1,FOODS_3_723,11423,1.44
CA_1,FOODS_3_723,11424,1.44
CA_1,FOODS_3_723,11425,1.44
CA_1,FOODS_3_723,11426,1.44
CA_1,FOODS_3_723,11427,1.44
CA_1,FOODS_3_723,11428,1.44
CA_1,FOODS_3_723,11429,1.44
CA_1,FOODS_3_723,11430,1.44
CA_1,FOODS_3_723,11431,1.44
CA_1,FOODS_3_723,11432,1.44
CA_1,FOODS_3_723,11433,1.44
CA_1,FOODS_3_723,11434,1.44
CA_1,FOODS_3_723,11435,1.44
CA_1,FOODS_3_723,11436,1.44
CA_1,FOODS_3_723,11437,1.44
CA_1,FOODS_3_723,11438,1.48
CA_1,FOODS_3_723,11439,1.48
CA_1,FOODS_3_723,11440,1.48
CA_1,FOODS_3_723,11441,1.48
CA_1,FOODS_3_723,11442,1.48
CA_1,FOODS_3_723,11443,1.48
CA_1,FOODS_3_723,11444,1.48
CA_1,FOODS_3_723,11445,1.48
CA_1,FOODS_3_723,11446,1.48
CA_1,FOODS_3_723,11447,1.48
CA_1,FOODS_3_723,11448,1.48
CA_1,FOODS_3_723,11449,1.48
CA_1,FOODS_3_723,11450,1.48
CA_1,FOODS_3_723,11451,1.48
CA_1,FOODS_3_723,11452,1.48
CA_1,FOODS_3_723,11501,1.48
CA_1,FOODS_3_723,11502,1.48
CA_1,FOODS_3_723,11503,1.48
CA_1,FOODS_3_723,11504,1.48
CA_1,FOODS_3_723,11505,1.48
CA_1,FOODS_3_723,11506,1.48
CA_1,FOODS_3_723,11507,1.48
CA_1,FOODS_3_723,11508,1.48
CA_1,FOODS_3_723,11509,1.48
CA_1,FOODS_3_723,11510,1.48
CA_1,FOODS_3_723,11511,1.48
CA_1,FOODS_3_723,11512,1.48
CA_1,FOODS_3_723,11513,1.48
CA_1,FOODS_3_723,11514,1.48
CA_1,FOODS_3_723,11515,1.48
CA_1,FOODS_3_723,11516,1.48
CA_1,FOODS_3_723,11517,1.48
CA_1,FOODS_3_723,11518,1.48
CA_1,FOODS_3_723,11519,1.48
CA_1,FOODS_3_723,11520,1.48
CA_1,FOODS_3_723,11521,1.48
CA_1,FOODS_3_723,11522,1.48
CA_1,FOODS_3_723,11523,1.48
CA_1,FOODS_3_723,11524,1.48
CA_1,FOODS_3_723,11525,1.48
CA_1,FOODS_3_723,11526,1.48
CA_1,FOODS_3_723,11527,1.48
CA_1,FOODS_3_723,11528,1.48
CA_1,FOODS_3_723,11529,1.48
CA_1,FOODS_3_723,11530,1.48
CA_1,FOODS_3_723,11531,1.48
CA_1,FOODS_3_723,11532,1.48
CA_1,FOODS_3_723,11533,1.48
CA_1,FOODS_3_723,11534,1.48
CA_1,FOODS_3_723,11535,1.48
CA_1,FOODS_3_723,11536,1.48
CA_1,FOODS_3_723,11537,1.48
CA_1,FOODS_3_723,11538,1.5
CA_1,FOODS_3_723,11539,1.5
CA_1,FOODS_3_723,11540,1.5
CA_1,FOODS_3_723,11541,1.5
CA_1,FOODS_3_723,11542,1.5
CA_1,FOODS_3_723,11543,1.5
CA_1,FOODS_3_723,11544,1.5
CA_1,FOODS_3_723,11545,1.5
CA_1,FOODS_3_723,11546,1.5
CA_1,FOODS_3_723,11547,1.5
CA_1,FOODS_3_723,11548,1.5
CA_1,FOODS_3_723,11549,1.6
CA_1,FOODS_3_723,11550,1.6
CA_1,FOODS_3_723,11551,1.6
CA_1,FOODS_3_723,11552,1.6
CA_1,FOODS_3_723,11601,1.6
CA_1,FOODS_3_723,11602,1.6
CA_1,FOODS_3_723,11603,1.6
CA_1,FOODS_3_723,11604,1.6
CA_1,FOODS_3_723,11605,1.6
CA_1,FOODS_3_723,11606,1.6
CA_1,FOODS_3_723,11607,1.6
CA_1,FOODS_3_723,11608,1.6
CA_1,FOODS_3_723,11609,1.6
CA_1,FOODS_3_723,11610,1.6
CA_1,FOODS_3_723,11611,1.6
CA_1,FOODS_3_723,11612,1.6
CA_1,FOODS_3_723,11613,1.6
CA_1,FOODS_3_723,11614,1.6
CA_1,FOODS_3_723,11615,1.6
CA_1,FOODS_3_723,11616,1.6
CA_1,FOODS_3_723,11617,1.6
CA_1,FOODS_3_723,11618,1.6
CA_1,FOODS_3_723,11619,1.6
CA_1,FOODS_3_723,11620,1.6
CA_1,FOODS_3_723,11621,1.6
CA_1,FOODS_3_739,11304,1.5
CA_1,FOODS_3_739,11305,1.5
CA_1,FOODS_3_739,11306,1.5
CA_1,FOODS_3_739,11307,1.5
CA_1,FOODS_3_739,11308,1.5
CA_1,FOODS_3_739,11309,1.5
CA_1,FOODS_3_739,11310,1.5
CA_1,FOODS_3_739,11311,1.5
CA_1,FOODS_3_739,11312,1.5
CA_1,FOODS_3_739,11313,1.5
CA_1,FOODS_3_739,11314,1.5
CA_1,FOODS_3_739,11315,1.5
CA_1,FOODS_3_739,11316,1.5
CA_1,FOODS_3_739,11317,1.5
CA_1,FOODS_3_739,11318,1.5
CA_1,FOODS_3_739,11319,1.5
CA_1,FOODS_3_739,11320,1.5
CA_1,FOODS_3_739,11321,1.5
CA_1,FOODS_3_739,11322,1.5
CA_1,FOODS_3_739,11323,1.5
CA_1,FOODS_3_739,11324,1.5
CA_1,FOODS_3_739,11325,1.5
CA_1,FOODS_3_739,11326,1.5
CA_1,FOODS_3_739,11327,1.5
CA_1,FOODS_3_739,11328,1.5
CA_1,FOODS_3_739,11329,1.5
CA_1,FOODS_3_739,11330,1.5
CA_1,FOODS_3_739,11331,1.5
CA_1,FOODS_3_739,11332,1.5
CA_1,FOODS_3_739,11333,1.5
CA_1,FOODS_3_739,11334,1.5
CA_1,FOODS_3_739,11335,1.5
CA_1,FOODS_3_739,11336,1.5
CA_1,FOODS_3_739,11337,1.5
CA_1,FOODS_3_739,11338,1.5
CA_1,FOODS_3_739,11339,1.5
CA_1,FOODS_3_739,11340,1.5
CA_1,FOODS_3_739,11341,1.5
CA_1,FOODS_3_739,11342,1.5
CA_1,FOODS_3_739,11343,1.5
CA_1,FOODS_3_739,11344,1.5
CA_1,FOODS_3_739,11345,1.5
CA_1,FOODS_3_739,11346,1.5
CA_1,FOODS_3_739,11347,1.5
CA_1,FOODS_3_739,11348,1.5
CA_1,FOODS_3_739,11349,1.5
CA_1,FOODS_3_739,11350,1.5
CA_1,FOODS_3_739,11351,1.5
CA_1,FOODS_3_739,11352,1.5
CA_1,FOODS_3_739,11353,1.5
CA_1,FOODS_3_739,11401,1.5
CA_1,FOODS_3_739,11402,1.5
CA_1,FOODS_3_739,11403,1.5
CA_1,FOODS_3_739,11404,1.5
CA_1,FOODS_3_739,11405,1.5
CA_1,FOODS_3_739,11406,1.5
CA_1,FOODS_3_739,11407,1.5
CA_1,FOODS_3_739,11408,1.5
CA_1,FOODS_3_739,11409,1.5
CA_1,FOODS_3_739,11410,1.5
CA_1,FOODS_3_739,11411,1.5
CA_1,FOODS_3_739,11412,1.5
CA_1,FOODS_3_739,11413,1.5
CA_1,FOODS_3_739,11414,1.5
CA_1,FOODS_3_739,11415,1.5
CA_1,FOODS_3_739,11416,1.5
CA_1,FOODS_3_739,11417,1.5
CA_1,FOODS_3_739,11418,1.5
CA_1,FOODS_3_739,11419,1.5
CA_1,FOODS_3_739,11420,1.5
CA_1,FOODS_3_739,11421,1.5
CA_1,FOODS_3_739,11422,1.5
CA_1,FOODS_3_739,11423,1.5
CA_1,FOODS_3_739,11424,1.5
CA_1,FOODS_3_739,11425,1.5
CA_1,FOODS_3_739,11426,1.5
CA_1,FOODS_3_739,11427,1.5
CA_1,FOODS_3_739,11428,1.5
CA_1,FOODS_3_739,11429,1.5
CA_1,FOODS_3_739,11430,1.5
CA_1,FOODS_3_739,11431,1.5
CA_1,FOODS_3_739,11432,1.5
CA_1,FOODS_3_739,11433,1.5
CA_1,FOODS_3_739,11434,1.5
CA_1,FOODS_3_739,11435,1.5
CA_1,FOODS_3_739,11436,1.5
CA_1,FOODS_3_739,11437,1.5
CA_1,FOODS_3_739,11438,1.5
CA_1,FOODS_3_739,11439,1.5
CA_1,FOODS_3_739,11440,1.5
CA_1,FOODS_3_739,11441,1.5
CA_1,FOODS_3_739,11442,1.5
CA_1,FOODS_3_739,11443,1.5
CA_1,FOODS_3_739,11444,1.5
CA_1,FOODS_3_739,11445,1.5
CA_1,FOODS_3_739,11446,1.5
CA_1,FOODS_3_739,11447,1.5
CA_1,FOODS_3_739,11448,1.5
CA_1,FOODS_3_739,11449,1.5
CA_1,FOODS_3_739,11450,1.5
CA_1,FOODS_3_739,11451,1.5
CA_1,FOODS_3_739,11452,1.5
CA_1,FOODS_3_739,11501,1.5
CA_1,FOODS_3_739,11502,1.5
CA_1,FOODS_3_739,11503,1.5
CA_1,FOODS_3_739,11504,1.5
CA_1,FOODS_3_739,11505,1.5
CA_1,FOODS_3_739,11506,1.5
CA_1,FOODS_3_739,11507,1.5
CA_1,FOODS_3_739,11508,1.5
CA_1,FOODS_3_739,11509,1.5
CA_1,FOODS_3_739,11510,1.5
CA_1,FOODS_3_739,11511,1.5
CA_1,FOODS_3_739,11512,1.5
CA_1,FOODS_3_739,11513,1.5
CA_1,FOODS_3_739,11514,1.5
CA_1,FOODS_3_739,11515,1.5
CA_1,FOODS_3_739,11516,1.5
CA_1,FOODS_3_739,11517,1.5
CA_1,FOODS_3_739,11518,1.5
CA_1,FOODS_3_739,11519,1.5
CA_1,FOODS_3_739,11520,1.5
CA_1,FOODS_3_739,11521,1.5
CA_1,FOODS_3_739,11522,1.5
CA_1,FOODS_3_739,11523,1.5
CA_1,FOODS_3_739,11524,1.5
CA_1,FOODS_3_739,11525,1.5
CA_1,FOODS_3_739,11526,1.5
CA_1,FOODS_3_739,11527,1.5
CA_1,FOODS_3_739,11528,1.5
CA_1,FOODS_3_739,11529,1.5
CA_1,FOODS_3_739,11530,1.5
CA_1,FOODS_3_739,11531,1.5
CA_1,FOODS_3_739,11532,1.5
CA_1,FOODS_3_739,11533,1.5
CA_1,FOODS_3_739,11534,1.5
CA_1,FOODS_3_739,11535,1.5
CA_1,FOODS_3_739,11536,1.5
CA_1,FOODS_3_739,11537,1.5
CA_1,FOODS_3_739,11538,1.5
CA_1,FOODS_3_739,11539,1.5
CA_1,FOODS_3_739,11540,1.5
CA_1,FOODS_3_739,11541,1.5
CA_1,FOODS_3_739,11542,1.5
CA_1,FOODS_3_739,11543,1.5
CA_1,FOODS_3_739,11544,1.5
CA_1,FOODS_3_739,11545,1.5
CA_1,FOODS_3_739,11546,1.5
CA_1,FOODS_3_739,11547,1.5
CA_1,FOODS_3_739,11548,1.5
CA_1,FOODS_3_739,11549,1.5
CA_1,FOODS_3_739,11550,1.5
CA_1,FOODS_3_739,11551,1.5
CA_1,FOODS_3_739,11552,1.5
CA_1,FOODS_3_739,11601,1.5
CA_1,FOODS_3_739,11602,1.5
CA_1,FOODS_3_739,11603,1.5
CA_1,FOODS_3_739,11604,1.5
CA_1,FOODS_3_739,11605,1.5
CA_1,FOODS_3_739,11606,1.5
CA_1,FOODS_3_739,11607,1.5
CA_1,FOODS_3_739,11608,1.5
CA_1,FOODS_3_739,11609,1.5
CA_1,FOODS_3_739,11610,1.5
CA_1,FOODS_3_739,11611,1.5
CA_1,FOODS_3_739,11612,1.5
CA_1,FOODS_3_739,11613,1.5
CA_1,FOODS_3_739,11614,1.5
CA_1,FOODS_3_739,11615,1.5
CA_1,FOODS_3_739,11616,1.5
CA_1,FOODS_3_739,11617,1.5
CA_1,FOODS_3_739,11618,1.5
CA_1,FOODS_3_739,11619,1.5
CA_1,FOODS_3_739,11620,1.5
CA_1,FOODS_3_739,11621,1.5
CA_1,FOODS_3_741,11101,1.58
CA_1,FOODS_3_741,11102,1.58
CA_1,FOODS_3_741,11103,1.58
CA_1,FOODS_3_741,11104,1.58
CA_1,FOODS_3_741,11105,1.58
CA_1,FOODS_3_741,11106,1.58
CA_1,FOODS_3_741,11107,1.58
CA_1,FOODS_3_741,11108,1.58
CA_1,FOODS_3_741,11109,1.58
CA_1,FOODS_3_741,11110,1.58
CA_1,FOODS_3_741,11111,1.58
CA_1,FOODS_3_741,11112,1.58
CA_1,FOODS_3_741,11113,1.58
CA_1,FOODS_3_741,11114,1.58
CA_1,FOODS_3_741,11115,1.58
CA_1,FOODS_3_741,11116,1.58
CA_1,FOODS_3_741,11117,1.58
CA_1,FOODS_3_741,11118,1.58
CA_1,FOODS_3_741,11119,1.58
CA_1,FOODS_3_741,11120,1.58
CA_1,FOODS_3_741,11121,1.58
CA_1,FOODS_3_741,11122,1.58
CA_1,FOODS_3_741,11123,1.58
CA_1,FOODS_3_741,11124,1.58
CA_1,FOODS_3_741,11125,1.58
CA_1,FOODS_3_741,11126,1.58
CA_1,FOODS_3_741,11127,1.58
CA_1,FOODS_3_741,11128,1.58
CA_1,FOODS_3_741,11129,1.58
CA_1,FOODS_3_741,11130,1.58
CA_1,FOODS_3_741,11131,1.58
CA_1,FOODS_3_741,11132,1.58
CA_1,FOODS_3_741,11133,1.58
CA_1,FOODS_3_741,11134,1.58
CA_1,FOODS_3_741,11135,1.58
CA_1,FOODS_3_741,11136,1.58
CA_1,FOODS_3_741,11137,1.58
CA_1,FOODS_3_741,11138,1.58
CA_1,FOODS_3_741,11139,1.58
CA_1,FOODS_3_741,11140,1.58
CA_1,FOODS_3_741,11141,1.58
CA_1,FOODS_3_741,11142,1.58
CA_1,FOODS_3_741,11143,1.58
CA_1,FOODS_3_741,11144,1.58
CA_1,FOODS_3_741,11145,1.58
CA_1,FOODS_3_741,11146,1.58
CA_1,FOODS_3_741,11147,1.58
CA_1,FOODS_3_741,11148,1.58
CA_1,FOODS_3_741,11149,1.25
CA_1,FOODS_3_741,11150,1.25
CA_1,FOODS_3_741,11151,1.25
CA_1,FOODS_3_741,11152,1.25
CA_1,FOODS_3_741,11201,1.25
CA_1,FOODS_3_741,11202,1.25
CA_1,FOODS_3_741,11203,1.25
CA_1,FOODS_3_741,11204,1.25
CA_1,FOODS_3_741,11205,1.25
CA_1,FOODS_3_741,11206,1.25
CA_1,FOODS_3_741,11207,1.25
CA_1,FOODS_3_741,11208,1.25
CA_1,FOODS_3_741,11209,1.25
CA_1,FOODS_3_741,11210,1.25
CA_1,FOODS_3_741,11211,1.25
CA_1,FOODS_3_741,11212,1.25
CA_1,FOODS_3_741,11213,1.25
CA_1,FOODS_3_741,11214,1.25
CA_1,FOODS_3_741,11215,1.25
CA_1,FOODS_3_741,11216,1.25
CA_1,FOODS_3_741,11217,1.25
CA_1,FOODS_3_741,11218,1.25
CA_1,FOODS_3_741,11219,1.25
CA_1,FOODS_3_741,11220,1.25
CA_1,FOODS_3_741,11221,1.25
CA_1,FOODS_3_741,11222,1.25
CA_1,FOODS_3_741,11223,1.25
CA_1,FOODS_3_741,11224,1.25
CA_1,FOODS_3_741,11225,1.25
CA_1,FOODS_3_741,11226,1.25
CA_1,FOODS_3_741,11227,1.25
CA_1,FOODS_3_741,11228,1.25
CA_1,FOODS_3_741,11229,1.25
CA_1,FOODS_3_741,11230,1.25
CA_1,FOODS_3_741,11231,1.25
CA_1,FOODS_3_741,11232,1.25
CA_1,FOODS_3_741,11233,1.25
CA_1,FOODS_3_741,11234,1.25
CA_1,FOODS_3_741,11235,1.25
CA_1,FOODS_3_741,11236,1.25
CA_1,FOODS_3_741,11237,1.25
CA_1,FOODS_3_741,11238,1.25
CA_1,FOODS_3_741,11239,1.25
CA_1,FOODS_3_741,11240,1.25
CA_1,FOODS_3_741,11241,1.25
CA_1,FOODS_3_741,11242,1.25
CA_1,FOODS_3_741,11243,1.25
CA_1,FOODS_3_741,11244,1.25
CA_1,FOODS_3_741,11245,1.25
CA_1,FOODS_3_741,11246,1.25
CA_1,FOODS_3_741,11247,1.25
CA_1,FOODS_3_741,11248,1.25
CA_1,FOODS_3_741,11249,1.25
CA_1,FOODS_3_741,11250,1.25
CA_1,FOODS_3_741,11251,1.25
CA_1,FOODS_3_741,11252,1.25
CA_1,FOODS_3_741,11301,1.25
CA_1,FOODS_3_741,11302,1.25
CA_1,FOODS_3_741,11303,1.25
CA_1,FOODS_3_741,11304,1.25
CA_1,FOODS_3_741,11305,1.25
CA_1,FOODS_3_741,11306,1.25
CA_1,FOODS_3_741,11307,1.25
CA_1,FOODS_3_741,11308,1.25
CA_1,FOODS_3_741,11309,1.25
CA_1,FOODS_3_741,11310,1.25
CA_1,FOODS_3_741,11311,1.25
CA_1,FOODS_3_741,11312,1.25
CA_1,FOODS_3_741,11313,1.25
CA_1,FOODS_3_741,11314,1.25
CA_1,FOODS_3_741,11315,1.25
CA_1,FOODS_3_741,11316,1.25
CA_1,FOODS_3_741,11317,1.25
CA_1,FOODS_3_741,11318,1.25
CA_1,FOODS_3_741,11319,1.25
CA_1,FOODS_3_741,11320,1.25
CA_1,FOODS_3_741,11321,1.25
CA_1,FOODS_3_741,11322,1.25
CA_1,FOODS_3_741,11323,1.25
CA_1,FOODS_3_741,11324,1.25
CA_1,FOODS_3_741,11325,1.25
CA_1,FOODS_3_741,11326,1.25
CA_1,FOODS_3_741,11327,1.25
CA_1,FOODS_3_741,11328,1.25
CA_1,FOODS_3_741,11329,1.25
CA_1,FOODS_3_741,11330,1.25
CA_1,FOODS_3_741,11331,1.25
CA_1,FOODS_3_741,11332,1.25
CA_1,FOODS_3_741,11333,1.25
CA_1,FOODS_3_741,11334,1.25
CA_1,FOODS_3_741,11335,1.25
CA_1,FOODS_3_741,11336,1.25
CA_1,FOODS_3_741,11337,1.25
CA_1,FOODS_3_741,11338,1.25
CA_1,FOODS_3_741,11339,1.25
CA_1,FOODS_3_741,11340,1.25
CA_1,FOODS_3_741,11341,1.25
CA_1,FOODS_3_741,11342,1.25
CA_1,FOODS_3_741,11343,1.25
CA_1,FOODS_3_741,11344,1.25
CA_1,FOODS_3_741,11345,1.25
CA_1,FOODS_3_741,11346,1.25
CA_1,FOODS_3_741,11347,1.25
CA_1,FOODS_3_741,11348,1.25
CA_1,FOODS_3_741,11349,1.25
CA_1,FOODS_3_741,11350,1.25
CA_1,FOODS_3_741,11351,1.25
CA_1,FOODS_3_741,11352,1.25
CA_1,FOODS_3_741,11353,1.25
CA_1,FOODS_3_741,11401,1.25
CA_1,FOODS_3_741,11402,1.25
CA_1,FOODS_3_741,11403,1.25
CA_1,FOODS_3_741,11404,1.25
CA_1,FOODS_3_741,11405,1.25
CA_1,FOODS_3_741,11406,1.25
CA_1,FOODS_3_741,11407,1.25
CA_1,FOODS_3_741,11408,1.25
CA_1,FOODS_3_741,11409,1.25
CA_1,FOODS_3_741,11410,1.25
CA_1,FOODS_3_741,11411,1.25
CA_1,FOODS_3_741,11412,1.25
CA_1,FOODS_3_741,11413,1.25
CA_1,FOODS_3_741,11414,1.25
CA_1,FOODS_3_741,11415,1.25
CA_1,FOODS_3_741,11416,1.25
CA_1,FOODS_3_741,11417,1.25
CA_1,FOODS_3_741,11418,1.25
CA_1,FOODS_3_741,11419,1.25
CA_1,FOODS_3_741,11420,1.25
CA_1,FOODS_3_741,11421,1.25
CA_1,FOODS_3_741,11422,1.25
CA_1,FOODS_3_741,11423,1.24
CA_1,FOODS_3_741,11424,1.24
CA_1,FOODS_3_741,11425,1.24
CA_1,FOODS_3_741,11426,1.24
CA_1,FOODS_3_741,11427,1.24
CA_1,FOODS_3_741,11428,1.24
CA_1,FOODS_3_741,11429,1.24
CA_1,FOODS_3_741,11430,1.24
CA_1,FOODS_3_741,11431,1.24
CA_1,FOODS_3_741,11432,1.24
CA_1,FOODS_3_741,11433,1.24
CA_1,FOODS_3_741,11434,1.24
CA_1,FOODS_3_741,11435,1.24
CA_1,FOODS_3_741,11436,1.24
CA_1,FOODS_3_741,11437,1.24
CA_1,FOODS_3_741,11438,1.24
CA_1,FOODS_3_741,11439,1.24
CA_1,FOODS_3_741,11440,1.24
CA_1,FOODS_3_741,11441,1.24
CA_1,FOODS_3_741,11442,1.24
CA_1,FOODS_3_741,11443,1.24
CA_1,FOODS_3_741,11444,1.24
CA_1,FOODS_3_741,11445,1.24
CA_1,FOODS_3_741,11446,1.24
CA_1,FOODS_3_741,11447,1.24
CA_1,FOODS_3_741,11448,1.24
CA_1,FOODS_3_741,11449,1.25
CA_1,FOODS_3_741,11450,1.25
CA_1,FOODS_3_741,11451,1.25
CA_1,FOODS_3_741,11452,1.25
CA_1,FOODS_3_741,11501,1.25
CA_1,FOODS_3_741,11502,1.35
CA_1,FOODS_3_741,11503,1.35
CA_1,FOODS_3_741,11504,1.35
CA_1,FOODS_3_741,11505,1.35
CA_1,FOODS_3_741,11506,1.35
CA_1,FOODS_3_741,11507,1.35
CA_1,FOODS_3_741,11508,1.35
CA_1,FOODS_3_741,11509,1.35
CA_1,FOODS_3_741,11510,1.35
CA_1,FOODS_3_741,11511,1.35
CA_1,FOODS_3_741,11512,1.35
CA_1,FOODS_3_741,11513,1.35
CA_1,FOODS_3_741,11514,1.35
CA_1,FOODS_3_741,11515,1.35
CA_1,FOODS_3_741,11516,1.35
CA_1,FOODS_3_741,11517,1.35
CA_1,FOODS_3_741,11518,1.35
CA_1,FOODS_3_741,11519,1.35
CA_1,FOODS_3_741,11520,1.35
CA_1,FOODS_3_741,11521,1.35
CA_1,FOODS_3_741,11522,1.35
CA_1,FOODS_3_741,11523,1.35
CA_1,FOODS_3_741,11524,1.35
CA_1,FOODS_3_741,11525,1.35
CA_1,FOODS_3_741,11526,1.35
CA_1,FOODS_3_741,11527,1.35
CA_1,FOODS_3_741,11528,1.35
CA_1,FOODS_3_741,11529,1.35
CA_1,FOODS_3_741,11530,1.35
CA_1,FOODS_3_741,11531,1.35
CA_1,FOODS_3_741,11532,1.35
CA_1,FOODS_3_741,11533,1.35
CA_1,FOODS_3_741,11534,1.35
CA_1,FOODS_3_741,11535,1.35
CA_1,FOODS_3_741,11536,1.35
CA_1,FOODS_3_741,11537,1.35
CA_1,FOODS_3_741,11538,1.35
CA_1,FOODS_3_741,11539,1.35
CA_1,FOODS_3_741,11540,1.35
CA_1,FOODS_3_741,11541,1.35
CA_1,FOODS_3_741,11542,1.35
CA_1,FOODS_3_741,11543,1.35
CA_1,FOODS_3_741,11544,1.35
CA_1,FOODS_3_741,11545,1.35
CA_1,FOODS_3_741,11546,1.35
CA_1,FOODS_3_741,11547,1.35
CA_1,FOODS_3_741,11548,1.35
CA_1,FOODS_3_741,11549,1.35
CA_1,FOODS_3_741,11550,1.35
CA_1,FOODS_3_741,11551,1.35
CA_1,FOODS_3_741,11552,1.35
CA_1,FOODS_3_741,11601,1.35
CA_1,FOODS_3_741,11602,1.35
CA_1,FOODS_3_741,11603,1.35
CA_1,FOODS_3_741,11604,1.35
CA_1,FOODS_3_741,11605,1.35
CA_1,FOODS_3_741,11606,1.35
CA_1,FOODS_3_741,11607,1.35
CA_1,FOODS_3_741,11608,1.35
CA_1,FOODS_3_741,11609,1.35
CA_1,FOODS_3_741,11610,1.35
CA_1,FOODS_3_741,11611,1.35
CA_1,FOODS_3_741,11612,1.35
CA_1,FOODS_3_741,11613,1.35
CA_1,FOODS_3_741,11614,1.35
CA_1,FOODS_3_741,11615,1.35
CA_1,FOODS_3_741,11616,1.35
CA_1,FOODS_3_741,11617,1.35
CA_1,FOODS_3_741,11618,1.35
CA_1,FOODS_3_741,11619,1.35
CA_1,FOODS_3_741,11620,1.35
CA_1,FOODS_3_741,11621,1.35
CA_1,FOODS_3_744,11101,1.98
CA_1,FOODS_3_744,11102,1.98
CA_1,FOODS_3_744,11103,1.98
CA_1,FOODS_3_744,11104,1.98
CA_1,FOODS_3_744,11105,1.98
CA_1,FOODS_3_744,11106,1.98
CA_1,FOODS_3_744,11107,1.98
CA_1,FOODS_3_744,11108,1.98
CA_1,FOODS_3_744,11109,1.98
CA_1,FOODS_3_744,11110,1.98
CA_1,FOODS_3_744,11111,1.98
CA_1,FOODS_3_744,11112,1.98
CA_1,FOODS_3_744,11113,1.98
CA_1,FOODS_3_744,11114,1.98
CA_1,FOODS_3_744,11115,1.98
CA_1,FOODS_3_744,11116,1.98
CA_1,FOODS_3_744,11117,1.98
CA_1,FOODS_3_744,11118,1.98
CA_1,FOODS_3_744,11119,1.98
CA_1,FOODS_3_744,11120,1.98
CA_1,FOODS_3_744,11121,1.98
CA_1,FOODS_3_744,11122,1.98
CA_1,FOODS_3_744,11123,1.98
CA_1,FOODS_3_744,11124,1.98
CA_1,FOODS_3_744,11125,1.98
CA_1,FOODS_3_744,11126,1.98
CA_1,FOODS_3_744,11127,1.98
CA_1,FOODS_3_744,11128,1.98
CA_1,FOODS_3_744,11129,1.98
CA_1,FOODS_3_744,11130,1.98
CA_1,FOODS_3_744,11131,1.98
CA_1,FOODS_3_744,11132,1.98
CA_1,FOODS_3_744,11133,1.98
CA_1,FOODS_3_744,11134,1.98
CA_1,FOODS_3_744,11135,1.98
CA_1,FOODS_3_744,11136,1.98
CA_1,FOODS_3_744,11137,1.98
CA_1,FOODS_3_744,11138,1.98
CA_1,FOODS_3_744,11139,1.98
CA_1,FOODS_3_744,11140,1.98
CA_1,FOODS_3_744,11141,1.98
CA_1,FOODS_3_744,11142,1.98
CA_1,FOODS_3_744,11143,1.98
CA_1,FOODS_3_744,11144,1.98
CA_1,FOODS_3_744,11145,1.98
CA_1,FOODS_3_744,11146,1.98
CA_1,FOODS_3_744,11147,1.98
CA_1,FOODS_3_744,11148,1.98
CA_1,FOODS_3_744,11149,1.98
CA_1,FOODS_3_744,11150,1.98
CA_1,FOODS_3_744,11151,1.98
CA_1,FOODS_3_744,11152,1.98
CA_1,FOODS_3_744,11201,1.98
CA_1,FOODS_3_744,11202,1.98
CA_1,FOODS_3_744,11203,1.98
CA_1,FOODS_3_744,11204,1.98
CA_1,FOODS_3_744,11205,1.98
CA_1,FOODS_3_744,11206,1.98
CA_1,FOODS_3_744,11207,1.98
CA_1,FOODS_3_744,11208,1.98
CA_1,FOODS_3_744,11209,1.98
CA_1,FOODS_3_744,11210,1.98
CA_1,FOODS_3_744,11211,1.98
CA_1,FOODS_3_744,11212,1.98
CA_1,FOODS_3_744,11213,1.98
CA_1,FOODS_3_744,11214,1.98
CA_1,FOODS_3_744,11215,1.98
CA_1,FOODS_3_744,11216,1.98
CA_1,FOODS_3_744,11217,1.98
CA_1,FOODS_3_744,11218,1.98
CA_1,FOODS_3_744,11219,1.98
CA_1,FOODS_3_744,11220,1.98
CA_1,FOODS_3_744,11221,1.98
CA_1,FOODS_3_744,11222,1.98
CA_1,FOODS_3_744,11223,1.98
CA_1,FOODS_3_744,11224,1.98
CA_1,FOODS_3_744,11225,1.98
CA_1,FOODS_3_744,11226,1.98
CA_1,FOODS_3_744,11227,1.98
CA_1,FOODS_3_744,11228,1.98
CA_1,FOODS_3_744,11229,1.98
CA_1,FOODS_3_744,11230,1.98
CA_1,FOODS_3_744,11231,1.98
CA_1,FOODS_3_744,11232,1.98
CA_1,FOODS_3_744,11233,1.98
CA_1,FOODS_3_744,11234,1.98
CA_1,FOODS_3_744,11235,1.98
CA_1,FOODS_3_744,11236,1.98
CA_1,FOODS_3_744,11237,1.98
CA_1,FOODS_3_744,11238,1.98
CA_1,FOODS_3_744,11239,1.98
CA_1,FOODS_3_744,11240,1.98
CA_1,FOODS_3_744,11241,1.98
CA_1,FOODS_3_744,11242,1.98
CA_1,FOODS_3_744,11243,1.98
CA_1,FOODS_3_744,11244,1.98
CA_1,FOODS_3_744,11245,1.98
CA_1,FOODS_3_744,11246,1.98
CA_1,FOODS_3_744,11247,1.98
CA_1,FOODS_3_744,11248,1.98
CA_1,FOODS_3_744,11249,1.98
CA_1,FOODS_3_744,11250,1.98
CA_1,FOODS_3_744,11251,1.98
CA_1,FOODS_3_744,11252,1.98
CA_1,FOODS_3_744,11301,1.98
CA_1,FOODS_3_744,11302,1.98
CA_1,FOODS_3_744,11303,1.98
CA_1,FOODS_3_744,11304,1.98
CA_1,FOODS_3_744,11305,1.98
CA_1,FOODS_3_744,11306,1.98
CA_1,FOODS_3_744,11307,1.98
CA_1,FOODS_3_744,11308,1.98
CA_1,FOODS_3_744,11309,1.98
CA_1,FOODS_3_744,11310,1.98
CA_1,FOODS_3_744,11311,1.98
CA_1,FOODS_3_744,11312,1.98
CA_1,FOODS_3_744,11313,1.98
CA_1,FOODS_3_744,11314,1.98
CA_1,FOODS_3_744,11315,1.98
CA_1,FOODS_3_744,11316,1.98
CA_1,FOODS_3_744,11317,1.98
CA_1,FOODS_3_744,11318,1.98
CA_1,FOODS_3_744,11319,1.98
CA_1,FOODS_3_744,11320,1.98
CA_1,FOODS_3_744,11321,1.98
CA_1,FOODS_3_744,11322,1.98
CA_1,FOODS_3_744,11323,1.98
CA_1,FOODS_3_744,11324,1.98
CA_1,FOODS_3_744,11325,1.98
CA_1,FOODS_3_744,11326,1.98
CA_1,FOODS_3_744,11327,1.98
CA_1,FOODS_3_744,11328,1.98
CA_1,FOODS_3_744,11329,1.98
CA_1,FOODS_3_744,11330,1.98
CA_1,FOODS_3_744,11331,1.98
CA_1,FOODS_3_744,11332,1.98
CA_1,FOODS_3_744,11333,1.98
CA_1,FOODS_3_744,11334,1.98
CA_1,FOODS_3_744,11335,1.98
CA_1,FOODS_3_744,11336,1.98
CA_1,FOODS_3_744,11337,1.98
CA_1,FOODS_3_744,11338,1.98
CA_1,FOODS_3_744,11339,1.98
CA_1,FOODS_3_744,11340,1.98
CA_1,FOODS_3_744,11341,1.98
CA_1,FOODS_3_744,11342,1.98
CA_1,FOODS_3_744,11343,1.98
CA_1,FOODS_3_744,11344,1.98
CA_1,FOODS_3_744,11345,1.98
CA_1,FOODS_3_744,11346,1.98
CA_1,FOODS_3_744,11347,1.98
CA_1,FOODS_3_744,11348,1.98
CA_1,FOODS_3_744,11349,1.98
CA_1,FOODS_3_744,11350,1.98
CA_1,FOODS_3_744,11351,1.98
CA_1,FOODS_3_744,11352,1.98
CA_1,FOODS_3_744,11353,1.98
CA_1,FOODS_3_744,11401,1.98
CA_1,FOODS_3_744,11402,1.98
CA_1,FOODS_3_744,11403,1.98
CA_1,FOODS_3_744,11404,1.98
CA_1,FOODS_3_744,11405,1.98
CA_1,FOODS_3_744,11406,1.98
CA_1,FOODS_3_744,11407,1.98
CA_1,FOODS_3_744,11408,1.98
CA_1,FOODS_3_744,11409,1.98
CA_1,FOODS_3_744,11410,1.98
CA_1,FOODS_3_744,11411,1.98
CA_1,FOODS_3_744,11412,1.98
CA_1,FOODS_3_744,11413,1.98
CA_1,FOODS_3_744,11414,1.98
CA_1,FOODS_3_744,11415,1.98
CA_1,FOODS_3_744,11416,1.98
CA_1,FOODS_3_744,11417,1.98
CA_1,FOODS_3_744,11418,1.98
CA_1,FOODS_3_744,11419,1.98
CA_1,FOODS_3_744,11420,1.98
CA_1,FOODS_3_744,11421,1.98
CA_1,FOODS_3_744,11422,1.98
CA_1,FOODS_3_744,11423,1.98
CA_1,FOODS_3_744,11424,1.98
CA_1,FOODS_3_744,11425,1.98
CA_1,FOODS_3_744,11426,1.98
CA_1,FOODS_3_744,11427,1.98
CA_1,FOODS_3_744,11428,1.98
CA_1,FOODS_3_744,11429,1.98
CA_1,FOODS_3_744,11430,2.28
CA_1,FOODS_3_744,11431,2.28
CA_1,FOODS_3_744,11432,2.28
CA_1,FOODS_3_744,11433,2.28
CA_1,FOODS_3_744,11434,2.28
CA_1,FOODS_3_744,11435,2.28
CA_1,FOODS_3_744,11436,2.28
CA_1,FOODS_3_744,11437,2.28
CA_1,FOODS_3_744,11438,2.28
CA_1,FOODS_3_744,11439,2.28
CA_1,FOODS_3_744,11440,2.28
CA_1,FOODS_3_744,11441,2.28
CA_1,FOODS_3_744,11442,2.28
CA_1,FOODS_3_744,11443,2.28
CA_1,FOODS_3_744,11444,2.28
CA_1,FOODS_3_744,11445,2.28
CA_1,FOODS_3_744,11446,2.28
CA_1,FOODS_3_744,11447,2.28
CA_1,FOODS_3_744,11448,2.28
CA_1,FOODS_3_744,11449,2.28
CA_1,FOODS_3_744,11450,2.28
CA_1,FOODS_3_744,11451,2.28
CA_1,FOODS_3_744,11452,2.28
CA_1,FOODS_3_744,11501,2.28
CA_1,FOODS_3_744,11502,2.28
CA_1,FOODS_3_744,11503,2.28
CA_1,FOODS_3_744,11504,2.28
CA_1,FOODS_3_744,11505,2.28
CA_1,FOODS_3_744,11506,2.28
CA_1,FOODS_3_744,11507,2.28
CA_1,FOODS_3_744,11508,2.28
CA_1,FOODS_3_744,11509,2.28
CA_1,FOODS_3_744,11510,2.28
CA_1,FOODS_3_744,11511,2.28
CA_1,FOODS_3_744,11512,2.28
CA_1,FOODS_3_744,11513,2.28
CA_1,FOODS_3_744,11514,2.28
CA_1,FOODS_3_744,11515,2.28
CA_1,FOODS_3_744,11516,2.28
CA_1,FOODS_3_744,11517,2.28
CA_1,FOODS_3_744,11518,2.28
CA_1,FOODS_3_744,11519,2.28
CA_1,FOODS_3_744,11520,2.28
CA_1,FOODS_3_744,11521,2.28
CA_1,FOODS_3_744,11522,2.28
CA_1,FOODS_3_744,11523,2.28
CA_1,FOODS_3_744,11524,2.28
CA_1,FOODS_3_744,11525,2.28
CA_1,FOODS_3_744,11526,2.28
CA_1,FOODS_3_744,11527,2.28
CA_1,FOODS_3_744,11528,2.28
CA_1,FOODS_3_744,11529,2.28
CA_1,FOODS_3_744,11530,2.28
CA_1,FOODS_3_744,11531,2.28
CA_1,FOODS_3_744,11532,2.28
CA_1,FOODS_3_744,11533,2.28
CA_1,FOODS_3_744,11534,2.28
CA_1,FOODS_3_744,11535,2.28
CA_1,FOODS_3_744,11536,2.28
CA_1,FOODS_3_744,11537,2.28
CA_1,FOODS_3_744,11538,2.28
CA_1,FOODS_3_744,11539,2.28
CA_1,FOODS_3_744,11540,2.28
CA_1,FOODS_3_744,11541,2.28
CA_1,FOODS_3_744,11542,2.28
CA_1,FOODS_3_744,11543,2.28
CA_1,FOODS_3_744,11544,2.28
CA_1,FOODS_3_744,11545,2.28
CA_1,FOODS_3_744,11546,2.28
CA_1,FOODS_3_744,11547,2.28
CA_1,FOODS_3_744,11548,2.28
CA_1,FOODS_3_744,11549,2.28
CA_1,FOODS_3_744,11550,2.28
CA_1,FOODS_3_744,11551,2.28
CA_1,FOODS_3_744,11552,2.28
CA_1,FOODS_3_744,11601,2.28
CA_1,FOODS_3_744,11602,2.28
CA_1,FOODS_3_744,11603,2.28
CA_1,FOODS_3_744,11604,2.28
CA_1,FOODS_3_744,11605,2.28
CA_1,FOODS_3_744,11606,2.28
CA_1,FOODS_3_744,11607,2.28
CA_1,FOODS_3_744,11608,2.28
CA_1,FOODS_3_744,11609,2.28
CA_1,FOODS_3_744,11610,2.28
CA_1,FOODS_3_744,11611,2.28
CA_1,FOODS_3_744,11612,2.28
CA_1,FOODS_3_744,11613,2.28
CA_1,FOODS_3_744,11614,2.28
CA_1,FOODS_3_744,11615,2.28
CA_1,FOODS_3_744,11616,2.28
CA_1,FOODS_3_744,11617,2.28
CA_1,FOODS_3_744,11618,2.28
CA_1,FOODS_3_744,11619,2.28
CA_1,FOODS_3_744,11620,2.28
CA_1,FOODS_3_744,11621,2.28
CA_1,FOODS_3_755,11101,1.25
CA_1,FOODS_3_755,11102,1.25
CA_1,FOODS_3_755,11103,1.18
CA_1,FOODS_3_755,11104,1.18
CA_1,FOODS_3_755,11105,1.18
CA_1,FOODS_3_755,11106,1.18
CA_1,FOODS_3_755,11107,1.18
CA_1,FOODS_3_755,11108,1.18
CA_1,FOODS_3_755,11109,1.18
CA_1,FOODS_3_755,11110,1.18
CA_1,FOODS_3_755,11111,1.18
CA_1,FOODS_3_755,11112,1.18
CA_1,FOODS_3_755,11113,1.18
CA_1,FOODS_3_755,11114,1.18
CA_1,FOODS_3_755,11115,1.18
CA_1,FOODS_3_755,11116,1.18
CA_1,FOODS_3_755,11117,1.18
CA_1,FOODS_3_755,11118,1.18
CA_1,FOODS_3_755,11119,1.18
CA_1,FOODS_3_755,11120,1.18
CA_1,FOODS_3_755,11121,1.18
CA_1,FOODS_3_755,11122,1.18
CA_1,FOODS_3_755,11123,1.18
CA_1,FOODS_3_755,11124,1.18
CA_1,FOODS_3_755,11125,1.18
CA_1,FOODS_3_755,11126,1.18
CA_1,FOODS_3_755,11127,1.18
CA_1,FOODS_3_755,11128,1.18
CA_1,FOODS_3_755,11129,1.18
CA_1,FOODS_3_755,11130,1.18
CA_1,FOODS_3_755,11131,1.18
CA_1,FOODS_3_755,11132,1.18
CA_1,FOODS_3_755,11133,1.18
CA_1,FOODS_3_755,11134,1.18
CA_1,FOODS_3_755,11135,1.18
CA_1,FOODS_3_755,11136,1.18
CA_1,FOODS_3_755,11137,1.18
CA_1,FOODS_3_755,11138,1.18
CA_1,FOODS_3_755,11139,1.18
CA_1,FOODS_3_755,11140,1.18
CA_1,FOODS_3_755,11141,1.18
CA_1,FOODS_3_755,11142,1.18
CA_1,FOODS_3_755,11143,1.18
CA_1,FOODS_3_755,11144,1.18
CA_1,FOODS_3_755,11145,1.18
CA_1,FOODS_3_755,11146,1.18
CA_1,FOODS_3_755,11147,1.18
CA_1,FOODS_3_755,11148,1.18
CA_1,FOODS_3_755,11149,1.18
CA_1,FOODS_3_755,11150,1.18
CA_1,FOODS_3_755,11151,1.18
CA_1,FOODS_3_755,11152,1.18
CA_1,FOODS_3_755,11201,1.18
CA_1,FOODS_3_755,11202,1.18
CA_1,FOODS_3_755,11203,1.08
CA_1,FOODS_3_755,11204,1.08
CA_1,FOODS_3_755,11205,1.08
CA_1,FOODS_3_755,11206,1.08
CA_1,FOODS_3_755,11207,1.08
CA_1,FOODS_3_755,11208,1.08
CA_1,FOODS_3_755,11209,1.08
CA_1,FOODS_3_755,11210,1.08
CA_1,FOODS_3_755,11211,1.0
CA_1,FOODS_3_755,11212,1.0
CA_1,FOODS_3_755,11213,1.0
CA_1,FOODS_3_755,11214,1.0
CA_1,FOODS_3_755,11215,1.0
CA_1,FOODS_3_755,11216,1.0
CA_1,FOODS_3_755,11217,1.0
CA_1,FOODS_3_755,11218,1.0
CA_1,FOODS_3_755,11219,1.0
CA_1,FOODS_3_755,11220,1.0
CA_1,FOODS_3_755,11221,1.0
CA_1,FOODS_3_755,11222,1.0
CA_1,FOODS_3_755,11223,1.0
CA_1,FOODS_3_755,11224,1.0
CA_1,FOODS_3_755,11225,1.0
CA_1,FOODS_3_755,11226,1.0
CA_1,FOODS_3_755,11227,1.18
CA_1,FOODS_3_755,11228,1.18
CA_1,FOODS_3_755,11229,1.18
CA_1,FOODS_3_755,11230,1.18
CA_1,FOODS_3_755,11231,1.18
CA_1,FOODS_3_755,11232,1.18
CA_1,FOODS_3_755,11233,1.18
CA_1,FOODS_3_755,11234,1.0
CA_1,FOODS_3_755,11235,1.0
CA_1,FOODS_3_755,11236,1.0
CA_1,FOODS_3_755,11237,1.0
CA_1,FOODS_3_755,11238,1.0
CA_1,FOODS_3_755,11239,1.0
CA_1,FOODS_3_755,11240,1.0
CA_1,FOODS_3_755,11241,1.0
CA_1,FOODS_3_755,11242,1.0
CA_1,FOODS_3_755,11243,1.0
CA_1,FOODS_3_755,11244,1.0
CA_1,FOODS_3_755,11245,1.0
CA_1,FOODS_3_755,11246,1.0
CA_1,FOODS_3_755,11247,1.0
CA_1,FOODS_3_755,11248,1.0
CA_1,FOODS_3_755,11249,1.0
CA_1,FOODS_3_755,11250,1.0
CA_1,FOODS_3_755,11251,1.0
CA_1,FOODS_3_755,11252,1.0
CA_1,FOODS_3_755,11301,1.0
CA_1,FOODS_3_755,11302,1.0
CA_1,FOODS_3_755,11303,1.0
CA_1,FOODS_3_755,11304,1.0
CA_1,FOODS_3_755,11305,1.0
CA_1,FOODS_3_755,11306,1.0
CA_1,FOODS_3_755,11307,1.0
CA_1,FOODS_3_755,11308,1.0
CA_1,FOODS_3_755,11309,1.0
CA_1,FOODS_3_755,11310,1.0
CA_1,FOODS_3_755,11311,1.0
CA_1,FOODS_3_755,11312,1.0
CA_1,FOODS_3_755,11313,1.0
CA_1,FOODS_3_755,11314,1.0
CA_1,FOODS_3_755,11315,1.0
CA_1,FOODS_3_755,11316,1.0
CA_1,FOODS_3_755,11317,1.0
CA_1,FOODS_3_755,11318,1.0
CA_1,FOODS_3_755,11319,1.0
CA_1,FOODS_3_755,11320,1.0
CA_1,FOODS_3_755,11321,1.0
CA_1,FOODS_3_755,11322,1.0
CA_1,FOODS_3_755,11323,1.0
CA_1,FOODS_3_755,11324,1.0
CA_1,FOODS_3_755,11325,1.0
CA_1,FOODS_3_755,11326,1.0
CA_1,FOODS_3_755,11327,1.0
CA_1,FOODS_3_755,11328,1.0
CA_1,FOODS_3_755,11329,1.0
CA_1,FOODS_3_755,11330,1.0
CA_1,FOODS_3_755,11331,1.0
CA_1,FOODS_3_755,11332,1.0
CA_1,FOODS_3_755,11333,1.0
CA_1,FOODS_3_755,11334,1.0
CA_1,FOODS_3_755,11335,1.0
CA_1,FOODS_3_755,11336,1.0
CA_1,FOODS_3_755,11337,1.0
CA_1,FOODS_3_755,11338,1.0
CA_1,FOODS_3_755,11339,1.0
CA_1,FOODS_3_755,11340,1.0
CA_1,FOODS_3_755,11341,1.0
CA_1,FOODS_3_755,11342,1.0
CA_1,FOODS_3_755,11343,1.0
CA_1,FOODS_3_755,11344,1.0
CA_1,FOODS_3_755,11345,1.0
CA_1,FOODS_3_755,11346,1.0
CA_1,FOODS_3_755,11347,1.0
CA_1,FOODS_3_755,11348,1.0
CA_1,FOODS_3_755,11349,1.0
CA_1,FOODS_3_755,11350,1.0
CA_1,FOODS_3_755,11351,1.0
CA_1,FOODS_3_755,11352,1.0
CA_1,FOODS_3_755,11353,1.0
CA_1,FOODS_3_755,11401,1.0
CA_1,FOODS_3_755,11402,1.0
CA_1,FOODS_3_755,11403,1.0
CA_1,FOODS_3_755,11404,1.0
CA_1,FOODS_3_755,11405,1.0
CA_1,FOODS_3_755,11406,1.0
CA_1,FOODS_3_755,11407,1.0
CA_1,FOODS_3_755,11408,1.0
CA_1,FOODS_3_755,11409,1.0
CA_1,FOODS_3_755,11410,1.0
CA_1,FOODS_3_755,11411,1.0
CA_1,FOODS_3_755,11412,1.0
CA_1,FOODS_3_755,11413,1.0
CA_1,FOODS_3_755,11414,1.0
CA_1,FOODS_3_755,11415,1.0
CA_1,FOODS_3_755,11416,1.0
CA_1,FOODS_3_755,11417,1.0
CA_1,FOODS_3_755,11418,1.0
CA_1,FOODS_3_755,11419,1.0
CA_1,FOODS_3_755,11420,1.0
CA_1,FOODS_3_755,11421,1.0
CA_1,FOODS_3_755,11422,1.0
CA_1,FOODS_3_755,11423,1.0
CA_1,FOODS_3_755,11424,1.0
CA_1,FOODS_3_755,11425,1.0
CA_1,FOODS_3_755,11426,1.0
CA_1,FOODS_3_755,11427,1.0
CA_1,FOODS_3_755,11428,1.0
CA_1,FOODS_3_755,11429,1.0
CA_1,FOODS_3_755,11430,1.0
CA_1,FOODS_3_755,11431,1.0
CA_1,FOODS_3_755,11432,1.0
CA_1,FOODS_3_755,11433,1.0
CA_1,FOODS_3_755,11434,1.08
CA_1,FOODS_3_755,11435,1.08
CA_1,FOODS_3_755,11436,1.08
CA_1,FOODS_3_755,11437,1.08
CA_1,FOODS_3_755,11438,1.08
CA_1,FOODS_3_755,11439,1.08
CA_1,FOODS_3_755,11440,1.08
CA_1,FOODS_3_755,11441,1.08
CA_1,FOODS_3_755,11442,1.08
CA_1,FOODS_3_755,11443,1.08
CA_1,FOODS_3_755,11444,1.08
CA_1,FOODS_3_755,11445,1.08
CA_1,FOODS_3_755,11446,1.08
CA_1,FOODS_3_755,11447,1.08
CA_1,FOODS_3_755,11448,1.08
CA_1,FOODS_3_755,11449,1.08
CA_1,FOODS_3_755,11450,1.08
CA_1,FOODS_3_755,11451,1.08
CA_1,FOODS_3_755,11452,1.08
CA_1,FOODS_3_755,11501,1.08
CA_1,FOODS_3_755,11502,1.08
CA_1,FOODS_3_755,11503,1.08
CA_1,FOODS_3_755,11504,1.08
CA_1,FOODS_3_755,11505,1.08
CA_1,FOODS_3_755,11506,1.08
CA_1,FOODS_3_755,11507,1.08
CA_1,FOODS_3_755,11508,1.08
CA_1,FOODS_3_755,11509,1.08
CA_1,FOODS_3_755,11510,1.08
CA_1,FOODS_3_755,11511,1.08
CA_1,FOODS_3_755,11512,1.08
CA_1,FOODS_3_755,11513,1.14
CA_1,FOODS_3_755,11514,1.14
CA_1,FOODS_3_755,11515,1.14
CA_1,FOODS_3_755,11516,1.14
CA_1,FOODS_3_755,11517,1.14
CA_1,FOODS_3_755,11518,1.14
CA_1,FOODS_3_755,11519,1.14
CA_1,FOODS_3_755,11520,1.14
CA_1,FOODS_3_755,11521,1.14
CA_1,FOODS_3_755,11522,1.14
CA_1,FOODS_3_755,11523,1.14
CA_1,FOODS_3_755,11524,1.14
CA_1,FOODS_3_755,11525,1.14
CA_1,FOODS_3_755,11526,1.14
CA_1,FOODS_3_755,11527,1.14
CA_1,FOODS_3_755,11528,1.14
CA_1,FOODS_3_755,11529,1.14
CA_1,FOODS_3_755,11530,0.94
CA_1,FOODS_3_755,11531,0.94
CA_1,FOODS_3_755,11532,0.94
CA_1,FOODS_3_755,11533,0.94
CA_1,FOODS_3_755,11534,0.94
CA_1,FOODS_3_755,11535,0.94
CA_1,FOODS_3_755,11536,0.94
CA_1,FOODS_3_755,11537,0.94
CA_1,FOODS_3_755,11538,0.94
CA_1,FOODS_3_755,11539,0.94
CA_1,FOODS_3_755,11540,0.94
CA_1,FOODS_3_755,11541,0.94
CA_1,FOODS_3_755,11542,0.94
CA_1,FOODS_3_755,11543,0.94
CA_1,FOODS_3_755,11544,0.94
CA_1,FOODS_3_755,11545,0.94
CA_1,FOODS_3_755,11546,0.94
CA_1,FOODS_3_755,11547,0.94
CA_1,FOODS_3_755,11548,0.94
CA_1,FOODS_3_755,11549,0.94
CA_1,FOODS_3_755,11550,0.94
CA_1,FOODS_3_755,11551,0.94
CA_1,FOODS_3_755,11552,0.94
CA_1,FOODS_3_755,11601,0.94
CA_1,FOODS_3_755,11602,0.94
CA_1,FOODS_3_755,11603,0.94
CA_1,FOODS_3_755,11604,0.94
CA_1,FOODS_3_755,11605,0.94
CA_1,FOODS_3_755,11606,0.94
CA_1,FOODS_3_755,11607,0.94
CA_1,FOODS_3_755,11608,0.94
CA_1,FOODS_3_755,11609,0.94
CA_1,FOODS_3_755,11610,0.94
CA_1,FOODS_3_755,11611,0.94
CA_1,FOODS_3_755,11612,0.94
CA_1,FOODS_3_755,11613,0.94
CA_1,FOODS_3_755,11614,0.94
CA_1,FOODS_3_755,11615,0.94
CA_1,FOODS_3_755,11616,0.94
CA_1,FOODS_3_755,11617,0.94
CA_1,FOODS_3_755,11618,0.94
CA_1,FOODS_3_755,11619,0.94
CA_1,FOODS_3_755,11620,0.94
CA_1,FOODS_3_755,11621,0.94
CA_1,FOODS_3_764,11135,2.98
CA_1,FOODS_3_764,11136,2.98
CA_1,FOODS_3_764,11137,2.98
CA_1,FOODS_3_764,11138,2.98
CA_1,FOODS_3_764,11139,2.98
CA_1,FOODS_3_764,11140,2.98
CA_1,FOODS_3_764,11141,2.98
CA_1,FOODS_3_764,11142,2.98
CA_1,FOODS_3_764,11143,2.98
CA_1,FOODS_3_764,11144,2.98
CA_1,FOODS_3_764,11145,2.98
CA_1,FOODS_3_764,11146,2.98
CA_1,FOODS_3_764,11147,2.98
CA_1,FOODS_3_764,11148,2.98
CA_1,FOODS_3_764,11149,2.98
CA_1,FOODS_3_764,11150,2.98
CA_1,FOODS_3_764,11151,2.98
CA_1,FOODS_3_764,11152,2.98
CA_1,FOODS_3_764,11201,2.98
CA_1,FOODS_3_764,11202,2.98
CA_1,FOODS_3_764,11203,2.98
CA_1,FOODS_3_764,11204,2.98
CA_1,FOODS_3_764,11205,2.98
CA_1,FOODS_3_764,11206,2.98
CA_1,FOODS_3_764,11207,2.98
CA_1,FOODS_3_764,11208,2.98
CA_1,FOODS_3_764,11209,2.98
CA_1,FOODS_3_764,11210,2.98
CA_1,FOODS_3_764,11211,2.98
CA_1,FOODS_3_764,11212,2.98
CA_1,FOODS_3_764,11213,2.98
CA_1,FOODS_3_764,11214,2.98
CA_1,FOODS_3_764,11215,2.98
CA_1,FOODS_3_764,11216,2.98
CA_1,FOODS_3_764,11217,2.98
CA_1,FOODS_3_764,11218,2.98
CA_1,FOODS_3_764,11219,2.98
CA_1,FOODS_3_764,11220,2.98
CA_1,FOODS_3_764,11221,2.98
CA_1,FOODS_3_764,11222,2.98
CA_1,FOODS_3_764,11223,2.98
CA_1,FOODS_3_764,11224,2.98
CA_1,FOODS_3_764,11225,2.98
CA_1,FOODS_3_764,11226,2.98
CA_1,FOODS_3_764,11227,2.98
CA_1,FOODS_3_764,11228,2.98
CA_1,FOODS_3_764,11229,2.98
CA_1,FOODS_3_764,11230,2.98
CA_1,FOODS_3_764,11231,2.98
CA_1,FOODS_3_764,11232,2.98
CA_1,FOODS_3_764,11233,2.98
CA_1,FOODS_3_764,11234,2.98
CA_1,FOODS_3_764,11235,2.98
CA_1,FOODS_3_764,11236,2.98
CA_1,FOODS_3_764,11237,2.98
CA_1,FOODS_3_764,11238,2.98
CA_1,FOODS_3_764,11239,2.98
CA_1,FOODS_3_764,11240,2.98
CA_1,FOODS_3_764,11241,2.98
CA_1,FOODS_3_764,11242,2.98
CA_1,FOODS_3_764,11243,2.98
CA_1,FOODS_3_764,11244,2.98
CA_1,FOODS_3_764,11245,2.98
CA_1,FOODS_3_764,11246,2.98
CA_1,FOODS_3_764,11247,2.98
CA_1,FOODS_3_764,11248,2.98
CA_1,FOODS_3_764,11249,2.98
CA_1,FOODS_3_764,11250,2.98
CA_1,FOODS_3_764,11251,2.98
CA_1,FOODS_3_764,11252,2.98
CA_1,FOODS_3_764,11301,2.98
CA_1,FOODS_3_764,11302,2.98
CA_1,FOODS_3_764,11303,2.98
CA_1,FOODS_3_764,11304,2.98
CA_1,FOODS_3_764,11305,2.98
CA_1,FOODS_3_764,11306,2.98
CA_1,FOODS_3_764,11307,2.98
CA_1,FOODS_3_764,11308,2.98
CA_1,FOODS_3_764,11309,2.98
CA_1,FOODS_3_764,11310,2.98
CA_1,FOODS_3_764,11311,2.98
CA_1,FOODS_3_764,11312,2.98
CA_1,FOODS_3_764,11313,2.98
CA_1,FOODS_3_764,11314,2.98
CA_1,FOODS_3_764,11315,2.98
CA_1,FOODS_3_764,11316,2.98
CA_1,FOODS_3_764,11317,2.98
CA_1,FOODS_3_764,11318,2.98
CA_1,FOODS_3_764,11319,2.98
CA_1,FOODS_3_764,11320,2.98
CA_1,FOODS_3_764,11321,2.98
CA_1,FOODS_3_764,11322,2.98
CA_1,FOODS_3_764,11323,2.98
CA_1,FOODS_3_764,11324,2.98
CA_1,FOODS_3_764,11325,2.98
CA_1,FOODS_3_764,11326,2.98
CA_1,FOODS_3_764,11327,2.98
CA_1,FOODS_3_764,11328,2.98
CA_1,FOODS_3_764,11329,2.98
CA_1,FOODS_3_764,11330,2.98
CA_1,FOODS_3_764,11331,2.98
CA_1,FOODS_3_764,11332,2.98
CA_1,FOODS_3_764,11333,2.98
CA_1,FOODS_3_764,11334,2.98
CA_1,FOODS_3_764,11335,2.98
CA_1,FOODS_3_764,11336,2.98
CA_1,FOODS_3_764,11337,2.98
CA_1,FOODS_3_764,11338,2.98
CA_1,FOODS_3_764,11339,2.98
CA_1,FOODS_3_764,11340,2.98
CA_1,FOODS_3_764,11341,2.98
CA_1,FOODS_3_764,11342,2.98
CA_1,FOODS_3_764,11343,2.98
CA_1,FOODS_3_764,11344,2.98
CA_1,FOODS_3_764,11345,2.98
CA_1,FOODS_3_764,11346,2.98
CA_1,FOODS_3_764,11347,2.98
CA_1,FOODS_3_764,11348,2.98
CA_1,FOODS_3_764,11349,2.98
CA_1,FOODS_3_764,11350,2.98
CA_1,FOODS_3_764,11351,2.98
CA_1,FOODS_3_764,11352,2.98
CA_1,FOODS_3_764,11353,2.98
CA_1,FOODS_3_764,11401,2.98
CA_1,FOODS_3_764,11402,2.98
CA_1,FOODS_3_764,11403,2.98
CA_1,FOODS_3_764,11404,2.98
CA_1,FOODS_3_764,11405,2.98
CA_1,FOODS_3_764,11406,2.98
CA_1,FOODS_3_764,11407,2.98
CA_1,FOODS_3_764,11408,2.98
CA_1,FOODS_3_764,11409,2.98
CA_1,FOODS_3_764,11410,2.98
CA_1,FOODS_3_764,11411,2.98
CA_1,FOODS_3_764,11412,2.98
CA_1,FOODS_3_764,11413,2.98
CA_1,FOODS_3_764,11414,2.98
CA_1,FOODS_3_764,11415,2.98
CA_1,FOODS_3_764,11416,2.98
CA_1,FOODS_3_764,11417,2.98
CA_1,FOODS_3_764,11418,2.98
CA_1,FOODS_3_764,11419,2.98
CA_1,FOODS_3_764,11420,2.98
CA_1,FOODS_3_764,11421,2.98
CA_1,FOODS_3_764,11422,2.98
CA_1,FOODS_3_764,11423,2.98
CA_1,FOODS_3_764,11424,2.98
CA_1,FOODS_3_764,11425,2.98
CA_1,FOODS_3_764,11426,2.98
CA_1,FOODS_3_764,11427,2.98
CA_1,FOODS_3_764,11428,2.98
CA_1,FOODS_3_764,11429,2.98
CA_1,FOODS_3_764,11430,2.98
CA_1,FOODS_3_764,11431,2.98
CA_1,FOODS_3_764,11432,2.98
CA_1,FOODS_3_764,11433,2.98
CA_1,FOODS_3_764,11434,2.98
CA_1,FOODS_3_764,11435,2.98
CA_1,FOODS_3_764,11436,2.98
CA_1,FOODS_3_764,11437,2.98
CA_1,FOODS_3_764,11438,2.98
CA_1,FOODS_3_764,11439,2.98
CA_1,FOODS_3_764,11440,2.98
CA_1,FOODS_3_764,11441,2.98
CA_1,FOODS_3_764,11442,2.98
CA_1,FOODS_3_764,11443,2.98
CA_1,FOODS_3_764,11444,2.98
CA_1,FOODS_3_764,11445,2.98
CA_1,FOODS_3_764,11446,2.98
CA_1,FOODS_3_764,11447,2.98
CA_1,FOODS_3_764,11448,2.98
CA_1,FOODS_3_764,11449,2.98
CA_1,FOODS_3_764,11450,2.98
CA_1,FOODS_3_764,11451,2.98
CA_1,FOODS_3_764,11452,2.98
CA_1,FOODS_3_764,11501,2.98
CA_1,FOODS_3_764,11502,2.98
CA_1,FOODS_3_764,11503,2.98
CA_1,FOODS_3_764,11504,2.98
CA_1,FOODS_3_764,11505,2.98
CA_1,FOODS_3_764,11506,2.98
CA_1,FOODS_3_764,11507,2.98
CA_1,FOODS_3_764,11508,2.98
CA_1,FOODS_3_764,11509,2.98
CA_1,FOODS_3_764,11510,2.98
CA_1,FOODS_3_764,11511,2.98
CA_1,FOODS_3_764,11512,2.98
CA_1,FOODS_3_764,11513,2.98
CA_1,FOODS_3_764,11514,2.98
CA_1,FOODS_3_764,11515,2.98
CA_1,FOODS_3_764,11516,2.98
CA_1,FOODS_3_764,11517,2.98
CA_1,FOODS_3_764,11518,2.98
CA_1,FOODS_3_764,11519,2.98
CA_1,FOODS_3_764,11520,2.98
CA_1,FOODS_3_764,11521,2.98
CA_1,FOODS_3_764,11522,2.98
CA_1,FOODS_3_764,11523,2.98
CA_1,FOODS_3_764,11524,2.98
CA_1,FOODS_3_764,11525,2.98
CA_1,FOODS_3_764,11526,2.98
CA_1,FOODS_3_764,11527,2.98
CA_1,FOODS_3_764,11528,2.98
CA_1,FOODS_3_764,11529,2.98
CA_1,FOODS_3_764,11530,2.98
CA_1,FOODS_3_764,11531,2.98
CA_1,FOODS_3_764,11532,2.98
CA_1,FOODS_3_764,11533,2.98
CA_1,FOODS_3_764,11534,2.98
CA_1,FOODS_3_764,11535,2.98
CA_1,FOODS_3_764,11536,2.98
CA_1,FOODS_3_764,11537,2.98
CA_1,FOODS_3_764,11538,2.98
CA_1,FOODS_3_764,11539,2.98
CA_1,FOODS_3_764,11540,2.98
CA_1,FOODS_3_764,11541,2.98
CA_1,FOODS_3_764,11542,2.98
CA_1,FOODS_3_764,11543,2.98
CA_1,FOODS_3_764,11544,2.98
CA_1,FOODS_3_764,11545,2.98
CA_1,FOODS_3_764,11546,2.98
CA_1,FOODS_3_764,11547,2.98
CA_1,FOODS_3_764,11548,2.98
CA_1,FOODS_3_764,11549,2.98
CA_1,FOODS_3_764,11550,2.98
CA_1,FOODS_3_764,11551,2.98
CA_1,FOODS_3_764,11552,2.98
CA_1,FOODS_3_764,11601,2.98
CA_1,FOODS_3_764,11602,2.98
CA_1,FOODS_3_764,11603,2.98
CA_1,FOODS_3_764,11604,2.98
CA_1,FOODS_3_764,11605,2.98
CA_1,FOODS_3_764,11606,2.98
CA_1,FOODS_3_764,11607,2.98
CA_1,FOODS_3_764,11608,2.98
CA_1,FOODS_3_764,11609,2.98
CA_1,FOODS_3_764,11610,2.98
CA_1,FOODS_3_764,11611,2.98
CA_1,FOODS_3_764,11612,2.98
CA_1,FOODS_3_764,11613,2.98
CA_1,FOODS_3_764,11614,2.98
CA_1,FOODS_3_764,11615,2.98
CA_1,FOODS_3_764,11616,2.98
CA_1,FOODS_3_764,11617,2.98
CA_1,FOODS_3_764,11618,2.98
CA_1,FOODS_3_764,11619,2.98
CA_1,FOODS_3_764,11620,2.98
CA_1,FOODS_3_764,11621,2.98
CA_1,FOODS_3_785,11101,3.0
CA_1,FOODS_3_785,11102,3.0
CA_1,FOODS_3_785,11103,3.28
CA_1,FOODS_3_785,11104,3.28
CA_1,FOODS_3_785,11105,3.28
CA_1,FOODS_3_785,11106,3.28
CA_1,FOODS_3_785,11107,3.28
CA_1,FOODS_3_785,11108,3.28
CA_1,FOODS_3_785,11109,3.28
CA_1,FOODS_3_785,11110,3.28
CA_1,FOODS_3_785,11111,3.28
CA_1,FOODS_3_785,11112,3.28
CA_1,FOODS_3_785,11113,3.28
CA_1,FOODS_3_785,11114,3.28
CA_1,FOODS_3_785,11115,3.28
CA_1,FOODS_3_785,11116,3.28
CA_1,FOODS_3_785,11117,3.28
CA_1,FOODS_3_785,11118,3.28
CA_1,FOODS_3_785,11119,3.28
CA_1,FOODS_3_785,11120,3.28
CA_1,FOODS_3_785,11121,3.28
CA_1,FOODS_3_785,11122,3.28
CA_1,FOODS_3_785,11123,3.28
CA_1,FOODS_3_785,11124,3.28
CA_1,FOODS_3_785,11125,3.28
CA_1,FOODS_3_785,11126,3.28
CA_1,FOODS_3_785,11127,3.28
CA_1,FOODS_3_785,11128,3.28
CA_1,FOODS_3_785,11129,3.28
CA_1,FOODS_3_785,11130,3.28
CA_1,FOODS_3_785,11131,3.28
CA_1,FOODS_3_785,11132,3.28
CA_1,FOODS_3_785,11133,3.28
CA_1,FOODS_3_785,11134,3.28
CA_1,FOODS_3_785,11135,3.28
CA_1,FOODS_3_785,11136,3.28
CA_1,FOODS_3_785,11137,3.28
CA_1,FOODS_3_785,11138,3.28
CA_1,FOODS_3_785,11139,3.98
CA_1,FOODS_3_785,11140,3.98
CA_1,FOODS_3_785,11141,3.98
CA_1,FOODS_3_785,11142,3.98
CA_1,FOODS_3_785,11143,3.98
CA_1,FOODS_3_785,11144,3.98
CA_1,FOODS_3_785,11145,3.98
CA_1,FOODS_3_785,11146,3.98
CA_1,FOODS_3_785,11147,3.98
CA_1,FOODS_3_785,11148,3.98
CA_1,FOODS_3_785,11149,3.98
CA_1,FOODS_3_785,11150,3.98
CA_1,FOODS_3_785,11151,3.98
CA_1,FOODS_3_785,11152,3.98
CA_1,FOODS_3_785,11201,3.98
CA_1,FOODS_3_785,11202,3.98
CA_1,FOODS_3_785,11203,3.34
CA_1,FOODS_3_785,11204,3.34
CA_1,FOODS_3_785,11205,3.34
CA_1,FOODS_3_785,11206,3.34
CA_1,FOODS_3_785,11207,3.34
CA_1,FOODS_3_785,11208,3.34
CA_1,FOODS_3_785,11209,3.34
CA_1,FOODS_3_785,11210,3.34
CA_1,FOODS_3_785,11211,3.34
CA_1,FOODS_3_785,11212,3.34
CA_1,FOODS_3_785,11213,3.34
CA_1,FOODS_3_785,11214,3.34
CA_1,FOODS_3_785,11215,3.34
CA_1,FOODS_3_785,11216,3.34
CA_1,FOODS_3_785,11217,3.34
CA_1,FOODS_3_785,11218,3.34
CA_1,FOODS_3_785,11219,3.34
CA_1,FOODS_3_785,11220,3.34
CA_1,FOODS_3_785,11221,3.34
CA_1,FOODS_3_785,11222,3.34
CA_1,FOODS_3_785,11223,3.34
CA_1,FOODS_3_785,11224,3.34
CA_1,FOODS_3_785,11225,3.34
CA_1,FOODS_3_785,11226,3.34
CA_1,FOODS_3_785,11227,3.34
CA_1,FOODS_3_785,11228,3.34
CA_1,FOODS_3_785,11229,3.34
CA_1,FOODS_3_785,11230,3.34
CA_1,FOODS_3_785,11231,3.34
CA_1,FOODS_3_785,11232,3.34
CA_1,FOODS_3_785,11233,3.34
CA_1,FOODS_3_785,11234,3.34
CA_1,FOODS_3_785,11235,3.34
CA_1,FOODS_3_785,11236,3.34
CA_1,FOODS_3_785,11237,3.34
CA_1,FOODS_3_785,11238,3.34
CA_1,FOODS_3_785,11239,3.34
CA_1,FOODS_3_785,11240,3.34
CA_1,FOODS_3_785,11241,3.34
CA_1,FOODS_3_785,11242,3.34
CA_1,FOODS_3_785,11243,3.34
CA_1,FOODS_3_785,11244,3.34
CA_1,FOODS_3_785,11245,3.34
CA_1,FOODS_3_785,11246,3.34
CA_1,FOODS_3_785,11247,3.34
CA_1,FOODS_3_785,11248,3.34
CA_1,FOODS_3_785,11249,3.34
CA_1,FOODS_3_785,11250,3.34
CA_1,FOODS_3_785,11251,3.34
CA_1,FOODS_3_785,11252,2.98
CA_1,FOODS_3_785,11301,2.98
CA_1,FOODS_3_785,11302,2.98
CA_1,FOODS_3_785,11303,2.98
CA_1,FOODS_3_785,11304,2.98
CA_1,FOODS_3_785,11305,2.98
CA_1,FOODS_3_785,11306,2.98
CA_1,FOODS_3_785,11307,2.98
CA_1,FOODS_3_785,11308,2.98
CA_1,FOODS_3_785,11309,2.98
CA_1,FOODS_3_785,11310,2.98
CA_1,FOODS_3_785,11311,2.98
CA_1,FOODS_3_785,11312,2.98
CA_1,FOODS_3_785,11313,2.98
CA_1,FOODS_3_785,11314,2.98
CA_1,FOODS_3_785,11315,2.98
CA_1,FOODS_3_785,11316,2.98
CA_1,FOODS_3_785,11317,2.98
CA_1,FOODS_3_785,11318,2.98
CA_1,FOODS_3_785,11319,2.98
CA_1,FOODS_3_785,11320,2.98
CA_1,FOODS_3_785,11321,2.98
CA_1,FOODS_3_785,11322,2.98
CA_1,FOODS_3_785,11323,2.98
CA_1,FOODS_3_785,11324,2.98
CA_1,FOODS_3_785,11325,2.98
CA_1,FOODS_3_785,11326,2.98
CA_1,FOODS_3_785,11327,2.98
CA_1,FOODS_3_785,11328,2.98
CA_1,FOODS_3_785,11329,2.98
CA_1,FOODS_3_785,11330,2.98
CA_1,FOODS_3_785,11331,2.98
CA_1,FOODS_3_785,11332,2.98
CA_1,FOODS_3_785,11333,2.98
CA_1,FOODS_3_785,11334,2.98
CA_1,FOODS_3_785,11335,2.98
CA_1,FOODS_3_785,11336,2.98
CA_1,FOODS_3_785,11337,2.98
CA_1,FOODS_3_785,11338,2.98
CA_1,FOODS_3_785,11339,2.98
CA_1,FOODS_3_785,11340,2.98
CA_1,FOODS_3_785,11341,2.98
CA_1,FOODS_3_785,11342,2.98
CA_1,FOODS_3_785,11343,2.98
CA_1,FOODS_3_785,11344,2.98
CA_1,FOODS_3_785,11345,2.98
CA_1,FOODS_3_785,11346,2.98
CA_1,FOODS_3_785,11347,2.98
CA_1,FOODS_3_785,11348,2.98
CA_1,FOODS_3_785,11349,2.98
CA_1,FOODS_3_785,11350,2.98
CA_1,FOODS_3_785,11351,2.98
CA_1,FOODS_3_785,11352,2.98
CA_1,FOODS_3_785,11353,2.98
CA_1,FOODS_3_785,11401,2.98
CA_1,FOODS_3_785,11402,2.98
CA_1,FOODS_3_785,11403,2.98
CA_1,FOODS_3_785,11404,2.98
CA_1,FOODS_3_785,11405,2.98
CA_1,FOODS_3_785,11406,2.98
CA_1,FOODS_3_785,11407,2.98
CA_1,FOODS_3_785,11408,2.98
CA_1,FOODS_3_785,11409,3.0
CA_1,FOODS_3_785,11410,3.0
CA_1,FOODS_3_785,11411,3.0
CA_1,FOODS_3_785,11412,3.0
CA_1,FOODS_3_785,11413,3.0
CA_1,FOODS_3_785,11414,3.0
CA_1,FOODS_3_785,11415,3.0
CA_1,FOODS_3_785,11416,3.0
CA_1,FOODS_3_785,11417,3.0
CA_1,FOODS_3_785,11418,3.0
CA_1,FOODS_3_785,11419,3.0
CA_1,FOODS_3_785,11420,3.0
CA_1,FOODS_3_785,11421,3.0
CA_1,FOODS_3_785,11422,3.0
CA_1,FOODS_3_785,11423,3.0
CA_1,FOODS_3_785,11424,3.0
CA_1,FOODS_3_785,11425,3.0
CA_1,FOODS_3_785,11426,3.0
CA_1,FOODS_3_785,11427,3.0
CA_1,FOODS_3_785,11428,3.0
CA_1,FOODS_3_785,11429,3.0
CA_1,FOODS_3_785,11430,3.0
CA_1,FOODS_3_785,11431,3.0
CA_1,FOODS_3_785,11432,3.0
CA_1,FOODS_3_785,11433,3.0
CA_1,FOODS_3_785,11434,3.0
CA_1,FOODS_3_785,11435,3.0
CA_1,FOODS_3_785,11436,3.0
CA_1,FOODS_3_785,11437,3.0
CA_1,FOODS_3_785,11438,3.0
CA_1,FOODS_3_785,11439,3.0
CA_1,FOODS_3_785,11440,3.0
CA_1,FOODS_3_785,11441,3.0
CA_1,FOODS_3_785,11442,3.0
CA_1,FOODS_3_785,11443,3.0
CA_1,FOODS_3_785,11444,3.0
CA_1,FOODS_3_785,11445,3.0
CA_1,FOODS_3_785,11446,3.0
CA_1,FOODS_3_785,11447,3.0
CA_1,FOODS_3_785,11448,3.0
CA_1,FOODS_3_785,11449,3.0
CA_1,FOODS_3_785,11450,3.0
CA_1,FOODS_3_785,11451,3.0
CA_1,FOODS_3_785,11452,3.0
CA_1,FOODS_3_785,11501,3.0
CA_1,FOODS_3_785,11502,3.0
CA_1,FOODS_3_785,11503,3.0
CA_1,FOODS_3_785,11504,3.0
CA_1,FOODS_3_785,11505,3.0
CA_1,FOODS_3_785,11506,3.0
CA_1,FOODS_3_785,11507,3.0
CA_1,FOODS_3_785,11508,3.0
CA_1,FOODS_3_785,11509,3.0
CA_1,FOODS_3_785,11510,3.0
CA_1,FOODS_3_785,11511,3.0
CA_1,FOODS_3_785,11512,3.0
CA_1,FOODS_3_785,11513,3.0
CA_1,FOODS_3_785,11514,3.0
CA_1,FOODS_3_785,11515,3.0
CA_1,FOODS_3_785,11516,3.0
CA_1,FOODS_3_785,11517,3.0
CA_1,FOODS_3_785,11518,3.0
CA_1,FOODS_3_785,11519,3.0
CA_1,FOODS_3_785,11520,3.0
CA_1,FOODS_3_785,11521,3.0
CA_1,FOODS_3_785,11522,3.0
CA_1,FOODS_3_785,11523,3.0
CA_1,FOODS_3_785,11524,3.0
CA_1,FOODS_3_785,11525,3.0
CA_1,FOODS_3_785,11526,3.0
CA_1,FOODS_3_785,11527,3.0
CA_1,FOODS_3_785,11528,3.0
CA_1,FOODS_3_785,11529,3.0
CA_1,FOODS_3_785,11530,3.0
CA_1,FOODS_3_785,11531,3.0
CA_1,FOODS_3_785,11532,3.0
CA_1,FOODS_3_785,11533,3.0
CA_1,FOODS_3_785,11534,3.0
CA_1,FOODS_3_785,11535,3.0
CA_1,FOODS_3_785,11536,3.0
CA_1,FOODS_3_785,11537,3.0
CA_1,FOODS_3_785,11538,3.0
CA_1,FOODS_3_785,11539,3.0
CA_1,FOODS_3_785,11540,3.0
CA_1,FOODS_3_785,11541,3.0
CA_1,FOODS_3_785,11542,3.0
CA_1,FOODS_3_785,11543,3.0
CA_1,FOODS_3_785,11544,3.0
CA_1,FOODS_3_785,11545,3.0
CA_1,FOODS_3_785,11546,3.0
CA_1,FOODS_3_785,11547,3.0
CA_1,FOODS_3_785,11548,3.0
CA_1,FOODS_3_785,11549,3.0
CA_1,FOODS_3_785,11550,3.0
CA_1,FOODS_3_785,11551,3.0
CA_1,FOODS_3_785,11552,3.0
CA_1,FOODS_3_785,11601,3.0
CA_1,FOODS_3_785,11602,3.0
CA_1,FOODS_3_785,11603,3.0
CA_1,FOODS_3_785,11604,3.0
CA_1,FOODS_3_785,11605,3.0
CA_1,FOODS_3_785,11606,3.0
CA_1,FOODS_3_785,11607,3.0
CA_1,FOODS_3_785,11608,3.0
CA_1,FOODS_3_785,11609,3.0
CA_1,FOODS_3_785,11610,3.0
CA_1,FOODS_3_785,11611,3.0
CA_1,FOODS_3_785,11612,3.0
CA_1,FOODS_3_785,11613,3.0
CA_1,FOODS_3_785,11614,3.0
CA_1,FOODS_3_785,11615,3.0
CA_1,FOODS_3_785,11616,3.0
CA_1,FOODS_3_785,11617,3.0
CA_1,FOODS_3_785,11618,3.0
CA_1,FOODS_3_785,11619,3.0
CA_1,FOODS_3_785,11620,3.0
CA_1,FOODS_3_785,11621,3.0
CA_1,FOODS_3_808,11101,1.0
CA_1,FOODS_3_808,11102,1.0
CA_1,FOODS_3_808,11103,1.0
CA_1,FOODS_3_808,11104,1.0
CA_1,FOODS_3_808,11105,1.0
CA_1,FOODS_3_808,11106,1.0
CA_1,FOODS_3_808,11107,1.0
CA_1,FOODS_3_808,11108,1.0
CA_1,FOODS_3_808,11109,1.0
CA_1,FOODS_3_808,11110,1.0
CA_1,FOODS_3_808,11111,1.0
CA_1,FOODS_3_808,11112,1.0
CA_1,FOODS_3_808,11113,1.0
CA_1,FOODS_3_808,11114,1.0
CA_1,FOODS_3_808,11115,1.0
CA_1,FOODS_3_808,11116,1.0
CA_1,FOODS_3_808,11117,1.0
CA_1,FOODS_3_808,11118,1.0
CA_1,FOODS_3_808,11119,1.0
CA_1,FOODS_3_808,11120,1.0
CA_1,FOODS_3_808,11121,1.0
CA_1,FOODS_3_808,11122,1.0
CA_1,FOODS_3_808,11123,1.0
CA_1,FOODS_3_808,11124,1.0
CA_1,FOODS_3_808,11125,1.0
CA_1,FOODS_3_808,11126,1.0
CA_1,FOODS_3_808,11127,1.0
CA_1,FOODS_3_808,11128,1.0
CA_1,FOODS_3_808,11129,1.0
CA_1,FOODS_3_808,11130,1.0
CA_1,FOODS_3_808,11131,1.0
CA_1,FOODS_3_808,11132,1.0
CA_1,FOODS_3_808,11133,1.0
CA_1,FOODS_3_808,11134,1.0
CA_1,FOODS_3_808,11135,1.0
CA_1,FOODS_3_808,11136,1.0
CA_1,FOODS_3_808,11137,1.0
CA_1,FOODS_3_808,11138,1.0
CA_1,FOODS_3_808,11139,1.0
CA_1,FOODS_3_808,11140,1.0
CA_1,FOODS_3_808,11141,1.06
CA_1,FOODS_3_808,11142,1.06
CA_1,FOODS_3_808,11143,1.0
CA_1,FOODS_3_808,11144,1.0
CA_1,FOODS_3_808,11145,1.0
CA_1,FOODS_3_808,11146,1.0
CA_1,FOODS_3_808,11147,1.0
CA_1,FOODS_3_808,11148,1.0
CA_1,FOODS_3_808,11149,1.0
CA_1,FOODS_3_808,11150,1.0
CA_1,FOODS_3_808,11151,1.0
CA_1,FOODS_3_808,11152,1.0
CA_1,FOODS_3_808,11201,1.0
CA_1,FOODS_3_808,11202,1.06
CA_1,FOODS_3_808,11203,1.0
CA_1,FOODS_3_808,11204,1.0
CA_1,FOODS_3_808,11205,1.0
CA_1,FOODS_3_808,11206,1.0
CA_1,FOODS_3_808,11207,1.0
CA_1,FOODS_3_808,11208,1.0
CA_1,FOODS_3_808,11209,1.0
CA_1,FOODS_3_808,11210,1.0
CA_1,FOODS_3_808,11211,1.0
CA_1,FOODS_3_808,11212,1.0
CA_1,FOODS_3_808,11213,1.0
CA_1,FOODS_3_808,11214,1.0
CA_1,FOODS_3_808,11215,1.0
CA_1,FOODS_3_808,11216,1.0
CA_1,FOODS_3_808,11217,1.0
CA_1,FOODS_3_808,11218,1.0
CA_1,FOODS_3_808,11219,1.0
CA_1,FOODS_3_808,11220,1.0
CA_1,FOODS_3_808,11221,1.0
CA_1,FOODS_3_808,11222,1.0
CA_1,FOODS_3_808,11223,1.0
CA_1,FOODS_3_808,11224,1.0
CA_1,FOODS_3_808,11225,1.0
CA_1,FOODS_3_808,11226,1.0
CA_1,FOODS_3_808,11227,1.0
CA_1,FOODS_3_808,11228,1.0
CA_1,FOODS_3_808,11229,1.0
CA_1,FOODS_3_808,11230,1.0
CA_1,FOODS_3_808,11231,1.0
CA_1,FOODS_3_808,11232,1.0
CA_1,FOODS_3_808,11233,1.0
CA_1,FOODS_3_808,11234,1.0
CA_1,FOODS_3_808,11235,1.0
CA_1,FOODS_3_808,11236,1.0
CA_1,FOODS_3_808,11237,1.0
CA_1,FOODS_3_808,11238,1.0
CA_1,FOODS_3_808,11239,1.0
CA_1,FOODS_3_808,11240,1.0
CA_1,FOODS_3_808,11241,1.0
CA_1,FOODS_3_808,11242,1.0
CA_1,FOODS_3_808,11243,1.0
CA_1,FOODS_3_808,11244,1.0
CA_1,FOODS_3_808,11245,1.0
CA_1,FOODS_3_808,11246,1.0
CA_1,FOODS_3_808,11247,1.0
CA_1,FOODS_3_808,11248,1.0
CA_1,FOODS_3_808,11249,1.0
CA_1,FOODS_3_808,11250,1.0
CA_1,FOODS_3_808,11251,1.0
CA_1,FOODS_3_808,11252,1.0
CA_1,FOODS_3_808,11301,1.0
CA_1,FOODS_3_808,11302,1.0
CA_1,FOODS_3_808,11303,1.0
CA_1,FOODS_3_808,11304,1.0
CA_1,FOODS_3_808,11305,1.0
CA_1,FOODS_3_808,11306,1.0
CA_1,FOODS_3_808,11307,1.0
CA_1,FOODS_3_808,11308,1.0
CA_1,FOODS_3_808,11309,1.0
CA_1,FOODS_3_808,11310,1.0
CA_1,FOODS_3_808,11311,1.0
CA_1,FOODS_3_808,11312,1.0
CA_1,FOODS_3_808,11313,1.0
CA_1,FOODS_3_808,11314,1.0
CA_1,FOODS_3_808,11315,1.0
CA_1,FOODS_3_808,11316,1.0
CA_1,FOODS_3_808,11317,1.0
CA_1,FOODS_3_808,11318,1.0
CA_1,FOODS_3_808,11319,1.0
CA_1,FOODS_3_808,11320,1.0
CA_1,FOODS_3_808,11321,1.0
CA_1,FOODS_3_808,11322,1.0
CA_1,FOODS_3_808,11323,1.0
CA_1,FOODS_3_808,11324,1.0
CA_1,FOODS_3_808,11325,1.0
CA_1,FOODS_3_808,11326,1.0
CA_1,FOODS_3_808,11327,1.0
CA_1,FOODS_3_808,11328,1.0
CA_1,FOODS_3_808,11329,1.0
CA_1,FOODS_3_808,11330,1.0
CA_1,FOODS_3_808,11331,1.0
CA_1,FOODS_3_808,11332,1.0
CA_1,FOODS_3_808,11333,1.0
CA_1,FOODS_3_808,11334,1.0
CA_1,FOODS_3_808,11335,1.0
CA_1,FOODS_3_808,11336,1.0
CA_1,FOODS_3_808,11337,1.0
CA_1,FOODS_3_808,11338,1.0
CA_1,FOODS_3_808,11339,1.0
CA_1,FOODS_3_808,11340,1.0
CA_1,FOODS_3_808,11341,1.0
CA_1,FOODS_3_808,11342,1.0
CA_1,FOODS_3_808,11343,1.0
CA_1,FOODS_3_808,11344,1.0
CA_1,FOODS_3_808,11345,1.0
CA_1,FOODS_3_808,11346,1.0
CA_1,FOODS_3_808,11347,1.0
CA_1,FOODS_3_808,11348,1.0
CA_1,FOODS_3_808,11349,1.0
CA_1,FOODS_3_808,11350,1.0
CA_1,FOODS_3_808,11351,1.0
CA_1,FOODS_3_808,11352,1.0
CA_1,FOODS_3_808,11353,1.0
CA_1,FOODS_3_808,11401,1.0
CA_1,FOODS_3_808,11402,1.0
CA_1,FOODS_3_808,11403,1.0
CA_1,FOODS_3_808,11404,1.0
CA_1,FOODS_3_808,11405,1.0
CA_1,FOODS_3_808,11406,1.0
CA_1,FOODS_3_808,11407,1.0
CA_1,FOODS_3_808,11408,1.0
CA_1,FOODS_3_808,11409,1.0
CA_1,FOODS_3_808,11410,1.0
CA_1,FOODS_3_808,11411,1.0
CA_1,FOODS_3_808,11412,1.0
CA_1,FOODS_3_808,11413,1.0
CA_1,FOODS_3_808,11414,1.0
CA_1,FOODS_3_808,11415,1.0
CA_1,FOODS_3_808,11416,1.0
CA_1,FOODS_3_808,11417,1.0
CA_1,FOODS_3_808,11418,1.0
CA_1,FOODS_3_808,11419,1.0
CA_1,FOODS_3_808,11420,1.0
CA_1,FOODS_3_808,11421,1.0
CA_1,FOODS_3_808,11422,1.0
CA_1,FOODS_3_808,11423,1.0
CA_1,FOODS_3_808,11424,1.0
CA_1,FOODS_3_808,11425,1.0
CA_1,FOODS_3_808,11426,1.0
CA_1,FOODS_3_808,11427,1.0
CA_1,FOODS_3_808,11428,1.0
CA_1,FOODS_3_808,11429,1.0
CA_1,FOODS_3_808,11430,1.0
CA_1,FOODS_3_808,11431,1.0
CA_1,FOODS_3_808,11432,1.0
CA_1,FOODS_3_808,11433,1.0
CA_1,FOODS_3_808,11434,1.0
CA_1,FOODS_3_808,11435,1.0
CA_1,FOODS_3_808,11436,1.0
CA_1,FOODS_3_808,11437,1.0
CA_1,FOODS_3_808,11438,1.0
CA_1,FOODS_3_808,11439,1.0
CA_1,FOODS_3_808,11440,1.0
CA_1,FOODS_3_808,11441,1.0
CA_1,FOODS_3_808,11442,1.0
CA_1,FOODS_3_808,11443,1.0
CA_1,FOODS_3_808,11444,1.0
CA_1,FOODS_3_808,11445,1.0
CA_1,FOODS_3_808,11446,1.0
CA_1,FOODS_3_808,11447,1.0
CA_1,FOODS_3_808,11448,1.0
CA_1,FOODS_3_808,11449,1.0
CA_1,FOODS_3_808,11450,1.0
CA_1,FOODS_3_808,11451,1.0
CA_1,FOODS_3_808,11452,1.0
CA_1,FOODS_3_808,11501,1.0
CA_1,FOODS_3_808,11502,1.0
CA_1,FOODS_3_808,11503,1.0
CA_1,FOODS_3_808,11504,1.0
CA_1,FOODS_3_808,11505,1.0
CA_1,FOODS_3_808,11506,1.0
CA_1,FOODS_3_808,11507,1.0
CA_1,FOODS_3_808,11508,1.0
CA_1,FOODS_3_808,11509,1.0
CA_1,FOODS_3_808,11510,1.0
CA_1,FOODS_3_808,11511,1.0
CA_1,FOODS_3_808,11512,1.0
CA_1,FOODS_3_808,11513,1.0
CA_1,FOODS_3_808,11514,1.0
CA_1,FOODS_3_808,11515,1.0
CA_1,FOODS_3_808,11516,1.0
CA_1,FOODS_3_808,11517,1.0
CA_1,FOODS_3_808,11518,1.0
CA_1,FOODS_3_808,11519,1.0
CA_1,FOODS_3_808,11520,1.0
CA_1,FOODS_3_808,11521,1.0
CA_1,FOODS_3_808,11522,1.0
CA_1,FOODS_3_808,11523,1.0
CA_1,FOODS_3_808,11524,1.0
CA_1,FOODS_3_808,11525,1.0
CA_1,FOODS_3_808,11526,1.0
CA_1,FOODS_3_808,11527,1.0
CA_1,FOODS_3_808,11528,1.0
CA_1,FOODS_3_808,11529,1.0
CA_1,FOODS_3_808,11530,1.0
CA_1,FOODS_3_808,11531,1.0
CA_1,FOODS_3_808,11532,1.0
CA_1,FOODS_3_808,11533,1.0
CA_1,FOODS_3_808,11534,1.0
CA_1,FOODS_3_808,11535,1.0
CA_1,FOODS_3_808,11536,1.0
CA_1,FOODS_3_808,11537,1.0
CA_1,FOODS_3_808,11538,1.0
CA_1,FOODS_3_808,11539,1.0
CA_1,FOODS_3_808,11540,1.0
CA_1,FOODS_3_808,11541,1.0
CA_1,FOODS_3_808,11542,1.0
CA_1,FOODS_3_808,11543,1.0
CA_1,FOODS_3_808,11544,1.0
CA_1,FOODS_3_808,11545,1.0
CA_1,FOODS_3_808,11546,1.0
CA_1,FOODS_3_808,11547,1.0
CA_1,FOODS_3_808,11548,1.0
CA_1,FOODS_3_808,11549,1.0
CA_1,FOODS_3_808,11550,1.0
CA_1,FOODS_3_808,11551,1.0
CA_1,FOODS_3_808,11552,1.0
CA_1,FOODS_3_808,11601,1.0
CA_1,FOODS_3_808,11602,1.0
CA_1,FOODS_3_808,11603,1.0
CA_1,FOODS_3_808,11604,1.0
CA_1,FOODS_3_808,11605,1.0
CA_1,FOODS_3_808,11606,1.0
CA_1,FOODS_3_808,11607,1.0
CA_1,FOODS_3_808,11608,1.0
CA_1,FOODS_3_808,11609,1.0
CA_1,FOODS_3_808,11610,1.0
CA_1,FOODS_3_808,11611,1.0
CA_1,FOODS_3_808,11612,1.0
CA_1,FOODS_3_808,11613,1.0
CA_1,FOODS_3_808,11614,1.0
CA_1,FOODS_3_808,11615,1.0
CA_1,FOODS_3_808,11616,1.0
CA_1,FOODS_3_808,11617,1.0
CA_1,FOODS_3_808,11618,1.0
CA_1,FOODS_3_808,11619,1.0
CA_1,FOODS_3_808,11620,1.0
CA_1,FOODS_3_808,11621,1.0
